2026-06-28 10:29:03 INFO            _                _                      
2026-06-28 10:29:03 INFO           / \   ___ ___ ___| | ___ _ __ __ _ _   _ 
2026-06-28 10:29:03 INFO          / _ \ / __/ __/ _ \ |/ _ \ '__/ _` | | | |
2026-06-28 10:29:03 INFO         / ___ \ (_| (_|  __/ |  __/ | | (_| | |_| |
2026-06-28 10:29:03 INFO        /_/   \_\___\___\___|_|\___|_|  \__, |\__, |
2026-06-28 10:29:03 INFO                                        |___/ |___/ 
2026-06-28 10:29:03 INFO        generating outputs according to the following specified output flags... 
2026-06-28 10:29:03 INFO         Please use the -f flag to update the preference (default to all output files)
2026-06-28 10:29:03 INFO        {'ERT': 1, 'ERT_summary': 1, 'ART': 1, 'ART_summary': 1, 'energy_estimation': 1, 'flattened_arch': 1}
2026-06-28 10:29:03 INFO        Located config file at /root/.config/accelergy/accelergy_config.yaml.
2026-06-28 10:29:03 INFO        config file located:
2026-06-28 10:29:03 INFO        /root/.config/accelergy/accelergy_config.yaml
2026-06-28 10:29:03 INFO        Parsing file /app/Examples/AlexNet_Simba/simba_like/arch/simba_like.yaml for architecture info
2026-06-28 10:29:03 WARNING     File /app/Examples/AlexNet_Simba/simba_like/arch/simba_like.yaml is outdated. File version is 0.3, while the latest version is 0.4. 
2026-06-28 10:29:03 WARNING      Please update the file to the latest version.
2026-06-28 10:29:03 WARNING     Evaluation of "45nm" failed.
2026-06-28 10:29:03 WARNING     Failed to evaluate: 45nm
2026-06-28 10:29:03 WARNING     Location: arch attribute "technology"
2026-06-28 10:29:03 WARNING     Problem encountered: SyntaxError: invalid decimal literal (<string>, line 1)
2026-06-28 10:29:03 WARNING     Available bindings: 
2026-06-28 10:29:03 WARNING     	datawidth = 16
2026-06-28 10:29:03 WARNING     	word-bits = 16
2026-06-28 10:29:03 WARNING     Failed to evaluate: 45nm
2026-06-28 10:29:03 WARNING     Location: arch attribute "technology"
2026-06-28 10:29:03 WARNING     Problem encountered: SyntaxError: invalid decimal literal (<string>, line 1)
2026-06-28 10:29:03 WARNING     Please ensure that the expression used is a valid Python expression.
2026-06-28 10:29:03 WARNING     The following may have been used in the expression:
2026-06-28 10:29:03 WARNING     	nm = UNDEFINED
2026-06-28 10:29:03 WARNING     Strings are allowed here. If you meant to enter a string, please wrap the
2026-06-28 10:29:03 WARNING     expression in single or double quotes:
2026-06-28 10:29:03 WARNING         Found expression: 45nm
2026-06-28 10:29:03 WARNING         Expression as valid string: "45nm"
2026-06-28 10:29:03 WARNING     Expression will be treated as a string. This will be deprecated in version
2026-06-28 10:29:03 WARNING     0.4. Please wrap quotes around the expression to specify a string.
2026-06-28 10:29:03 WARNING     Evaluation of "0.5ns" failed.
2026-06-28 10:29:03 WARNING     Failed to evaluate: 0.5ns
2026-06-28 10:29:03 WARNING     Location: arch attribute "latency"
2026-06-28 10:29:03 WARNING     Problem encountered: SyntaxError: invalid decimal literal (<string>, line 1)
2026-06-28 10:29:03 WARNING     Available bindings: 
2026-06-28 10:29:03 WARNING     	datawidth = 16
2026-06-28 10:29:03 WARNING     	word-bits = 16
2026-06-28 10:29:03 WARNING     	technology = 45nm
2026-06-28 10:29:03 WARNING     Failed to evaluate: 0.5ns
2026-06-28 10:29:03 WARNING     Location: arch attribute "latency"
2026-06-28 10:29:03 WARNING     Problem encountered: SyntaxError: invalid decimal literal (<string>, line 1)
2026-06-28 10:29:03 WARNING     Please ensure that the expression used is a valid Python expression.
2026-06-28 10:29:03 WARNING     The following may have been used in the expression:
2026-06-28 10:29:03 WARNING     	ns = UNDEFINED
2026-06-28 10:29:03 WARNING     Strings are allowed here. If you meant to enter a string, please wrap the
2026-06-28 10:29:03 WARNING     expression in single or double quotes:
2026-06-28 10:29:03 WARNING         Found expression: 0.5ns
2026-06-28 10:29:03 WARNING         Expression as valid string: "0.5ns"
2026-06-28 10:29:03 WARNING     Expression will be treated as a string. This will be deprecated in version
2026-06-28 10:29:03 WARNING     0.4. Please wrap quotes around the expression to specify a string.
2026-06-28 10:29:03 WARNING     Evaluation of "45nm" failed.
2026-06-28 10:29:03 WARNING     Failed to evaluate: 45nm
2026-06-28 10:29:03 WARNING     Location: arch attribute "technology"
2026-06-28 10:29:03 WARNING     Problem encountered: SyntaxError: invalid decimal literal (<string>, line 1)
2026-06-28 10:29:03 WARNING     Available bindings: 
2026-06-28 10:29:03 WARNING     	datawidth = 16
2026-06-28 10:29:03 WARNING     	word-bits = 16
2026-06-28 10:29:03 WARNING     Failed to evaluate: 45nm
2026-06-28 10:29:03 WARNING     Location: arch attribute "technology"
2026-06-28 10:29:03 WARNING     Problem encountered: SyntaxError: invalid decimal literal (<string>, line 1)
2026-06-28 10:29:03 WARNING     Please ensure that the expression used is a valid Python expression.
2026-06-28 10:29:03 WARNING     The following may have been used in the expression:
2026-06-28 10:29:03 WARNING     	nm = UNDEFINED
2026-06-28 10:29:03 WARNING     Strings are allowed here. If you meant to enter a string, please wrap the
2026-06-28 10:29:03 WARNING     expression in single or double quotes:
2026-06-28 10:29:03 WARNING         Found expression: 45nm
2026-06-28 10:29:03 WARNING         Expression as valid string: "45nm"
2026-06-28 10:29:03 WARNING     Expression will be treated as a string. This will be deprecated in version
2026-06-28 10:29:03 WARNING     0.4. Please wrap quotes around the expression to specify a string.
2026-06-28 10:29:03 WARNING     Evaluation of "0.5ns" failed.
2026-06-28 10:29:03 WARNING     Failed to evaluate: 0.5ns
2026-06-28 10:29:03 WARNING     Location: arch attribute "latency"
2026-06-28 10:29:03 WARNING     Problem encountered: SyntaxError: invalid decimal literal (<string>, line 1)
2026-06-28 10:29:03 WARNING     Available bindings: 
2026-06-28 10:29:03 WARNING     	datawidth = 16
2026-06-28 10:29:03 WARNING     	word-bits = 16
2026-06-28 10:29:03 WARNING     	technology = 45nm
2026-06-28 10:29:03 WARNING     Failed to evaluate: 0.5ns
2026-06-28 10:29:03 WARNING     Location: arch attribute "latency"
2026-06-28 10:29:03 WARNING     Problem encountered: SyntaxError: invalid decimal literal (<string>, line 1)
2026-06-28 10:29:03 WARNING     Please ensure that the expression used is a valid Python expression.
2026-06-28 10:29:03 WARNING     The following may have been used in the expression:
2026-06-28 10:29:03 WARNING     	ns = UNDEFINED
2026-06-28 10:29:03 WARNING     Strings are allowed here. If you meant to enter a string, please wrap the
2026-06-28 10:29:03 WARNING     expression in single or double quotes:
2026-06-28 10:29:03 WARNING         Found expression: 0.5ns
2026-06-28 10:29:03 WARNING         Expression as valid string: "0.5ns"
2026-06-28 10:29:03 WARNING     Expression will be treated as a string. This will be deprecated in version
2026-06-28 10:29:03 WARNING     0.4. Please wrap quotes around the expression to specify a string.
2026-06-28 10:29:03 INFO        Calculated arch attribute "global_cycle_seconds" as "0.5e-9" = 5e-10.
2026-06-28 10:29:03 WARNING     Evaluation of "45nm" failed.
2026-06-28 10:29:03 WARNING     Failed to evaluate: 45nm
2026-06-28 10:29:03 WARNING     Location: arch attribute "technology"
2026-06-28 10:29:03 WARNING     Problem encountered: SyntaxError: invalid decimal literal (<string>, line 1)
2026-06-28 10:29:03 WARNING     Available bindings: 
2026-06-28 10:29:03 WARNING     	datawidth = 16
2026-06-28 10:29:03 WARNING     	word-bits = 16
2026-06-28 10:29:03 WARNING     Failed to evaluate: 45nm
2026-06-28 10:29:03 WARNING     Location: arch attribute "technology"
2026-06-28 10:29:03 WARNING     Problem encountered: SyntaxError: invalid decimal literal (<string>, line 1)
2026-06-28 10:29:03 WARNING     Please ensure that the expression used is a valid Python expression.
2026-06-28 10:29:03 WARNING     The following may have been used in the expression:
2026-06-28 10:29:03 WARNING     	nm = UNDEFINED
2026-06-28 10:29:03 WARNING     Strings are allowed here. If you meant to enter a string, please wrap the
2026-06-28 10:29:03 WARNING     expression in single or double quotes:
2026-06-28 10:29:03 WARNING         Found expression: 45nm
2026-06-28 10:29:03 WARNING         Expression as valid string: "45nm"
2026-06-28 10:29:03 WARNING     Expression will be treated as a string. This will be deprecated in version
2026-06-28 10:29:03 WARNING     0.4. Please wrap quotes around the expression to specify a string.
2026-06-28 10:29:03 WARNING     Evaluation of "0.5ns" failed.
2026-06-28 10:29:03 WARNING     Failed to evaluate: 0.5ns
2026-06-28 10:29:03 WARNING     Location: arch attribute "latency"
2026-06-28 10:29:03 WARNING     Problem encountered: SyntaxError: invalid decimal literal (<string>, line 1)
2026-06-28 10:29:03 WARNING     Available bindings: 
2026-06-28 10:29:03 WARNING     	datawidth = 16
2026-06-28 10:29:03 WARNING     	word-bits = 16
2026-06-28 10:29:03 WARNING     	technology = 45nm
2026-06-28 10:29:03 WARNING     Failed to evaluate: 0.5ns
2026-06-28 10:29:03 WARNING     Location: arch attribute "latency"
2026-06-28 10:29:03 WARNING     Problem encountered: SyntaxError: invalid decimal literal (<string>, line 1)
2026-06-28 10:29:03 WARNING     Please ensure that the expression used is a valid Python expression.
2026-06-28 10:29:03 WARNING     The following may have been used in the expression:
2026-06-28 10:29:03 WARNING     	ns = UNDEFINED
2026-06-28 10:29:03 WARNING     Strings are allowed here. If you meant to enter a string, please wrap the
2026-06-28 10:29:03 WARNING     expression in single or double quotes:
2026-06-28 10:29:03 WARNING         Found expression: 0.5ns
2026-06-28 10:29:03 WARNING         Expression as valid string: "0.5ns"
2026-06-28 10:29:03 WARNING     Expression will be treated as a string. This will be deprecated in version
2026-06-28 10:29:03 WARNING     0.4. Please wrap quotes around the expression to specify a string.
2026-06-28 10:29:03 WARNING     Evaluation of "45nm" failed.
2026-06-28 10:29:03 WARNING     Failed to evaluate: 45nm
2026-06-28 10:29:03 WARNING     Location: arch attribute "technology"
2026-06-28 10:29:03 WARNING     Problem encountered: SyntaxError: invalid decimal literal (<string>, line 1)
2026-06-28 10:29:03 WARNING     Available bindings: 
2026-06-28 10:29:03 WARNING     	memory_depth = 1024
2026-06-28 10:29:03 WARNING     	memory_width = 128
2026-06-28 10:29:03 WARNING     	word-bits = 16
2026-06-28 10:29:03 WARNING     	cluster-size = 1
2026-06-28 10:29:03 WARNING     	meshX = 16
2026-06-28 10:29:03 WARNING     	datawidth = 16
2026-06-28 10:29:03 WARNING     Failed to evaluate: 45nm
2026-06-28 10:29:03 WARNING     Location: arch attribute "technology"
2026-06-28 10:29:03 WARNING     Problem encountered: SyntaxError: invalid decimal literal (<string>, line 1)
2026-06-28 10:29:03 WARNING     Please ensure that the expression used is a valid Python expression.
2026-06-28 10:29:03 WARNING     The following may have been used in the expression:
2026-06-28 10:29:03 WARNING     	nm = UNDEFINED
2026-06-28 10:29:03 WARNING     Strings are allowed here. If you meant to enter a string, please wrap the
2026-06-28 10:29:03 WARNING     expression in single or double quotes:
2026-06-28 10:29:03 WARNING         Found expression: 45nm
2026-06-28 10:29:03 WARNING         Expression as valid string: "45nm"
2026-06-28 10:29:03 WARNING     Expression will be treated as a string. This will be deprecated in version
2026-06-28 10:29:03 WARNING     0.4. Please wrap quotes around the expression to specify a string.
2026-06-28 10:29:03 WARNING     Evaluation of "0.5ns" failed.
2026-06-28 10:29:03 WARNING     Failed to evaluate: 0.5ns
2026-06-28 10:29:03 WARNING     Location: arch attribute "latency"
2026-06-28 10:29:03 WARNING     Problem encountered: SyntaxError: invalid decimal literal (<string>, line 1)
2026-06-28 10:29:03 WARNING     Available bindings: 
2026-06-28 10:29:03 WARNING     	memory_depth = 1024
2026-06-28 10:29:03 WARNING     	memory_width = 128
2026-06-28 10:29:03 WARNING     	word-bits = 16
2026-06-28 10:29:03 WARNING     	cluster-size = 1
2026-06-28 10:29:03 WARNING     	meshX = 16
2026-06-28 10:29:03 WARNING     	datawidth = 16
2026-06-28 10:29:03 WARNING     	technology = 45nm
2026-06-28 10:29:03 WARNING     Failed to evaluate: 0.5ns
2026-06-28 10:29:03 WARNING     Location: arch attribute "latency"
2026-06-28 10:29:03 WARNING     Problem encountered: SyntaxError: invalid decimal literal (<string>, line 1)
2026-06-28 10:29:03 WARNING     Please ensure that the expression used is a valid Python expression.
2026-06-28 10:29:03 WARNING     The following may have been used in the expression:
2026-06-28 10:29:03 WARNING     	ns = UNDEFINED
2026-06-28 10:29:03 WARNING     Strings are allowed here. If you meant to enter a string, please wrap the
2026-06-28 10:29:03 WARNING     expression in single or double quotes:
2026-06-28 10:29:03 WARNING         Found expression: 0.5ns
2026-06-28 10:29:03 WARNING         Expression as valid string: "0.5ns"
2026-06-28 10:29:03 WARNING     Expression will be treated as a string. This will be deprecated in version
2026-06-28 10:29:03 WARNING     0.4. Please wrap quotes around the expression to specify a string.
2026-06-28 10:29:03 WARNING     Evaluation of "45nm" failed.
2026-06-28 10:29:03 WARNING     Failed to evaluate: 45nm
2026-06-28 10:29:03 WARNING     Location: arch attribute "technology"
2026-06-28 10:29:03 WARNING     Problem encountered: SyntaxError: invalid decimal literal (<string>, line 1)
2026-06-28 10:29:03 WARNING     Available bindings: 
2026-06-28 10:29:03 WARNING     	memory_depth = 512
2026-06-28 10:29:03 WARNING     	memory_width = 128
2026-06-28 10:29:03 WARNING     	word-bits = 16
2026-06-28 10:29:03 WARNING     	meshX = 16
2026-06-28 10:29:03 WARNING     	cluster-size = 1
2026-06-28 10:29:03 WARNING     	n_banks = 1
2026-06-28 10:29:03 WARNING     	datawidth = 16
2026-06-28 10:29:03 WARNING     Failed to evaluate: 45nm
2026-06-28 10:29:03 WARNING     Location: arch attribute "technology"
2026-06-28 10:29:03 WARNING     Problem encountered: SyntaxError: invalid decimal literal (<string>, line 1)
2026-06-28 10:29:03 WARNING     Please ensure that the expression used is a valid Python expression.
2026-06-28 10:29:03 WARNING     The following may have been used in the expression:
2026-06-28 10:29:03 WARNING     	nm = UNDEFINED
2026-06-28 10:29:03 WARNING     Strings are allowed here. If you meant to enter a string, please wrap the
2026-06-28 10:29:03 WARNING     expression in single or double quotes:
2026-06-28 10:29:03 WARNING         Found expression: 45nm
2026-06-28 10:29:03 WARNING         Expression as valid string: "45nm"
2026-06-28 10:29:03 WARNING     Expression will be treated as a string. This will be deprecated in version
2026-06-28 10:29:03 WARNING     0.4. Please wrap quotes around the expression to specify a string.
2026-06-28 10:29:03 WARNING     Evaluation of "0.5ns" failed.
2026-06-28 10:29:03 WARNING     Failed to evaluate: 0.5ns
2026-06-28 10:29:03 WARNING     Location: arch attribute "latency"
2026-06-28 10:29:03 WARNING     Problem encountered: SyntaxError: invalid decimal literal (<string>, line 1)
2026-06-28 10:29:03 WARNING     Available bindings: 
2026-06-28 10:29:03 WARNING     	memory_depth = 512
2026-06-28 10:29:03 WARNING     	memory_width = 128
2026-06-28 10:29:03 WARNING     	word-bits = 16
2026-06-28 10:29:03 WARNING     	meshX = 16
2026-06-28 10:29:03 WARNING     	cluster-size = 1
2026-06-28 10:29:03 WARNING     	n_banks = 1
2026-06-28 10:29:03 WARNING     	datawidth = 16
2026-06-28 10:29:03 WARNING     	technology = 45nm
2026-06-28 10:29:03 WARNING     Failed to evaluate: 0.5ns
2026-06-28 10:29:03 WARNING     Location: arch attribute "latency"
2026-06-28 10:29:03 WARNING     Problem encountered: SyntaxError: invalid decimal literal (<string>, line 1)
2026-06-28 10:29:03 WARNING     Please ensure that the expression used is a valid Python expression.
2026-06-28 10:29:03 WARNING     The following may have been used in the expression:
2026-06-28 10:29:03 WARNING     	ns = UNDEFINED
2026-06-28 10:29:03 WARNING     Strings are allowed here. If you meant to enter a string, please wrap the
2026-06-28 10:29:03 WARNING     expression in single or double quotes:
2026-06-28 10:29:03 WARNING         Found expression: 0.5ns
2026-06-28 10:29:03 WARNING         Expression as valid string: "0.5ns"
2026-06-28 10:29:03 WARNING     Expression will be treated as a string. This will be deprecated in version
2026-06-28 10:29:03 WARNING     0.4. Please wrap quotes around the expression to specify a string.
2026-06-28 10:29:03 WARNING     Evaluation of "45nm" failed.
2026-06-28 10:29:03 WARNING     Failed to evaluate: 45nm
2026-06-28 10:29:03 WARNING     Location: arch attribute "technology"
2026-06-28 10:29:03 WARNING     Problem encountered: SyntaxError: invalid decimal literal (<string>, line 1)
2026-06-28 10:29:03 WARNING     Available bindings: 
2026-06-28 10:29:03 WARNING     	memory_depth = 64
2026-06-28 10:29:03 WARNING     	memory_width = 64
2026-06-28 10:29:03 WARNING     	cluster-size = 1
2026-06-28 10:29:03 WARNING     	word-bits = 32
2026-06-28 10:29:03 WARNING     	meshX = 16
2026-06-28 10:29:03 WARNING     	datawidth = 16
2026-06-28 10:29:03 WARNING     Failed to evaluate: 45nm
2026-06-28 10:29:03 WARNING     Location: arch attribute "technology"
2026-06-28 10:29:03 WARNING     Problem encountered: SyntaxError: invalid decimal literal (<string>, line 1)
2026-06-28 10:29:03 WARNING     Please ensure that the expression used is a valid Python expression.
2026-06-28 10:29:03 WARNING     The following may have been used in the expression:
2026-06-28 10:29:03 WARNING     	nm = UNDEFINED
2026-06-28 10:29:03 WARNING     Strings are allowed here. If you meant to enter a string, please wrap the
2026-06-28 10:29:03 WARNING     expression in single or double quotes:
2026-06-28 10:29:03 WARNING         Found expression: 45nm
2026-06-28 10:29:03 WARNING         Expression as valid string: "45nm"
2026-06-28 10:29:03 WARNING     Expression will be treated as a string. This will be deprecated in version
2026-06-28 10:29:03 WARNING     0.4. Please wrap quotes around the expression to specify a string.
2026-06-28 10:29:03 WARNING     Evaluation of "0.5ns" failed.
2026-06-28 10:29:03 WARNING     Failed to evaluate: 0.5ns
2026-06-28 10:29:03 WARNING     Location: arch attribute "latency"
2026-06-28 10:29:03 WARNING     Problem encountered: SyntaxError: invalid decimal literal (<string>, line 1)
2026-06-28 10:29:03 WARNING     Available bindings: 
2026-06-28 10:29:03 WARNING     	memory_depth = 64
2026-06-28 10:29:03 WARNING     	memory_width = 64
2026-06-28 10:29:03 WARNING     	cluster-size = 1
2026-06-28 10:29:03 WARNING     	word-bits = 32
2026-06-28 10:29:03 WARNING     	meshX = 16
2026-06-28 10:29:03 WARNING     	datawidth = 16
2026-06-28 10:29:03 WARNING     	technology = 45nm
2026-06-28 10:29:03 WARNING     Failed to evaluate: 0.5ns
2026-06-28 10:29:03 WARNING     Location: arch attribute "latency"
2026-06-28 10:29:03 WARNING     Problem encountered: SyntaxError: invalid decimal literal (<string>, line 1)
2026-06-28 10:29:03 WARNING     Please ensure that the expression used is a valid Python expression.
2026-06-28 10:29:03 WARNING     The following may have been used in the expression:
2026-06-28 10:29:03 WARNING     	ns = UNDEFINED
2026-06-28 10:29:03 WARNING     Strings are allowed here. If you meant to enter a string, please wrap the
2026-06-28 10:29:03 WARNING     expression in single or double quotes:
2026-06-28 10:29:03 WARNING         Found expression: 0.5ns
2026-06-28 10:29:03 WARNING         Expression as valid string: "0.5ns"
2026-06-28 10:29:03 WARNING     Expression will be treated as a string. This will be deprecated in version
2026-06-28 10:29:03 WARNING     0.4. Please wrap quotes around the expression to specify a string.
2026-06-28 10:29:03 WARNING     Evaluation of "45nm" failed.
2026-06-28 10:29:03 WARNING     Failed to evaluate: 45nm
2026-06-28 10:29:03 WARNING     Location: arch attribute "technology"
2026-06-28 10:29:03 WARNING     Problem encountered: SyntaxError: invalid decimal literal (<string>, line 1)
2026-06-28 10:29:03 WARNING     Available bindings: 
2026-06-28 10:29:03 WARNING     	memory_depth = 1
2026-06-28 10:29:03 WARNING     	memory_width = 32
2026-06-28 10:29:03 WARNING     	word-bits = 16
2026-06-28 10:29:03 WARNING     	cluster-size = 1
2026-06-28 10:29:03 WARNING     	num-ports = 2
2026-06-28 10:29:03 WARNING     	meshX = 16
2026-06-28 10:29:03 WARNING     	datawidth = 16
2026-06-28 10:29:03 WARNING     Failed to evaluate: 45nm
2026-06-28 10:29:03 WARNING     Location: arch attribute "technology"
2026-06-28 10:29:03 WARNING     Problem encountered: SyntaxError: invalid decimal literal (<string>, line 1)
2026-06-28 10:29:03 WARNING     Please ensure that the expression used is a valid Python expression.
2026-06-28 10:29:03 WARNING     The following may have been used in the expression:
2026-06-28 10:29:03 WARNING     	nm = UNDEFINED
2026-06-28 10:29:03 WARNING     Strings are allowed here. If you meant to enter a string, please wrap the
2026-06-28 10:29:03 WARNING     expression in single or double quotes:
2026-06-28 10:29:03 WARNING         Found expression: 45nm
2026-06-28 10:29:03 WARNING         Expression as valid string: "45nm"
2026-06-28 10:29:03 WARNING     Expression will be treated as a string. This will be deprecated in version
2026-06-28 10:29:03 WARNING     0.4. Please wrap quotes around the expression to specify a string.
2026-06-28 10:29:03 WARNING     Evaluation of "0.5ns" failed.
2026-06-28 10:29:03 WARNING     Failed to evaluate: 0.5ns
2026-06-28 10:29:03 WARNING     Location: arch attribute "latency"
2026-06-28 10:29:03 WARNING     Problem encountered: SyntaxError: invalid decimal literal (<string>, line 1)
2026-06-28 10:29:03 WARNING     Available bindings: 
2026-06-28 10:29:03 WARNING     	memory_depth = 1
2026-06-28 10:29:03 WARNING     	memory_width = 32
2026-06-28 10:29:03 WARNING     	word-bits = 16
2026-06-28 10:29:03 WARNING     	cluster-size = 1
2026-06-28 10:29:03 WARNING     	num-ports = 2
2026-06-28 10:29:03 WARNING     	meshX = 16
2026-06-28 10:29:03 WARNING     	datawidth = 16
2026-06-28 10:29:03 WARNING     	technology = 45nm
2026-06-28 10:29:03 WARNING     Failed to evaluate: 0.5ns
2026-06-28 10:29:03 WARNING     Location: arch attribute "latency"
2026-06-28 10:29:03 WARNING     Problem encountered: SyntaxError: invalid decimal literal (<string>, line 1)
2026-06-28 10:29:03 WARNING     Please ensure that the expression used is a valid Python expression.
2026-06-28 10:29:03 WARNING     The following may have been used in the expression:
2026-06-28 10:29:03 WARNING     	ns = UNDEFINED
2026-06-28 10:29:03 WARNING     Strings are allowed here. If you meant to enter a string, please wrap the
2026-06-28 10:29:03 WARNING     expression in single or double quotes:
2026-06-28 10:29:03 WARNING         Found expression: 0.5ns
2026-06-28 10:29:03 WARNING         Expression as valid string: "0.5ns"
2026-06-28 10:29:03 WARNING     Expression will be treated as a string. This will be deprecated in version
2026-06-28 10:29:03 WARNING     0.4. Please wrap quotes around the expression to specify a string.
2026-06-28 10:29:03 WARNING     Evaluation of "0.5ns" failed.
2026-06-28 10:29:03 WARNING     Failed to evaluate: 0.5ns
2026-06-28 10:29:03 WARNING     Location: arch attribute "latency"
2026-06-28 10:29:03 WARNING     Problem encountered: SyntaxError: invalid decimal literal (<string>, line 1)
2026-06-28 10:29:03 WARNING     Available bindings: 
2026-06-28 10:29:03 WARNING     Failed to evaluate: 0.5ns
2026-06-28 10:29:03 WARNING     Location: arch attribute "latency"
2026-06-28 10:29:03 WARNING     Problem encountered: SyntaxError: invalid decimal literal (<string>, line 1)
2026-06-28 10:29:03 WARNING     Please ensure that the expression used is a valid Python expression.
2026-06-28 10:29:03 WARNING     The following may have been used in the expression:
2026-06-28 10:29:03 WARNING     	ns = UNDEFINED
2026-06-28 10:29:03 WARNING     Strings are allowed here. If you meant to enter a string, please wrap the
2026-06-28 10:29:03 WARNING     expression in single or double quotes:
2026-06-28 10:29:03 WARNING         Found expression: 0.5ns
2026-06-28 10:29:03 WARNING         Expression as valid string: "0.5ns"
2026-06-28 10:29:03 WARNING     Expression will be treated as a string. This will be deprecated in version
2026-06-28 10:29:03 WARNING     0.4. Please wrap quotes around the expression to specify a string.
2026-06-28 10:29:03 WARNING     Evaluation of "45nm" failed.
2026-06-28 10:29:03 WARNING     Failed to evaluate: 45nm
2026-06-28 10:29:03 WARNING     Location: arch attribute "technology"
2026-06-28 10:29:03 WARNING     Problem encountered: SyntaxError: invalid decimal literal (<string>, line 1)
2026-06-28 10:29:03 WARNING     Available bindings: 
2026-06-28 10:29:03 WARNING     	latency = 0.5ns
2026-06-28 10:29:03 WARNING     	datawidth = 16
2026-06-28 10:29:03 WARNING     	meshX = 16
2026-06-28 10:29:03 WARNING     	word-bits = 16
2026-06-28 10:29:03 WARNING     Failed to evaluate: 45nm
2026-06-28 10:29:03 WARNING     Location: arch attribute "technology"
2026-06-28 10:29:03 WARNING     Problem encountered: SyntaxError: invalid decimal literal (<string>, line 1)
2026-06-28 10:29:03 WARNING     Please ensure that the expression used is a valid Python expression.
2026-06-28 10:29:03 WARNING     The following may have been used in the expression:
2026-06-28 10:29:03 WARNING     	nm = UNDEFINED
2026-06-28 10:29:03 WARNING     Strings are allowed here. If you meant to enter a string, please wrap the
2026-06-28 10:29:03 WARNING     expression in single or double quotes:
2026-06-28 10:29:03 WARNING         Found expression: 45nm
2026-06-28 10:29:03 WARNING         Expression as valid string: "45nm"
2026-06-28 10:29:03 WARNING     Expression will be treated as a string. This will be deprecated in version
2026-06-28 10:29:03 WARNING     0.4. Please wrap quotes around the expression to specify a string.
2026-06-28 10:29:03 WARNING     Evaluation of "45nm" failed.
2026-06-28 10:29:03 WARNING     Failed to evaluate: 45nm
2026-06-28 10:29:03 WARNING     Location: arch attribute "technology"
2026-06-28 10:29:03 WARNING     Problem encountered: SyntaxError: invalid decimal literal (<string>, line 1)
2026-06-28 10:29:03 WARNING     Available bindings: 
2026-06-28 10:29:03 WARNING     	memory_depth = 2048
2026-06-28 10:29:03 WARNING     	memory_width = 512
2026-06-28 10:29:03 WARNING     	word-bits = 16
2026-06-28 10:29:03 WARNING     	cluster-size = 1
2026-06-28 10:29:03 WARNING     	nports = 2
2026-06-28 10:29:03 WARNING     	meshX = 1
2026-06-28 10:29:03 WARNING     	datawidth = 16
2026-06-28 10:29:03 WARNING     Failed to evaluate: 45nm
2026-06-28 10:29:03 WARNING     Location: arch attribute "technology"
2026-06-28 10:29:03 WARNING     Problem encountered: SyntaxError: invalid decimal literal (<string>, line 1)
2026-06-28 10:29:03 WARNING     Please ensure that the expression used is a valid Python expression.
2026-06-28 10:29:03 WARNING     The following may have been used in the expression:
2026-06-28 10:29:03 WARNING     	nm = UNDEFINED
2026-06-28 10:29:03 WARNING     Strings are allowed here. If you meant to enter a string, please wrap the
2026-06-28 10:29:03 WARNING     expression in single or double quotes:
2026-06-28 10:29:03 WARNING         Found expression: 45nm
2026-06-28 10:29:03 WARNING         Expression as valid string: "45nm"
2026-06-28 10:29:03 WARNING     Expression will be treated as a string. This will be deprecated in version
2026-06-28 10:29:03 WARNING     0.4. Please wrap quotes around the expression to specify a string.
2026-06-28 10:29:03 WARNING     Evaluation of "0.5ns" failed.
2026-06-28 10:29:03 WARNING     Failed to evaluate: 0.5ns
2026-06-28 10:29:03 WARNING     Location: arch attribute "latency"
2026-06-28 10:29:03 WARNING     Problem encountered: SyntaxError: invalid decimal literal (<string>, line 1)
2026-06-28 10:29:03 WARNING     Available bindings: 
2026-06-28 10:29:03 WARNING     	memory_depth = 2048
2026-06-28 10:29:03 WARNING     	memory_width = 512
2026-06-28 10:29:03 WARNING     	word-bits = 16
2026-06-28 10:29:03 WARNING     	cluster-size = 1
2026-06-28 10:29:03 WARNING     	nports = 2
2026-06-28 10:29:03 WARNING     	meshX = 1
2026-06-28 10:29:03 WARNING     	datawidth = 16
2026-06-28 10:29:03 WARNING     	technology = 45nm
2026-06-28 10:29:03 WARNING     Failed to evaluate: 0.5ns
2026-06-28 10:29:03 WARNING     Location: arch attribute "latency"
2026-06-28 10:29:03 WARNING     Problem encountered: SyntaxError: invalid decimal literal (<string>, line 1)
2026-06-28 10:29:03 WARNING     Please ensure that the expression used is a valid Python expression.
2026-06-28 10:29:03 WARNING     The following may have been used in the expression:
2026-06-28 10:29:03 WARNING     	ns = UNDEFINED
2026-06-28 10:29:03 WARNING     Strings are allowed here. If you meant to enter a string, please wrap the
2026-06-28 10:29:03 WARNING     expression in single or double quotes:
2026-06-28 10:29:03 WARNING         Found expression: 0.5ns
2026-06-28 10:29:03 WARNING         Expression as valid string: "0.5ns"
2026-06-28 10:29:03 WARNING     Expression will be treated as a string. This will be deprecated in version
2026-06-28 10:29:03 WARNING     0.4. Please wrap quotes around the expression to specify a string.
2026-06-28 10:29:03 WARNING     Evaluation of "DDR4" failed.
2026-06-28 10:29:03 WARNING     Failed to evaluate: DDR4
2026-06-28 10:29:03 WARNING     Location: arch attribute "type"
2026-06-28 10:29:03 WARNING     Problem encountered: NameError: Name 'DDR4' is not defined.
2026-06-28 10:29:03 WARNING     Available bindings: 
2026-06-28 10:29:03 WARNING     Failed to evaluate: DDR4
2026-06-28 10:29:03 WARNING     Location: arch attribute "type"
2026-06-28 10:29:03 WARNING     Problem encountered: NameError: Name 'DDR4' is not defined.
2026-06-28 10:29:03 WARNING     Please ensure that the expression used is a valid Python expression.
2026-06-28 10:29:03 WARNING     The following may have been used in the expression:
2026-06-28 10:29:03 WARNING     	DDR4 = UNDEFINED
2026-06-28 10:29:03 WARNING     Strings are allowed here. If you meant to enter a string, please wrap the
2026-06-28 10:29:03 WARNING     expression in single or double quotes:
2026-06-28 10:29:03 WARNING         Found expression: DDR4
2026-06-28 10:29:03 WARNING         Expression as valid string: "DDR4"
2026-06-28 10:29:03 WARNING     Expression will be treated as a string. This will be deprecated in version
2026-06-28 10:29:03 WARNING     0.4. Please wrap quotes around the expression to specify a string.
2026-06-28 10:29:03 WARNING     Evaluation of "45nm" failed.
2026-06-28 10:29:03 WARNING     Failed to evaluate: 45nm
2026-06-28 10:29:03 WARNING     Location: arch attribute "technology"
2026-06-28 10:29:03 WARNING     Problem encountered: SyntaxError: invalid decimal literal (<string>, line 1)
2026-06-28 10:29:03 WARNING     Available bindings: 
2026-06-28 10:29:03 WARNING     	type = DDR4
2026-06-28 10:29:03 WARNING     	width = 16
2026-06-28 10:29:03 WARNING     	block-size = 1
2026-06-28 10:29:03 WARNING     	word-bits = 16
2026-06-28 10:29:03 WARNING     	shared_bandwidth = 6
2026-06-28 10:29:03 WARNING     	datawidth = 16
2026-06-28 10:29:03 WARNING     Failed to evaluate: 45nm
2026-06-28 10:29:03 WARNING     Location: arch attribute "technology"
2026-06-28 10:29:03 WARNING     Problem encountered: SyntaxError: invalid decimal literal (<string>, line 1)
2026-06-28 10:29:03 WARNING     Please ensure that the expression used is a valid Python expression.
2026-06-28 10:29:03 WARNING     The following may have been used in the expression:
2026-06-28 10:29:03 WARNING     	nm = UNDEFINED
2026-06-28 10:29:03 WARNING     Strings are allowed here. If you meant to enter a string, please wrap the
2026-06-28 10:29:03 WARNING     expression in single or double quotes:
2026-06-28 10:29:03 WARNING         Found expression: 45nm
2026-06-28 10:29:03 WARNING         Expression as valid string: "45nm"
2026-06-28 10:29:03 WARNING     Expression will be treated as a string. This will be deprecated in version
2026-06-28 10:29:03 WARNING     0.4. Please wrap quotes around the expression to specify a string.
2026-06-28 10:29:03 WARNING     Evaluation of "0.5ns" failed.
2026-06-28 10:29:03 WARNING     Failed to evaluate: 0.5ns
2026-06-28 10:29:03 WARNING     Location: arch attribute "latency"
2026-06-28 10:29:03 WARNING     Problem encountered: SyntaxError: invalid decimal literal (<string>, line 1)
2026-06-28 10:29:03 WARNING     Available bindings: 
2026-06-28 10:29:03 WARNING     	type = DDR4
2026-06-28 10:29:03 WARNING     	width = 16
2026-06-28 10:29:03 WARNING     	block-size = 1
2026-06-28 10:29:03 WARNING     	word-bits = 16
2026-06-28 10:29:03 WARNING     	shared_bandwidth = 6
2026-06-28 10:29:03 WARNING     	datawidth = 16
2026-06-28 10:29:03 WARNING     	technology = 45nm
2026-06-28 10:29:03 WARNING     Failed to evaluate: 0.5ns
2026-06-28 10:29:03 WARNING     Location: arch attribute "latency"
2026-06-28 10:29:03 WARNING     Problem encountered: SyntaxError: invalid decimal literal (<string>, line 1)
2026-06-28 10:29:03 WARNING     Please ensure that the expression used is a valid Python expression.
2026-06-28 10:29:03 WARNING     The following may have been used in the expression:
2026-06-28 10:29:03 WARNING     	ns = UNDEFINED
2026-06-28 10:29:03 WARNING     Strings are allowed here. If you meant to enter a string, please wrap the
2026-06-28 10:29:03 WARNING     expression in single or double quotes:
2026-06-28 10:29:03 WARNING         Found expression: 0.5ns
2026-06-28 10:29:03 WARNING         Expression as valid string: "0.5ns"
2026-06-28 10:29:03 WARNING     Expression will be treated as a string. This will be deprecated in version
2026-06-28 10:29:03 WARNING     0.4. Please wrap quotes around the expression to specify a string.
2026-06-28 10:29:03 INFO        Calculated arch attribute "global_cycle_seconds" as "0.5e-9" = 5e-10.
2026-06-28 10:29:03 INFO        Parsing file /deeper/PolyFuseV2/data/components/smartbuffer_RF.yaml for compound_components info
2026-06-28 10:29:03 WARNING     File /deeper/PolyFuseV2/data/components/smartbuffer_RF.yaml is outdated. File version is 0.3, while the latest version is 0.4. 
2026-06-28 10:29:03 WARNING      Please update the file to the latest version.
2026-06-28 10:29:03 INFO        Parsing file /deeper/PolyFuseV2/data/components/smartbuffer_SRAM.yaml for compound_components info
2026-06-28 10:29:03 WARNING     File /deeper/PolyFuseV2/data/components/smartbuffer_SRAM.yaml is outdated. File version is 0.3, while the latest version is 0.4. 
2026-06-28 10:29:03 WARNING      Please update the file to the latest version.
2026-06-28 10:29:03 INFO        Parsing file /deeper/PolyFuseV2/data/components/reg_storage.yaml for compound_components info
2026-06-28 10:29:03 WARNING     File /deeper/PolyFuseV2/data/components/reg_storage.yaml is outdated. File version is 0.3, while the latest version is 0.4. 
2026-06-28 10:29:03 WARNING      Please update the file to the latest version.
2026-06-28 10:29:03 INFO        Parsing file /deeper/PolyFuseV2/data/components/lmac.yaml for compound_components info
2026-06-28 10:29:03 WARNING     File /deeper/PolyFuseV2/data/components/lmac.yaml is outdated. File version is 0.3, while the latest version is 0.4. 
2026-06-28 10:29:03 WARNING      Please update the file to the latest version.
2026-06-28 10:29:03 WARNING     Evaluation of "45nm" failed.
2026-06-28 10:29:03 WARNING     Failed to evaluate: 45nm
2026-06-28 10:29:03 WARNING     Location: Architecture class smartbuffer_SRAM attributes"technology"
2026-06-28 10:29:03 WARNING     Problem encountered: SyntaxError: invalid decimal literal (<string>, line 1)
2026-06-28 10:29:03 WARNING     Available bindings: 
2026-06-28 10:29:03 WARNING     	memory_depth = 1024
2026-06-28 10:29:03 WARNING     	memory_width = 128
2026-06-28 10:29:03 WARNING     	word-bits = 16
2026-06-28 10:29:03 WARNING     	cluster-size = 1
2026-06-28 10:29:03 WARNING     	meshX = 16
2026-06-28 10:29:03 WARNING     	datawidth = 16
2026-06-28 10:29:03 WARNING     Failed to evaluate: 45nm
2026-06-28 10:29:03 WARNING     Location: Architecture class smartbuffer_SRAM attributes"technology"
2026-06-28 10:29:03 WARNING     Problem encountered: SyntaxError: invalid decimal literal (<string>, line 1)
2026-06-28 10:29:03 WARNING     Please ensure that the expression used is a valid Python expression.
2026-06-28 10:29:03 WARNING     The following may have been used in the expression:
2026-06-28 10:29:03 WARNING     	nm = UNDEFINED
2026-06-28 10:29:03 WARNING     Strings are allowed here. If you meant to enter a string, please wrap the
2026-06-28 10:29:03 WARNING     expression in single or double quotes:
2026-06-28 10:29:03 WARNING         Found expression: 45nm
2026-06-28 10:29:03 WARNING         Expression as valid string: "45nm"
2026-06-28 10:29:03 WARNING     Expression will be treated as a string. This will be deprecated in version
2026-06-28 10:29:03 WARNING     0.4. Please wrap quotes around the expression to specify a string.
2026-06-28 10:29:03 WARNING     Evaluation of "0.5ns" failed.
2026-06-28 10:29:03 WARNING     Failed to evaluate: 0.5ns
2026-06-28 10:29:03 WARNING     Location: Architecture class smartbuffer_SRAM attributes"latency"
2026-06-28 10:29:03 WARNING     Problem encountered: SyntaxError: invalid decimal literal (<string>, line 1)
2026-06-28 10:29:03 WARNING     Available bindings: 
2026-06-28 10:29:03 WARNING     	memory_depth = 1024
2026-06-28 10:29:03 WARNING     	memory_width = 128
2026-06-28 10:29:03 WARNING     	word-bits = 16
2026-06-28 10:29:03 WARNING     	cluster-size = 1
2026-06-28 10:29:03 WARNING     	meshX = 16
2026-06-28 10:29:03 WARNING     	datawidth = 16
2026-06-28 10:29:03 WARNING     	technology = 45nm
2026-06-28 10:29:03 WARNING     Failed to evaluate: 0.5ns
2026-06-28 10:29:03 WARNING     Location: Architecture class smartbuffer_SRAM attributes"latency"
2026-06-28 10:29:03 WARNING     Problem encountered: SyntaxError: invalid decimal literal (<string>, line 1)
2026-06-28 10:29:03 WARNING     Please ensure that the expression used is a valid Python expression.
2026-06-28 10:29:03 WARNING     The following may have been used in the expression:
2026-06-28 10:29:03 WARNING     	ns = UNDEFINED
2026-06-28 10:29:03 WARNING     Strings are allowed here. If you meant to enter a string, please wrap the
2026-06-28 10:29:03 WARNING     expression in single or double quotes:
2026-06-28 10:29:03 WARNING         Found expression: 0.5ns
2026-06-28 10:29:03 WARNING         Expression as valid string: "0.5ns"
2026-06-28 10:29:03 WARNING     Expression will be treated as a string. This will be deprecated in version
2026-06-28 10:29:03 WARNING     0.4. Please wrap quotes around the expression to specify a string.
2026-06-28 10:29:03 WARNING     Evaluation of "45nm" failed.
2026-06-28 10:29:03 WARNING     Failed to evaluate: 45nm
2026-06-28 10:29:03 WARNING     Location: Architecture class smartbuffer_SRAM attributes"technology"
2026-06-28 10:29:03 WARNING     Problem encountered: SyntaxError: invalid decimal literal (<string>, line 1)
2026-06-28 10:29:03 WARNING     Available bindings: 
2026-06-28 10:29:03 WARNING     	memory_depth = 512
2026-06-28 10:29:03 WARNING     	memory_width = 128
2026-06-28 10:29:03 WARNING     	word-bits = 16
2026-06-28 10:29:03 WARNING     	meshX = 16
2026-06-28 10:29:03 WARNING     	cluster-size = 1
2026-06-28 10:29:03 WARNING     	n_banks = 1
2026-06-28 10:29:03 WARNING     	datawidth = 16
2026-06-28 10:29:03 WARNING     Failed to evaluate: 45nm
2026-06-28 10:29:03 WARNING     Location: Architecture class smartbuffer_SRAM attributes"technology"
2026-06-28 10:29:03 WARNING     Problem encountered: SyntaxError: invalid decimal literal (<string>, line 1)
2026-06-28 10:29:03 WARNING     Please ensure that the expression used is a valid Python expression.
2026-06-28 10:29:03 WARNING     The following may have been used in the expression:
2026-06-28 10:29:03 WARNING     	nm = UNDEFINED
2026-06-28 10:29:03 WARNING     Strings are allowed here. If you meant to enter a string, please wrap the
2026-06-28 10:29:03 WARNING     expression in single or double quotes:
2026-06-28 10:29:03 WARNING         Found expression: 45nm
2026-06-28 10:29:03 WARNING         Expression as valid string: "45nm"
2026-06-28 10:29:03 WARNING     Expression will be treated as a string. This will be deprecated in version
2026-06-28 10:29:03 WARNING     0.4. Please wrap quotes around the expression to specify a string.
2026-06-28 10:29:03 WARNING     Evaluation of "0.5ns" failed.
2026-06-28 10:29:03 WARNING     Failed to evaluate: 0.5ns
2026-06-28 10:29:03 WARNING     Location: Architecture class smartbuffer_SRAM attributes"latency"
2026-06-28 10:29:03 WARNING     Problem encountered: SyntaxError: invalid decimal literal (<string>, line 1)
2026-06-28 10:29:03 WARNING     Available bindings: 
2026-06-28 10:29:03 WARNING     	memory_depth = 512
2026-06-28 10:29:03 WARNING     	memory_width = 128
2026-06-28 10:29:03 WARNING     	word-bits = 16
2026-06-28 10:29:03 WARNING     	meshX = 16
2026-06-28 10:29:03 WARNING     	cluster-size = 1
2026-06-28 10:29:03 WARNING     	n_banks = 1
2026-06-28 10:29:03 WARNING     	datawidth = 16
2026-06-28 10:29:03 WARNING     	technology = 45nm
2026-06-28 10:29:03 WARNING     Failed to evaluate: 0.5ns
2026-06-28 10:29:03 WARNING     Location: Architecture class smartbuffer_SRAM attributes"latency"
2026-06-28 10:29:03 WARNING     Problem encountered: SyntaxError: invalid decimal literal (<string>, line 1)
2026-06-28 10:29:03 WARNING     Please ensure that the expression used is a valid Python expression.
2026-06-28 10:29:03 WARNING     The following may have been used in the expression:
2026-06-28 10:29:03 WARNING     	ns = UNDEFINED
2026-06-28 10:29:03 WARNING     Strings are allowed here. If you meant to enter a string, please wrap the
2026-06-28 10:29:03 WARNING     expression in single or double quotes:
2026-06-28 10:29:03 WARNING         Found expression: 0.5ns
2026-06-28 10:29:03 WARNING         Expression as valid string: "0.5ns"
2026-06-28 10:29:03 WARNING     Expression will be treated as a string. This will be deprecated in version
2026-06-28 10:29:03 WARNING     0.4. Please wrap quotes around the expression to specify a string.
2026-06-28 10:29:03 WARNING     Evaluation of "45nm" failed.
2026-06-28 10:29:03 WARNING     Failed to evaluate: 45nm
2026-06-28 10:29:03 WARNING     Location: Architecture class smartbuffer_SRAM attributes"technology"
2026-06-28 10:29:03 WARNING     Problem encountered: SyntaxError: invalid decimal literal (<string>, line 1)
2026-06-28 10:29:03 WARNING     Available bindings: 
2026-06-28 10:29:03 WARNING     	memory_depth = 64
2026-06-28 10:29:03 WARNING     	memory_width = 64
2026-06-28 10:29:03 WARNING     	cluster-size = 1
2026-06-28 10:29:03 WARNING     	word-bits = 32
2026-06-28 10:29:03 WARNING     	meshX = 16
2026-06-28 10:29:03 WARNING     	datawidth = 16
2026-06-28 10:29:03 WARNING     Failed to evaluate: 45nm
2026-06-28 10:29:03 WARNING     Location: Architecture class smartbuffer_SRAM attributes"technology"
2026-06-28 10:29:03 WARNING     Problem encountered: SyntaxError: invalid decimal literal (<string>, line 1)
2026-06-28 10:29:03 WARNING     Please ensure that the expression used is a valid Python expression.
2026-06-28 10:29:03 WARNING     The following may have been used in the expression:
2026-06-28 10:29:03 WARNING     	nm = UNDEFINED
2026-06-28 10:29:03 WARNING     Strings are allowed here. If you meant to enter a string, please wrap the
2026-06-28 10:29:03 WARNING     expression in single or double quotes:
2026-06-28 10:29:03 WARNING         Found expression: 45nm
2026-06-28 10:29:03 WARNING         Expression as valid string: "45nm"
2026-06-28 10:29:03 WARNING     Expression will be treated as a string. This will be deprecated in version
2026-06-28 10:29:03 WARNING     0.4. Please wrap quotes around the expression to specify a string.
2026-06-28 10:29:03 WARNING     Evaluation of "0.5ns" failed.
2026-06-28 10:29:03 WARNING     Failed to evaluate: 0.5ns
2026-06-28 10:29:03 WARNING     Location: Architecture class smartbuffer_SRAM attributes"latency"
2026-06-28 10:29:03 WARNING     Problem encountered: SyntaxError: invalid decimal literal (<string>, line 1)
2026-06-28 10:29:03 WARNING     Available bindings: 
2026-06-28 10:29:03 WARNING     	memory_depth = 64
2026-06-28 10:29:03 WARNING     	memory_width = 64
2026-06-28 10:29:03 WARNING     	cluster-size = 1
2026-06-28 10:29:03 WARNING     	word-bits = 32
2026-06-28 10:29:03 WARNING     	meshX = 16
2026-06-28 10:29:03 WARNING     	datawidth = 16
2026-06-28 10:29:03 WARNING     	technology = 45nm
2026-06-28 10:29:03 WARNING     Failed to evaluate: 0.5ns
2026-06-28 10:29:03 WARNING     Location: Architecture class smartbuffer_SRAM attributes"latency"
2026-06-28 10:29:03 WARNING     Problem encountered: SyntaxError: invalid decimal literal (<string>, line 1)
2026-06-28 10:29:03 WARNING     Please ensure that the expression used is a valid Python expression.
2026-06-28 10:29:03 WARNING     The following may have been used in the expression:
2026-06-28 10:29:03 WARNING     	ns = UNDEFINED
2026-06-28 10:29:03 WARNING     Strings are allowed here. If you meant to enter a string, please wrap the
2026-06-28 10:29:03 WARNING     expression in single or double quotes:
2026-06-28 10:29:03 WARNING         Found expression: 0.5ns
2026-06-28 10:29:03 WARNING         Expression as valid string: "0.5ns"
2026-06-28 10:29:03 WARNING     Expression will be treated as a string. This will be deprecated in version
2026-06-28 10:29:03 WARNING     0.4. Please wrap quotes around the expression to specify a string.
2026-06-28 10:29:03 WARNING     Evaluation of "45nm" failed.
2026-06-28 10:29:03 WARNING     Failed to evaluate: 45nm
2026-06-28 10:29:03 WARNING     Location: Architecture class smartbuffer_SRAM attributes"technology"
2026-06-28 10:29:03 WARNING     Problem encountered: SyntaxError: invalid decimal literal (<string>, line 1)
2026-06-28 10:29:03 WARNING     Available bindings: 
2026-06-28 10:29:03 WARNING     	memory_depth = 1
2026-06-28 10:29:03 WARNING     	memory_width = 32
2026-06-28 10:29:03 WARNING     	word-bits = 16
2026-06-28 10:29:03 WARNING     	cluster-size = 1
2026-06-28 10:29:03 WARNING     	num-ports = 2
2026-06-28 10:29:03 WARNING     	meshX = 16
2026-06-28 10:29:03 WARNING     	datawidth = 16
2026-06-28 10:29:03 WARNING     Failed to evaluate: 45nm
2026-06-28 10:29:03 WARNING     Location: Architecture class smartbuffer_SRAM attributes"technology"
2026-06-28 10:29:03 WARNING     Problem encountered: SyntaxError: invalid decimal literal (<string>, line 1)
2026-06-28 10:29:03 WARNING     Please ensure that the expression used is a valid Python expression.
2026-06-28 10:29:03 WARNING     The following may have been used in the expression:
2026-06-28 10:29:03 WARNING     	nm = UNDEFINED
2026-06-28 10:29:03 WARNING     Strings are allowed here. If you meant to enter a string, please wrap the
2026-06-28 10:29:03 WARNING     expression in single or double quotes:
2026-06-28 10:29:03 WARNING         Found expression: 45nm
2026-06-28 10:29:03 WARNING         Expression as valid string: "45nm"
2026-06-28 10:29:03 WARNING     Expression will be treated as a string. This will be deprecated in version
2026-06-28 10:29:03 WARNING     0.4. Please wrap quotes around the expression to specify a string.
2026-06-28 10:29:03 WARNING     Evaluation of "0.5ns" failed.
2026-06-28 10:29:03 WARNING     Failed to evaluate: 0.5ns
2026-06-28 10:29:03 WARNING     Location: Architecture class smartbuffer_SRAM attributes"latency"
2026-06-28 10:29:03 WARNING     Problem encountered: SyntaxError: invalid decimal literal (<string>, line 1)
2026-06-28 10:29:03 WARNING     Available bindings: 
2026-06-28 10:29:03 WARNING     	memory_depth = 1
2026-06-28 10:29:03 WARNING     	memory_width = 32
2026-06-28 10:29:03 WARNING     	word-bits = 16
2026-06-28 10:29:03 WARNING     	cluster-size = 1
2026-06-28 10:29:03 WARNING     	num-ports = 2
2026-06-28 10:29:03 WARNING     	meshX = 16
2026-06-28 10:29:03 WARNING     	datawidth = 16
2026-06-28 10:29:03 WARNING     	technology = 45nm
2026-06-28 10:29:03 WARNING     Failed to evaluate: 0.5ns
2026-06-28 10:29:03 WARNING     Location: Architecture class smartbuffer_SRAM attributes"latency"
2026-06-28 10:29:03 WARNING     Problem encountered: SyntaxError: invalid decimal literal (<string>, line 1)
2026-06-28 10:29:03 WARNING     Please ensure that the expression used is a valid Python expression.
2026-06-28 10:29:03 WARNING     The following may have been used in the expression:
2026-06-28 10:29:03 WARNING     	ns = UNDEFINED
2026-06-28 10:29:03 WARNING     Strings are allowed here. If you meant to enter a string, please wrap the
2026-06-28 10:29:03 WARNING     expression in single or double quotes:
2026-06-28 10:29:03 WARNING         Found expression: 0.5ns
2026-06-28 10:29:03 WARNING         Expression as valid string: "0.5ns"
2026-06-28 10:29:03 WARNING     Expression will be treated as a string. This will be deprecated in version
2026-06-28 10:29:03 WARNING     0.4. Please wrap quotes around the expression to specify a string.
2026-06-28 10:29:03 WARNING     Evaluation of "0.5ns" failed.
2026-06-28 10:29:03 WARNING     Failed to evaluate: 0.5ns
2026-06-28 10:29:03 WARNING     Location: Architecture class lmac attributes"latency"
2026-06-28 10:29:03 WARNING     Problem encountered: SyntaxError: invalid decimal literal (<string>, line 1)
2026-06-28 10:29:03 WARNING     Available bindings: 
2026-06-28 10:29:03 WARNING     Failed to evaluate: 0.5ns
2026-06-28 10:29:03 WARNING     Location: Architecture class lmac attributes"latency"
2026-06-28 10:29:03 WARNING     Problem encountered: SyntaxError: invalid decimal literal (<string>, line 1)
2026-06-28 10:29:03 WARNING     Please ensure that the expression used is a valid Python expression.
2026-06-28 10:29:03 WARNING     The following may have been used in the expression:
2026-06-28 10:29:03 WARNING     	ns = UNDEFINED
2026-06-28 10:29:03 WARNING     Strings are allowed here. If you meant to enter a string, please wrap the
2026-06-28 10:29:03 WARNING     expression in single or double quotes:
2026-06-28 10:29:03 WARNING         Found expression: 0.5ns
2026-06-28 10:29:03 WARNING         Expression as valid string: "0.5ns"
2026-06-28 10:29:03 WARNING     Expression will be treated as a string. This will be deprecated in version
2026-06-28 10:29:03 WARNING     0.4. Please wrap quotes around the expression to specify a string.
2026-06-28 10:29:03 WARNING     Evaluation of "45nm" failed.
2026-06-28 10:29:03 WARNING     Failed to evaluate: 45nm
2026-06-28 10:29:03 WARNING     Location: Architecture class lmac attributes"technology"
2026-06-28 10:29:03 WARNING     Problem encountered: SyntaxError: invalid decimal literal (<string>, line 1)
2026-06-28 10:29:03 WARNING     Available bindings: 
2026-06-28 10:29:03 WARNING     	latency = 0.5ns
2026-06-28 10:29:03 WARNING     	datawidth = 16
2026-06-28 10:29:03 WARNING     	meshX = 16
2026-06-28 10:29:03 WARNING     	word-bits = 16
2026-06-28 10:29:03 WARNING     Failed to evaluate: 45nm
2026-06-28 10:29:03 WARNING     Location: Architecture class lmac attributes"technology"
2026-06-28 10:29:03 WARNING     Problem encountered: SyntaxError: invalid decimal literal (<string>, line 1)
2026-06-28 10:29:03 WARNING     Please ensure that the expression used is a valid Python expression.
2026-06-28 10:29:03 WARNING     The following may have been used in the expression:
2026-06-28 10:29:03 WARNING     	nm = UNDEFINED
2026-06-28 10:29:03 WARNING     Strings are allowed here. If you meant to enter a string, please wrap the
2026-06-28 10:29:03 WARNING     expression in single or double quotes:
2026-06-28 10:29:03 WARNING         Found expression: 45nm
2026-06-28 10:29:03 WARNING         Expression as valid string: "45nm"
2026-06-28 10:29:03 WARNING     Expression will be treated as a string. This will be deprecated in version
2026-06-28 10:29:03 WARNING     0.4. Please wrap quotes around the expression to specify a string.
2026-06-28 10:29:03 WARNING     Evaluation of "45nm" failed.
2026-06-28 10:29:03 WARNING     Failed to evaluate: 45nm
2026-06-28 10:29:03 WARNING     Location: Architecture class smartbuffer_SRAM attributes"technology"
2026-06-28 10:29:03 WARNING     Problem encountered: SyntaxError: invalid decimal literal (<string>, line 1)
2026-06-28 10:29:03 WARNING     Available bindings: 
2026-06-28 10:29:03 WARNING     	memory_depth = 2048
2026-06-28 10:29:03 WARNING     	memory_width = 512
2026-06-28 10:29:03 WARNING     	word-bits = 16
2026-06-28 10:29:03 WARNING     	cluster-size = 1
2026-06-28 10:29:03 WARNING     	nports = 2
2026-06-28 10:29:03 WARNING     	meshX = 1
2026-06-28 10:29:03 WARNING     	datawidth = 16
2026-06-28 10:29:03 WARNING     Failed to evaluate: 45nm
2026-06-28 10:29:03 WARNING     Location: Architecture class smartbuffer_SRAM attributes"technology"
2026-06-28 10:29:03 WARNING     Problem encountered: SyntaxError: invalid decimal literal (<string>, line 1)
2026-06-28 10:29:03 WARNING     Please ensure that the expression used is a valid Python expression.
2026-06-28 10:29:03 WARNING     The following may have been used in the expression:
2026-06-28 10:29:03 WARNING     	nm = UNDEFINED
2026-06-28 10:29:03 WARNING     Strings are allowed here. If you meant to enter a string, please wrap the
2026-06-28 10:29:03 WARNING     expression in single or double quotes:
2026-06-28 10:29:03 WARNING         Found expression: 45nm
2026-06-28 10:29:03 WARNING         Expression as valid string: "45nm"
2026-06-28 10:29:03 WARNING     Expression will be treated as a string. This will be deprecated in version
2026-06-28 10:29:03 WARNING     0.4. Please wrap quotes around the expression to specify a string.
2026-06-28 10:29:03 WARNING     Evaluation of "0.5ns" failed.
2026-06-28 10:29:03 WARNING     Failed to evaluate: 0.5ns
2026-06-28 10:29:03 WARNING     Location: Architecture class smartbuffer_SRAM attributes"latency"
2026-06-28 10:29:03 WARNING     Problem encountered: SyntaxError: invalid decimal literal (<string>, line 1)
2026-06-28 10:29:03 WARNING     Available bindings: 
2026-06-28 10:29:03 WARNING     	memory_depth = 2048
2026-06-28 10:29:03 WARNING     	memory_width = 512
2026-06-28 10:29:03 WARNING     	word-bits = 16
2026-06-28 10:29:03 WARNING     	cluster-size = 1
2026-06-28 10:29:03 WARNING     	nports = 2
2026-06-28 10:29:03 WARNING     	meshX = 1
2026-06-28 10:29:03 WARNING     	datawidth = 16
2026-06-28 10:29:03 WARNING     	technology = 45nm
2026-06-28 10:29:03 WARNING     Failed to evaluate: 0.5ns
2026-06-28 10:29:03 WARNING     Location: Architecture class smartbuffer_SRAM attributes"latency"
2026-06-28 10:29:03 WARNING     Problem encountered: SyntaxError: invalid decimal literal (<string>, line 1)
2026-06-28 10:29:03 WARNING     Please ensure that the expression used is a valid Python expression.
2026-06-28 10:29:03 WARNING     The following may have been used in the expression:
2026-06-28 10:29:03 WARNING     	ns = UNDEFINED
2026-06-28 10:29:03 WARNING     Strings are allowed here. If you meant to enter a string, please wrap the
2026-06-28 10:29:03 WARNING     expression in single or double quotes:
2026-06-28 10:29:03 WARNING         Found expression: 0.5ns
2026-06-28 10:29:03 WARNING         Expression as valid string: "0.5ns"
2026-06-28 10:29:03 WARNING     Expression will be treated as a string. This will be deprecated in version
2026-06-28 10:29:03 WARNING     0.4. Please wrap quotes around the expression to specify a string.
2026-06-28 10:29:03 WARNING     Evaluation of "DDR4" failed.
2026-06-28 10:29:03 WARNING     Failed to evaluate: DDR4
2026-06-28 10:29:03 WARNING     Location: Architecture class DRAM attributes"type"
2026-06-28 10:29:03 WARNING     Problem encountered: NameError: Name 'DDR4' is not defined.
2026-06-28 10:29:03 WARNING     Available bindings: 
2026-06-28 10:29:03 WARNING     Failed to evaluate: DDR4
2026-06-28 10:29:03 WARNING     Location: Architecture class DRAM attributes"type"
2026-06-28 10:29:03 WARNING     Problem encountered: NameError: Name 'DDR4' is not defined.
2026-06-28 10:29:03 WARNING     Please ensure that the expression used is a valid Python expression.
2026-06-28 10:29:03 WARNING     The following may have been used in the expression:
2026-06-28 10:29:03 WARNING     	DDR4 = UNDEFINED
2026-06-28 10:29:03 WARNING     Strings are allowed here. If you meant to enter a string, please wrap the
2026-06-28 10:29:03 WARNING     expression in single or double quotes:
2026-06-28 10:29:03 WARNING         Found expression: DDR4
2026-06-28 10:29:03 WARNING         Expression as valid string: "DDR4"
2026-06-28 10:29:03 WARNING     Expression will be treated as a string. This will be deprecated in version
2026-06-28 10:29:03 WARNING     0.4. Please wrap quotes around the expression to specify a string.
2026-06-28 10:29:03 WARNING     Evaluation of "45nm" failed.
2026-06-28 10:29:03 WARNING     Failed to evaluate: 45nm
2026-06-28 10:29:03 WARNING     Location: Architecture class DRAM attributes"technology"
2026-06-28 10:29:03 WARNING     Problem encountered: SyntaxError: invalid decimal literal (<string>, line 1)
2026-06-28 10:29:03 WARNING     Available bindings: 
2026-06-28 10:29:03 WARNING     	type = DDR4
2026-06-28 10:29:03 WARNING     	width = 16
2026-06-28 10:29:03 WARNING     	block-size = 1
2026-06-28 10:29:03 WARNING     	word-bits = 16
2026-06-28 10:29:03 WARNING     	shared_bandwidth = 6
2026-06-28 10:29:03 WARNING     	datawidth = 16
2026-06-28 10:29:03 WARNING     Failed to evaluate: 45nm
2026-06-28 10:29:03 WARNING     Location: Architecture class DRAM attributes"technology"
2026-06-28 10:29:03 WARNING     Problem encountered: SyntaxError: invalid decimal literal (<string>, line 1)
2026-06-28 10:29:03 WARNING     Please ensure that the expression used is a valid Python expression.
2026-06-28 10:29:03 WARNING     The following may have been used in the expression:
2026-06-28 10:29:03 WARNING     	nm = UNDEFINED
2026-06-28 10:29:03 WARNING     Strings are allowed here. If you meant to enter a string, please wrap the
2026-06-28 10:29:03 WARNING     expression in single or double quotes:
2026-06-28 10:29:03 WARNING         Found expression: 45nm
2026-06-28 10:29:03 WARNING         Expression as valid string: "45nm"
2026-06-28 10:29:03 WARNING     Expression will be treated as a string. This will be deprecated in version
2026-06-28 10:29:03 WARNING     0.4. Please wrap quotes around the expression to specify a string.
2026-06-28 10:29:03 WARNING     Evaluation of "0.5ns" failed.
2026-06-28 10:29:03 WARNING     Failed to evaluate: 0.5ns
2026-06-28 10:29:03 WARNING     Location: Architecture class DRAM attributes"latency"
2026-06-28 10:29:03 WARNING     Problem encountered: SyntaxError: invalid decimal literal (<string>, line 1)
2026-06-28 10:29:03 WARNING     Available bindings: 
2026-06-28 10:29:03 WARNING     	type = DDR4
2026-06-28 10:29:03 WARNING     	width = 16
2026-06-28 10:29:03 WARNING     	block-size = 1
2026-06-28 10:29:03 WARNING     	word-bits = 16
2026-06-28 10:29:03 WARNING     	shared_bandwidth = 6
2026-06-28 10:29:03 WARNING     	datawidth = 16
2026-06-28 10:29:03 WARNING     	technology = 45nm
2026-06-28 10:29:03 WARNING     Failed to evaluate: 0.5ns
2026-06-28 10:29:03 WARNING     Location: Architecture class DRAM attributes"latency"
2026-06-28 10:29:03 WARNING     Problem encountered: SyntaxError: invalid decimal literal (<string>, line 1)
2026-06-28 10:29:03 WARNING     Please ensure that the expression used is a valid Python expression.
2026-06-28 10:29:03 WARNING     The following may have been used in the expression:
2026-06-28 10:29:03 WARNING     	ns = UNDEFINED
2026-06-28 10:29:03 WARNING     Strings are allowed here. If you meant to enter a string, please wrap the
2026-06-28 10:29:03 WARNING     expression in single or double quotes:
2026-06-28 10:29:03 WARNING         Found expression: 0.5ns
2026-06-28 10:29:03 WARNING         Expression as valid string: "0.5ns"
2026-06-28 10:29:03 WARNING     Expression will be treated as a string. This will be deprecated in version
2026-06-28 10:29:03 WARNING     0.4. Please wrap quotes around the expression to specify a string.
2026-06-28 10:29:03 INFO        Estimator plug-in identified by: /usr/local/share/accelergy/estimation_plug_ins/accelergy-table-based-plug-ins/table.estimator.yaml
2026-06-28 10:29:03 INFO        Estimator plug-in identified by: /usr/local/share/accelergy/estimation_plug_ins/accelergy-cacti-plug-in/cacti.estimator.yaml
2026-06-28 10:29:03 INFO        Estimator plug-in identified by: /usr/local/share/accelergy/estimation_plug_ins/dummy_tables/dummy.estimator.yaml
2026-06-28 10:29:03 INFO        Estimator plug-in identified by: /usr/local/share/accelergy/estimation_plug_ins/accelergy-aladdin-plug-in/aladdin.estimator.yaml
2026-06-28 10:29:03 INFO        Loading Python plug-in: /usr/local/share/accelergy/estimation_plug_ins/accelergy-cacti-plug-in/cacti_wrapper.py. Errors below are likely due to plug-in, not Accelergy.
2026-06-28 10:29:03 INFO        Getting all estimators in module <module 'python_plug_in0' from '/usr/local/share/accelergy/estimation_plug_ins/accelergy-cacti-plug-in/cacti_wrapper.py'>
2026-06-28 10:29:03 INFO        Added estimator CactiCache that estimates cache with actions idle, read, read_access, update, update_access, write, write_access, leak
2026-06-28 10:29:03 INFO        Added estimator CactiDRAM that estimates ['DRAM', 'dram'] with actions idle, read, update, write, leak
2026-06-28 10:29:03 INFO        Added estimator CactiSRAM that estimates ['SRAM', 'sram'] with actions idle, read, update, write, leak
2026-06-28 10:29:03 INFO        Done loading Python plug-ins.
2026-06-28 10:29:03 INFO        Found estimator plug-in: DEPRECATED table-based-plug-ins. Use the Library plug-in instead. (<SetsOfTables.SetsOfTables object at 0x709030c721d0>)
2026-06-28 10:29:03 INFO        Found estimator plug-in: dummy (<DummyTable.DummyTable object at 0x709030c54c70>)
2026-06-28 10:29:03 INFO        Found estimator plug-in: Aladdin_table (<AladdinTable.AladdinTable object at 0x709030c578e0>)
2026-06-28 10:29:03 INFO        Found estimator plug-in: CactiCache (<accelergy.plug_in_interface.estimator_wrapper.EstimatorWrapper object at 0x709030c57fd0>)
2026-06-28 10:29:03 INFO        Found estimator plug-in: CactiDRAM (<accelergy.plug_in_interface.estimator_wrapper.EstimatorWrapper object at 0x709030c56950>)
2026-06-28 10:29:03 INFO        Found estimator plug-in: CactiSRAM (<accelergy.plug_in_interface.estimator_wrapper.EstimatorWrapper object at 0x709030c56d40>)
2026-06-28 10:29:03 INFO        Calculated storage."technology" as "technology" = 45nm.
2026-06-28 10:29:03 INFO        Calculated storage."width" as "memory_width" = 128.
2026-06-28 10:29:03 INFO        Calculated storage."depth" as "memory_depth" = 1024.
2026-06-28 10:29:03 INFO        Calculated storage."n_rdwr_ports" as "n_rdwr_ports" = 2.
2026-06-28 10:29:03 INFO        Calculated storage."n_banks" as "n_banks" = 1.
2026-06-28 10:29:03 INFO        Calculated address_generators[0..1]."technology" as "technology" = 45nm.
2026-06-28 10:29:03 INFO        Calculated address_generators[0..1]."width" as "log(memory_depth)" = 6.931471805599453.
2026-06-28 10:29:03 INFO        Calculated index range expression as "n_banks" = 1.
2026-06-28 10:29:03 INFO        Calculated index range expression as "n_banks" = 1.
2026-06-28 10:29:03 INFO        Calculated System.ws.PE[0..15].PEInputBuffer.write.write."data_delta" as "data_delta" = 0.
2026-06-28 10:29:03 INFO        Calculated System.ws.PE[0..15].PEInputBuffer.write.write."address_delta" as "address_delta" = 0.
2026-06-28 10:29:03 INFO        Calculated System.ws.PE[0..15].PEInputBuffer.write.write."data_delta" as "data_delta" = 1.
2026-06-28 10:29:03 INFO        Calculated System.ws.PE[0..15].PEInputBuffer.write.write."address_delta" as "address_delta" = 0.
2026-06-28 10:29:03 INFO        Calculated System.ws.PE[0..15].PEInputBuffer.write.write."data_delta" as "data_delta" = 0.
2026-06-28 10:29:03 INFO        Calculated System.ws.PE[0..15].PEInputBuffer.write.write."address_delta" as "address_delta" = 1.
2026-06-28 10:29:03 INFO        Calculated System.ws.PE[0..15].PEInputBuffer.write.write."data_delta" as "data_delta" = 1.
2026-06-28 10:29:03 INFO        Calculated System.ws.PE[0..15].PEInputBuffer.write.write."address_delta" as "address_delta" = 1.
2026-06-28 10:29:03 INFO        Calculated System.ws.PE[0..15].PEInputBuffer.read.read."data_delta" as "data_delta" = 0.
2026-06-28 10:29:03 INFO        Calculated System.ws.PE[0..15].PEInputBuffer.read.read."address_delta" as "address_delta" = 0.
2026-06-28 10:29:03 INFO        Calculated System.ws.PE[0..15].PEInputBuffer.read.read."data_delta" as "data_delta" = 1.
2026-06-28 10:29:03 INFO        Calculated System.ws.PE[0..15].PEInputBuffer.read.read."address_delta" as "address_delta" = 0.
2026-06-28 10:29:03 INFO        Calculated System.ws.PE[0..15].PEInputBuffer.read.read."data_delta" as "data_delta" = 0.
2026-06-28 10:29:03 INFO        Calculated System.ws.PE[0..15].PEInputBuffer.read.read."address_delta" as "address_delta" = 1.
2026-06-28 10:29:03 INFO        Calculated System.ws.PE[0..15].PEInputBuffer.read.read."data_delta" as "data_delta" = 1.
2026-06-28 10:29:03 INFO        Calculated System.ws.PE[0..15].PEInputBuffer.read.read."address_delta" as "address_delta" = 1.
2026-06-28 10:29:03 INFO        Calculated storage."technology" as "technology" = 45nm.
2026-06-28 10:29:03 INFO        Calculated storage."width" as "memory_width" = 128.
2026-06-28 10:29:03 INFO        Calculated storage."depth" as "memory_depth" = 512.
2026-06-28 10:29:03 INFO        Calculated storage."n_rdwr_ports" as "n_rdwr_ports" = 2.
2026-06-28 10:29:03 INFO        Calculated storage."n_banks" as "n_banks" = 1.
2026-06-28 10:29:03 INFO        Calculated address_generators[0..1]."technology" as "technology" = 45nm.
2026-06-28 10:29:03 INFO        Calculated address_generators[0..1]."width" as "log(memory_depth)" = 6.238324625039508.
2026-06-28 10:29:03 INFO        Calculated index range expression as "n_banks" = 1.
2026-06-28 10:29:03 INFO        Calculated index range expression as "n_banks" = 1.
2026-06-28 10:29:03 INFO        Calculated System.ws.PE[0..15].PEWeightBuffer[0..7].write.write."data_delta" as "data_delta" = 0.
2026-06-28 10:29:03 INFO        Calculated System.ws.PE[0..15].PEWeightBuffer[0..7].write.write."address_delta" as "address_delta" = 0.
2026-06-28 10:29:03 INFO        Calculated System.ws.PE[0..15].PEWeightBuffer[0..7].write.write."data_delta" as "data_delta" = 1.
2026-06-28 10:29:03 INFO        Calculated System.ws.PE[0..15].PEWeightBuffer[0..7].write.write."address_delta" as "address_delta" = 0.
2026-06-28 10:29:03 INFO        Calculated System.ws.PE[0..15].PEWeightBuffer[0..7].write.write."data_delta" as "data_delta" = 0.
2026-06-28 10:29:03 INFO        Calculated System.ws.PE[0..15].PEWeightBuffer[0..7].write.write."address_delta" as "address_delta" = 1.
2026-06-28 10:29:03 INFO        Calculated System.ws.PE[0..15].PEWeightBuffer[0..7].write.write."data_delta" as "data_delta" = 1.
2026-06-28 10:29:03 INFO        Calculated System.ws.PE[0..15].PEWeightBuffer[0..7].write.write."address_delta" as "address_delta" = 1.
2026-06-28 10:29:03 INFO        Calculated System.ws.PE[0..15].PEWeightBuffer[0..7].read.read."data_delta" as "data_delta" = 0.
2026-06-28 10:29:03 INFO        Calculated System.ws.PE[0..15].PEWeightBuffer[0..7].read.read."address_delta" as "address_delta" = 0.
2026-06-28 10:29:03 INFO        Calculated System.ws.PE[0..15].PEWeightBuffer[0..7].read.read."data_delta" as "data_delta" = 1.
2026-06-28 10:29:03 INFO        Calculated System.ws.PE[0..15].PEWeightBuffer[0..7].read.read."address_delta" as "address_delta" = 0.
2026-06-28 10:29:03 INFO        Calculated System.ws.PE[0..15].PEWeightBuffer[0..7].read.read."data_delta" as "data_delta" = 0.
2026-06-28 10:29:03 INFO        Calculated System.ws.PE[0..15].PEWeightBuffer[0..7].read.read."address_delta" as "address_delta" = 1.
2026-06-28 10:29:03 INFO        Calculated System.ws.PE[0..15].PEWeightBuffer[0..7].read.read."data_delta" as "data_delta" = 1.
2026-06-28 10:29:03 INFO        Calculated System.ws.PE[0..15].PEWeightBuffer[0..7].read.read."address_delta" as "address_delta" = 1.
2026-06-28 10:29:03 INFO        Calculated storage."technology" as "technology" = 45nm.
2026-06-28 10:29:03 INFO        Calculated storage."width" as "memory_width" = 64.
2026-06-28 10:29:03 INFO        Calculated storage."depth" as "memory_depth" = 64.
2026-06-28 10:29:03 INFO        Calculated storage."n_rdwr_ports" as "n_rdwr_ports" = 2.
2026-06-28 10:29:03 INFO        Calculated storage."n_banks" as "n_banks" = 1.
2026-06-28 10:29:03 INFO        Calculated address_generators[0..1]."technology" as "technology" = 45nm.
2026-06-28 10:29:03 INFO        Calculated address_generators[0..1]."width" as "log(memory_depth)" = 4.1588830833596715.
2026-06-28 10:29:03 INFO        Calculated index range expression as "n_banks" = 1.
2026-06-28 10:29:03 INFO        Calculated index range expression as "n_banks" = 1.
2026-06-28 10:29:03 INFO        Calculated System.ws.PE[0..15].PEAccuBuffer[0..7].write.write."data_delta" as "data_delta" = 0.
2026-06-28 10:29:03 INFO        Calculated System.ws.PE[0..15].PEAccuBuffer[0..7].write.write."address_delta" as "address_delta" = 0.
2026-06-28 10:29:03 INFO        Calculated System.ws.PE[0..15].PEAccuBuffer[0..7].write.write."data_delta" as "data_delta" = 1.
2026-06-28 10:29:03 INFO        Calculated System.ws.PE[0..15].PEAccuBuffer[0..7].write.write."address_delta" as "address_delta" = 0.
2026-06-28 10:29:03 INFO        Calculated System.ws.PE[0..15].PEAccuBuffer[0..7].write.write."data_delta" as "data_delta" = 0.
2026-06-28 10:29:03 INFO        Calculated System.ws.PE[0..15].PEAccuBuffer[0..7].write.write."address_delta" as "address_delta" = 1.
2026-06-28 10:29:03 INFO        Calculated System.ws.PE[0..15].PEAccuBuffer[0..7].write.write."data_delta" as "data_delta" = 1.
2026-06-28 10:29:03 INFO        Calculated System.ws.PE[0..15].PEAccuBuffer[0..7].write.write."address_delta" as "address_delta" = 1.
2026-06-28 10:29:03 INFO        Calculated System.ws.PE[0..15].PEAccuBuffer[0..7].read.read."data_delta" as "data_delta" = 0.
2026-06-28 10:29:03 INFO        Calculated System.ws.PE[0..15].PEAccuBuffer[0..7].read.read."address_delta" as "address_delta" = 0.
2026-06-28 10:29:03 INFO        Calculated System.ws.PE[0..15].PEAccuBuffer[0..7].read.read."data_delta" as "data_delta" = 1.
2026-06-28 10:29:03 INFO        Calculated System.ws.PE[0..15].PEAccuBuffer[0..7].read.read."address_delta" as "address_delta" = 0.
2026-06-28 10:29:03 INFO        Calculated System.ws.PE[0..15].PEAccuBuffer[0..7].read.read."data_delta" as "data_delta" = 0.
2026-06-28 10:29:03 INFO        Calculated System.ws.PE[0..15].PEAccuBuffer[0..7].read.read."address_delta" as "address_delta" = 1.
2026-06-28 10:29:03 INFO        Calculated System.ws.PE[0..15].PEAccuBuffer[0..7].read.read."data_delta" as "data_delta" = 1.
2026-06-28 10:29:03 INFO        Calculated System.ws.PE[0..15].PEAccuBuffer[0..7].read.read."address_delta" as "address_delta" = 1.
2026-06-28 10:29:03 INFO        Calculated storage."technology" as "technology" = 45nm.
2026-06-28 10:29:03 INFO        Calculated storage."width" as "memory_width" = 32.
2026-06-28 10:29:03 INFO        Calculated storage."depth" as "memory_depth" = 1.
2026-06-28 10:29:03 INFO        Calculated storage."n_rdwr_ports" as "n_rdwr_ports" = 2.
2026-06-28 10:29:03 INFO        Calculated storage."n_banks" as "n_banks" = 1.
2026-06-28 10:29:03 INFO        Calculated address_generators[0..1]."technology" as "technology" = 45nm.
2026-06-28 10:29:03 INFO        Calculated address_generators[0..1]."width" as "log(memory_depth)" = 0.0.
2026-06-28 10:29:03 INFO        Calculated index range expression as "n_banks" = 1.
2026-06-28 10:29:03 INFO        Calculated index range expression as "n_banks" = 1.
2026-06-28 10:29:03 INFO        Calculated System.ws.PE[0..15].PEWeightRegs[0..63].write.write."data_delta" as "data_delta" = 0.
2026-06-28 10:29:03 INFO        Calculated System.ws.PE[0..15].PEWeightRegs[0..63].write.write."address_delta" as "address_delta" = 0.
2026-06-28 10:29:03 INFO        Calculated System.ws.PE[0..15].PEWeightRegs[0..63].write.write."data_delta" as "data_delta" = 1.
2026-06-28 10:29:03 INFO        Calculated System.ws.PE[0..15].PEWeightRegs[0..63].write.write."address_delta" as "address_delta" = 0.
2026-06-28 10:29:03 INFO        Calculated System.ws.PE[0..15].PEWeightRegs[0..63].write.write."data_delta" as "data_delta" = 0.
2026-06-28 10:29:03 INFO        Calculated System.ws.PE[0..15].PEWeightRegs[0..63].write.write."address_delta" as "address_delta" = 1.
2026-06-28 10:29:03 INFO        Calculated System.ws.PE[0..15].PEWeightRegs[0..63].write.write."data_delta" as "data_delta" = 1.
2026-06-28 10:29:03 INFO        Calculated System.ws.PE[0..15].PEWeightRegs[0..63].write.write."address_delta" as "address_delta" = 1.
2026-06-28 10:29:03 INFO        Calculated System.ws.PE[0..15].PEWeightRegs[0..63].read.read."data_delta" as "data_delta" = 0.
2026-06-28 10:29:03 INFO        Calculated System.ws.PE[0..15].PEWeightRegs[0..63].read.read."address_delta" as "address_delta" = 0.
2026-06-28 10:29:03 INFO        Calculated System.ws.PE[0..15].PEWeightRegs[0..63].read.read."data_delta" as "data_delta" = 1.
2026-06-28 10:29:03 INFO        Calculated System.ws.PE[0..15].PEWeightRegs[0..63].read.read."address_delta" as "address_delta" = 0.
2026-06-28 10:29:03 INFO        Calculated System.ws.PE[0..15].PEWeightRegs[0..63].read.read."data_delta" as "data_delta" = 0.
2026-06-28 10:29:03 INFO        Calculated System.ws.PE[0..15].PEWeightRegs[0..63].read.read."address_delta" as "address_delta" = 1.
2026-06-28 10:29:03 INFO        Calculated System.ws.PE[0..15].PEWeightRegs[0..63].read.read."data_delta" as "data_delta" = 1.
2026-06-28 10:29:03 INFO        Calculated System.ws.PE[0..15].PEWeightRegs[0..63].read.read."address_delta" as "address_delta" = 1.
2026-06-28 10:29:03 INFO        Calculated intmac."technology" as "technology" = 45nm.
2026-06-28 10:29:03 INFO        Calculated intmac."datawidth" as "datawidth" = 16.
2026-06-28 10:29:03 INFO        Calculated storage."technology" as "technology" = 45nm.
2026-06-28 10:29:03 INFO        Calculated storage."width" as "memory_width" = 512.
2026-06-28 10:29:03 INFO        Calculated storage."depth" as "memory_depth" = 2048.
2026-06-28 10:29:03 INFO        Calculated storage."n_rdwr_ports" as "n_rdwr_ports" = 2.
2026-06-28 10:29:03 INFO        Calculated storage."n_banks" as "n_banks" = 1.
2026-06-28 10:29:03 INFO        Calculated address_generators[0..1]."technology" as "technology" = 45nm.
2026-06-28 10:29:03 INFO        Calculated address_generators[0..1]."width" as "log(memory_depth)" = 7.6246189861593985.
2026-06-28 10:29:03 INFO        Calculated index range expression as "n_banks" = 1.
2026-06-28 10:29:03 INFO        Calculated index range expression as "n_banks" = 1.
2026-06-28 10:29:03 INFO        Calculated System.ws.GlobalBuffer.write.write."data_delta" as "data_delta" = 0.
2026-06-28 10:29:03 INFO        Calculated System.ws.GlobalBuffer.write.write."address_delta" as "address_delta" = 0.
2026-06-28 10:29:03 INFO        Calculated System.ws.GlobalBuffer.write.write."data_delta" as "data_delta" = 1.
2026-06-28 10:29:03 INFO        Calculated System.ws.GlobalBuffer.write.write."address_delta" as "address_delta" = 0.
2026-06-28 10:29:03 INFO        Calculated System.ws.GlobalBuffer.write.write."data_delta" as "data_delta" = 0.
2026-06-28 10:29:03 INFO        Calculated System.ws.GlobalBuffer.write.write."address_delta" as "address_delta" = 1.
2026-06-28 10:29:03 INFO        Calculated System.ws.GlobalBuffer.write.write."data_delta" as "data_delta" = 1.
2026-06-28 10:29:03 INFO        Calculated System.ws.GlobalBuffer.write.write."address_delta" as "address_delta" = 1.
2026-06-28 10:29:03 INFO        Calculated System.ws.GlobalBuffer.read.read."data_delta" as "data_delta" = 0.
2026-06-28 10:29:03 INFO        Calculated System.ws.GlobalBuffer.read.read."address_delta" as "address_delta" = 0.
2026-06-28 10:29:03 INFO        Calculated System.ws.GlobalBuffer.read.read."data_delta" as "data_delta" = 1.
2026-06-28 10:29:03 INFO        Calculated System.ws.GlobalBuffer.read.read."address_delta" as "address_delta" = 0.
2026-06-28 10:29:03 INFO        Calculated System.ws.GlobalBuffer.read.read."data_delta" as "data_delta" = 0.
2026-06-28 10:29:03 INFO        Calculated System.ws.GlobalBuffer.read.read."address_delta" as "address_delta" = 1.
2026-06-28 10:29:03 INFO        Calculated System.ws.GlobalBuffer.read.read."data_delta" as "data_delta" = 1.
2026-06-28 10:29:03 INFO        Calculated System.ws.GlobalBuffer.read.read."address_delta" as "address_delta" = 1.
2026-06-28 10:29:03 INFO        
2026-06-28 10:29:03 INFO        ENERGY ESTIMATION for SRAM(technology=45nm, width=128, depth=1024, n_rdwr_ports=2, n_banks=1, global_cycle_seconds=5e-10).write(data_delta=0, address_delta=0, global_cycle_seconds=5e-10)
2026-06-28 10:29:04 INFO        CactiSRAM estimated 0.0 with accuracy 80%. Messages:
2026-06-28 10:29:04 INFO        | Unused arguments (n_rdwr_ports, global_cycle_seconds) provided for ['SRAM', 'sram'].__init__. Arguments used: (technology, width, depth, n_banks)
2026-06-28 10:29:04 INFO        | Unused arguments (global_cycle_seconds) provided for ['SRAM', 'sram'].write. Arguments used: (data_delta, address_delta)
2026-06-28 10:29:04 INFO        | Calling CACTI with cache_size=16384 n_rw_ports=1 block_size=16 tech_node_um=0.045 n_banks=1 tag_size=0 associativity=1
2026-06-28 10:29:04 INFO        | Calling CACTI with input path /usr/local/share/accelergy/estimation_plug_ins/accelergy-cacti-plug-in/cacti_inputs_outputs/tmp82hcc8lb
2026-06-28 10:29:04 INFO        | CACTI output will be written to /usr/local/share/accelergy/estimation_plug_ins/accelergy-cacti-plug-in/cacti_inputs_outputs/tmpxbac1jcc
2026-06-28 10:29:04 INFO        | CACTI executable not found at /usr/local/share/accelergy/estimation_plug_ins/accelergy-cacti-plug-in/cacti/cacti
2026-06-28 10:29:04 INFO        | Calling: cd /usr/local/share/accelergy/estimation_plug_ins/accelergy-cacti-plug-in ; ./cacti -infile /usr/local/share/accelergy/estimation_plug_ins/accelergy-cacti-plug-in/cacti_inputs_outputs/tmp82hcc8lb >> /usr/local/share/accelergy/estimation_plug_ins/accelergy-cacti-plug-in/cacti_inputs_outputs/tmpxbac1jcc 2>&1
2026-06-28 10:29:04 INFO        | Cache bandwidth: 16.0 bytes/cycle
2026-06-28 10:29:04 INFO        | Cache bandwidth: 113563773156.36313 bits/second
2026-06-28 10:29:04 INFO        
2026-06-28 10:29:04 INFO        ENERGY ESTIMATION for intadder(technology=45nm, width=6.931471805599453, global_cycle_seconds=5e-10).count(global_cycle_seconds=5e-10)
2026-06-28 10:29:04 INFO        dummy estimated 1p with accuracy 1%. 
2026-06-28 10:29:04 INFO        Plug-ins provided accuracy, but failed to estimate:
2026-06-28 10:29:04 INFO        | Aladdin_table with accuracy 70% estimating value: KeyError: 'action_latency_cycles'
2026-06-28 10:29:04 INFO        
2026-06-28 10:29:04 INFO        ENERGY ESTIMATION for intadder(technology=45nm, width=6.931471805599453, global_cycle_seconds=5e-10).idle(global_cycle_seconds=5e-10)
2026-06-28 10:29:04 INFO        dummy estimated 1p with accuracy 1%. 
2026-06-28 10:29:04 INFO        Plug-ins provided accuracy, but failed to estimate:
2026-06-28 10:29:04 INFO        | Aladdin_table with accuracy 70% estimating value: KeyError: 'action_latency_cycles'
2026-06-28 10:29:04 INFO        
2026-06-28 10:29:04 INFO        ENERGY ESTIMATION for SRAM(technology=45nm, width=128, depth=1024, n_rdwr_ports=2, n_banks=1, global_cycle_seconds=5e-10).write(data_delta=1, address_delta=0, global_cycle_seconds=5e-10)
2026-06-28 10:29:04 INFO        CactiSRAM estimated 1.6255679999999998e-11 with accuracy 80%. Messages:
2026-06-28 10:29:04 INFO        | Unused arguments (n_rdwr_ports, global_cycle_seconds) provided for ['SRAM', 'sram'].__init__. Arguments used: (technology, width, depth, n_banks)
2026-06-28 10:29:04 INFO        | Unused arguments (global_cycle_seconds) provided for ['SRAM', 'sram'].write. Arguments used: (data_delta, address_delta)
2026-06-28 10:29:04 INFO        | Calling CACTI with cache_size=16384 n_rw_ports=1 block_size=16 tech_node_um=0.045 n_banks=1 tag_size=0 associativity=1
2026-06-28 10:29:04 INFO        | Calling CACTI with input path /usr/local/share/accelergy/estimation_plug_ins/accelergy-cacti-plug-in/cacti_inputs_outputs/tmpza5ctvsa
2026-06-28 10:29:04 INFO        | CACTI output will be written to /usr/local/share/accelergy/estimation_plug_ins/accelergy-cacti-plug-in/cacti_inputs_outputs/tmpbpuns5ix
2026-06-28 10:29:04 INFO        | CACTI executable not found at /usr/local/share/accelergy/estimation_plug_ins/accelergy-cacti-plug-in/cacti/cacti
2026-06-28 10:29:04 INFO        | Calling: cd /usr/local/share/accelergy/estimation_plug_ins/accelergy-cacti-plug-in ; ./cacti -infile /usr/local/share/accelergy/estimation_plug_ins/accelergy-cacti-plug-in/cacti_inputs_outputs/tmpza5ctvsa >> /usr/local/share/accelergy/estimation_plug_ins/accelergy-cacti-plug-in/cacti_inputs_outputs/tmpbpuns5ix 2>&1
2026-06-28 10:29:04 INFO        | Cache bandwidth: 16.0 bytes/cycle
2026-06-28 10:29:04 INFO        | Cache bandwidth: 113563773156.36313 bits/second
2026-06-28 10:29:04 INFO        
2026-06-28 10:29:04 INFO        ENERGY ESTIMATION for intadder(technology=45nm, width=6.931471805599453, global_cycle_seconds=5e-10).count(global_cycle_seconds=5e-10)
2026-06-28 10:29:04 INFO        dummy estimated 1p with accuracy 1%. 
2026-06-28 10:29:04 INFO        Plug-ins provided accuracy, but failed to estimate:
2026-06-28 10:29:04 INFO        | Aladdin_table with accuracy 70% estimating value: KeyError: 'action_latency_cycles'
2026-06-28 10:29:04 INFO        
2026-06-28 10:29:04 INFO        ENERGY ESTIMATION for intadder(technology=45nm, width=6.931471805599453, global_cycle_seconds=5e-10).idle(global_cycle_seconds=5e-10)
2026-06-28 10:29:04 INFO        dummy estimated 1p with accuracy 1%. 
2026-06-28 10:29:04 INFO        Plug-ins provided accuracy, but failed to estimate:
2026-06-28 10:29:04 INFO        | Aladdin_table with accuracy 70% estimating value: KeyError: 'action_latency_cycles'
2026-06-28 10:29:04 INFO        
2026-06-28 10:29:04 INFO        ENERGY ESTIMATION for SRAM(technology=45nm, width=128, depth=1024, n_rdwr_ports=2, n_banks=1, global_cycle_seconds=5e-10).write(data_delta=0, address_delta=1, global_cycle_seconds=5e-10)
2026-06-28 10:29:04 INFO        CactiSRAM estimated 6.96672e-12 with accuracy 80%. Messages:
2026-06-28 10:29:04 INFO        | Unused arguments (n_rdwr_ports, global_cycle_seconds) provided for ['SRAM', 'sram'].__init__. Arguments used: (technology, width, depth, n_banks)
2026-06-28 10:29:04 INFO        | Unused arguments (global_cycle_seconds) provided for ['SRAM', 'sram'].write. Arguments used: (data_delta, address_delta)
2026-06-28 10:29:04 INFO        | Calling CACTI with cache_size=16384 n_rw_ports=1 block_size=16 tech_node_um=0.045 n_banks=1 tag_size=0 associativity=1
2026-06-28 10:29:04 INFO        | Calling CACTI with input path /usr/local/share/accelergy/estimation_plug_ins/accelergy-cacti-plug-in/cacti_inputs_outputs/tmpyv4idwsh
2026-06-28 10:29:04 INFO        | CACTI output will be written to /usr/local/share/accelergy/estimation_plug_ins/accelergy-cacti-plug-in/cacti_inputs_outputs/tmpihbo3e_y
2026-06-28 10:29:04 INFO        | CACTI executable not found at /usr/local/share/accelergy/estimation_plug_ins/accelergy-cacti-plug-in/cacti/cacti
2026-06-28 10:29:04 INFO        | Calling: cd /usr/local/share/accelergy/estimation_plug_ins/accelergy-cacti-plug-in ; ./cacti -infile /usr/local/share/accelergy/estimation_plug_ins/accelergy-cacti-plug-in/cacti_inputs_outputs/tmpyv4idwsh >> /usr/local/share/accelergy/estimation_plug_ins/accelergy-cacti-plug-in/cacti_inputs_outputs/tmpihbo3e_y 2>&1
2026-06-28 10:29:04 INFO        | Cache bandwidth: 16.0 bytes/cycle
2026-06-28 10:29:04 INFO        | Cache bandwidth: 113563773156.36313 bits/second
2026-06-28 10:29:04 INFO        
2026-06-28 10:29:04 INFO        ENERGY ESTIMATION for intadder(technology=45nm, width=6.931471805599453, global_cycle_seconds=5e-10).count(global_cycle_seconds=5e-10)
2026-06-28 10:29:04 INFO        dummy estimated 1p with accuracy 1%. 
2026-06-28 10:29:04 INFO        Plug-ins provided accuracy, but failed to estimate:
2026-06-28 10:29:04 INFO        | Aladdin_table with accuracy 70% estimating value: KeyError: 'action_latency_cycles'
2026-06-28 10:29:04 INFO        
2026-06-28 10:29:04 INFO        ENERGY ESTIMATION for intadder(technology=45nm, width=6.931471805599453, global_cycle_seconds=5e-10).idle(global_cycle_seconds=5e-10)
2026-06-28 10:29:04 INFO        dummy estimated 1p with accuracy 1%. 
2026-06-28 10:29:04 INFO        Plug-ins provided accuracy, but failed to estimate:
2026-06-28 10:29:04 INFO        | Aladdin_table with accuracy 70% estimating value: KeyError: 'action_latency_cycles'
2026-06-28 10:29:04 INFO        
2026-06-28 10:29:04 INFO        ENERGY ESTIMATION for SRAM(technology=45nm, width=128, depth=1024, n_rdwr_ports=2, n_banks=1, global_cycle_seconds=5e-10).write(data_delta=1, address_delta=1, global_cycle_seconds=5e-10)
2026-06-28 10:29:04 INFO        CactiSRAM estimated 2.32224e-11 with accuracy 80%. Messages:
2026-06-28 10:29:04 INFO        | Unused arguments (n_rdwr_ports, global_cycle_seconds) provided for ['SRAM', 'sram'].__init__. Arguments used: (technology, width, depth, n_banks)
2026-06-28 10:29:04 INFO        | Unused arguments (global_cycle_seconds) provided for ['SRAM', 'sram'].write. Arguments used: (data_delta, address_delta)
2026-06-28 10:29:04 INFO        | Calling CACTI with cache_size=16384 n_rw_ports=1 block_size=16 tech_node_um=0.045 n_banks=1 tag_size=0 associativity=1
2026-06-28 10:29:04 INFO        | Calling CACTI with input path /usr/local/share/accelergy/estimation_plug_ins/accelergy-cacti-plug-in/cacti_inputs_outputs/tmpnqowsvep
2026-06-28 10:29:04 INFO        | CACTI output will be written to /usr/local/share/accelergy/estimation_plug_ins/accelergy-cacti-plug-in/cacti_inputs_outputs/tmpvnnot723
2026-06-28 10:29:04 INFO        | CACTI executable not found at /usr/local/share/accelergy/estimation_plug_ins/accelergy-cacti-plug-in/cacti/cacti
2026-06-28 10:29:04 INFO        | Calling: cd /usr/local/share/accelergy/estimation_plug_ins/accelergy-cacti-plug-in ; ./cacti -infile /usr/local/share/accelergy/estimation_plug_ins/accelergy-cacti-plug-in/cacti_inputs_outputs/tmpnqowsvep >> /usr/local/share/accelergy/estimation_plug_ins/accelergy-cacti-plug-in/cacti_inputs_outputs/tmpvnnot723 2>&1
2026-06-28 10:29:04 INFO        | Cache bandwidth: 16.0 bytes/cycle
2026-06-28 10:29:04 INFO        | Cache bandwidth: 113563773156.36313 bits/second
2026-06-28 10:29:04 INFO        
2026-06-28 10:29:04 INFO        ENERGY ESTIMATION for intadder(technology=45nm, width=6.931471805599453, global_cycle_seconds=5e-10).count(global_cycle_seconds=5e-10)
2026-06-28 10:29:04 INFO        dummy estimated 1p with accuracy 1%. 
2026-06-28 10:29:04 INFO        Plug-ins provided accuracy, but failed to estimate:
2026-06-28 10:29:04 INFO        | Aladdin_table with accuracy 70% estimating value: KeyError: 'action_latency_cycles'
2026-06-28 10:29:04 INFO        
2026-06-28 10:29:04 INFO        ENERGY ESTIMATION for intadder(technology=45nm, width=6.931471805599453, global_cycle_seconds=5e-10).idle(global_cycle_seconds=5e-10)
2026-06-28 10:29:04 INFO        dummy estimated 1p with accuracy 1%. 
2026-06-28 10:29:04 INFO        Plug-ins provided accuracy, but failed to estimate:
2026-06-28 10:29:04 INFO        | Aladdin_table with accuracy 70% estimating value: KeyError: 'action_latency_cycles'
2026-06-28 10:29:04 INFO        
2026-06-28 10:29:04 INFO        ENERGY ESTIMATION for SRAM(technology=45nm, width=128, depth=1024, n_rdwr_ports=2, n_banks=1, global_cycle_seconds=5e-10).read(data_delta=0, address_delta=0, global_cycle_seconds=5e-10)
2026-06-28 10:29:04 INFO        CactiSRAM estimated 0.0 with accuracy 80%. Messages:
2026-06-28 10:29:04 INFO        | Unused arguments (n_rdwr_ports, global_cycle_seconds) provided for ['SRAM', 'sram'].__init__. Arguments used: (technology, width, depth, n_banks)
2026-06-28 10:29:04 INFO        | Unused arguments (global_cycle_seconds) provided for ['SRAM', 'sram'].read. Arguments used: (data_delta, address_delta)
2026-06-28 10:29:04 INFO        | Calling CACTI with cache_size=16384 n_rw_ports=1 block_size=16 tech_node_um=0.045 n_banks=1 tag_size=0 associativity=1
2026-06-28 10:29:04 INFO        | Calling CACTI with input path /usr/local/share/accelergy/estimation_plug_ins/accelergy-cacti-plug-in/cacti_inputs_outputs/tmpo1p_dua_
2026-06-28 10:29:04 INFO        | CACTI output will be written to /usr/local/share/accelergy/estimation_plug_ins/accelergy-cacti-plug-in/cacti_inputs_outputs/tmpxsp2lhm0
2026-06-28 10:29:04 INFO        | CACTI executable not found at /usr/local/share/accelergy/estimation_plug_ins/accelergy-cacti-plug-in/cacti/cacti
2026-06-28 10:29:04 INFO        | Calling: cd /usr/local/share/accelergy/estimation_plug_ins/accelergy-cacti-plug-in ; ./cacti -infile /usr/local/share/accelergy/estimation_plug_ins/accelergy-cacti-plug-in/cacti_inputs_outputs/tmpo1p_dua_ >> /usr/local/share/accelergy/estimation_plug_ins/accelergy-cacti-plug-in/cacti_inputs_outputs/tmpxsp2lhm0 2>&1
2026-06-28 10:29:04 INFO        | Cache bandwidth: 16.0 bytes/cycle
2026-06-28 10:29:04 INFO        | Cache bandwidth: 113563773156.36313 bits/second
2026-06-28 10:29:04 INFO        
2026-06-28 10:29:04 INFO        ENERGY ESTIMATION for intadder(technology=45nm, width=6.931471805599453, global_cycle_seconds=5e-10).add(global_cycle_seconds=5e-10)
2026-06-28 10:29:04 INFO        dummy estimated 1p with accuracy 1%. 
2026-06-28 10:29:04 INFO        Plug-ins provided accuracy, but failed to estimate:
2026-06-28 10:29:04 INFO        | Aladdin_table with accuracy 70% estimating value: KeyError: 'action_latency_cycles'
2026-06-28 10:29:04 INFO        
2026-06-28 10:29:04 INFO        ENERGY ESTIMATION for intadder(technology=45nm, width=6.931471805599453, global_cycle_seconds=5e-10).idle(global_cycle_seconds=5e-10)
2026-06-28 10:29:04 INFO        dummy estimated 1p with accuracy 1%. 
2026-06-28 10:29:04 INFO        Plug-ins provided accuracy, but failed to estimate:
2026-06-28 10:29:04 INFO        | Aladdin_table with accuracy 70% estimating value: KeyError: 'action_latency_cycles'
2026-06-28 10:29:04 INFO        
2026-06-28 10:29:04 INFO        ENERGY ESTIMATION for SRAM(technology=45nm, width=128, depth=1024, n_rdwr_ports=2, n_banks=1, global_cycle_seconds=5e-10).read(data_delta=1, address_delta=0, global_cycle_seconds=5e-10)
2026-06-28 10:29:04 INFO        CactiSRAM estimated 7.523669999999999e-12 with accuracy 80%. Messages:
2026-06-28 10:29:04 INFO        | Unused arguments (n_rdwr_ports, global_cycle_seconds) provided for ['SRAM', 'sram'].__init__. Arguments used: (technology, width, depth, n_banks)
2026-06-28 10:29:04 INFO        | Unused arguments (global_cycle_seconds) provided for ['SRAM', 'sram'].read. Arguments used: (data_delta, address_delta)
2026-06-28 10:29:04 INFO        | Calling CACTI with cache_size=16384 n_rw_ports=1 block_size=16 tech_node_um=0.045 n_banks=1 tag_size=0 associativity=1
2026-06-28 10:29:04 INFO        | Calling CACTI with input path /usr/local/share/accelergy/estimation_plug_ins/accelergy-cacti-plug-in/cacti_inputs_outputs/tmp8os4wjg5
2026-06-28 10:29:04 INFO        | CACTI output will be written to /usr/local/share/accelergy/estimation_plug_ins/accelergy-cacti-plug-in/cacti_inputs_outputs/tmprloeqqvk
2026-06-28 10:29:04 INFO        | CACTI executable not found at /usr/local/share/accelergy/estimation_plug_ins/accelergy-cacti-plug-in/cacti/cacti
2026-06-28 10:29:04 INFO        | Calling: cd /usr/local/share/accelergy/estimation_plug_ins/accelergy-cacti-plug-in ; ./cacti -infile /usr/local/share/accelergy/estimation_plug_ins/accelergy-cacti-plug-in/cacti_inputs_outputs/tmp8os4wjg5 >> /usr/local/share/accelergy/estimation_plug_ins/accelergy-cacti-plug-in/cacti_inputs_outputs/tmprloeqqvk 2>&1
2026-06-28 10:29:04 INFO        | Cache bandwidth: 16.0 bytes/cycle
2026-06-28 10:29:04 INFO        | Cache bandwidth: 113563773156.36313 bits/second
2026-06-28 10:29:04 INFO        
2026-06-28 10:29:04 INFO        ENERGY ESTIMATION for intadder(technology=45nm, width=6.931471805599453, global_cycle_seconds=5e-10).add(global_cycle_seconds=5e-10)
2026-06-28 10:29:04 INFO        dummy estimated 1p with accuracy 1%. 
2026-06-28 10:29:04 INFO        Plug-ins provided accuracy, but failed to estimate:
2026-06-28 10:29:04 INFO        | Aladdin_table with accuracy 70% estimating value: KeyError: 'action_latency_cycles'
2026-06-28 10:29:04 INFO        
2026-06-28 10:29:04 INFO        ENERGY ESTIMATION for intadder(technology=45nm, width=6.931471805599453, global_cycle_seconds=5e-10).idle(global_cycle_seconds=5e-10)
2026-06-28 10:29:04 INFO        dummy estimated 1p with accuracy 1%. 
2026-06-28 10:29:04 INFO        Plug-ins provided accuracy, but failed to estimate:
2026-06-28 10:29:04 INFO        | Aladdin_table with accuracy 70% estimating value: KeyError: 'action_latency_cycles'
2026-06-28 10:29:04 INFO        
2026-06-28 10:29:04 INFO        ENERGY ESTIMATION for SRAM(technology=45nm, width=128, depth=1024, n_rdwr_ports=2, n_banks=1, global_cycle_seconds=5e-10).read(data_delta=0, address_delta=1, global_cycle_seconds=5e-10)
2026-06-28 10:29:05 INFO        CactiSRAM estimated 3.22443e-12 with accuracy 80%. Messages:
2026-06-28 10:29:05 INFO        | Unused arguments (n_rdwr_ports, global_cycle_seconds) provided for ['SRAM', 'sram'].__init__. Arguments used: (technology, width, depth, n_banks)
2026-06-28 10:29:05 INFO        | Unused arguments (global_cycle_seconds) provided for ['SRAM', 'sram'].read. Arguments used: (data_delta, address_delta)
2026-06-28 10:29:05 INFO        | Calling CACTI with cache_size=16384 n_rw_ports=1 block_size=16 tech_node_um=0.045 n_banks=1 tag_size=0 associativity=1
2026-06-28 10:29:05 INFO        | Calling CACTI with input path /usr/local/share/accelergy/estimation_plug_ins/accelergy-cacti-plug-in/cacti_inputs_outputs/tmpwrpknyd5
2026-06-28 10:29:05 INFO        | CACTI output will be written to /usr/local/share/accelergy/estimation_plug_ins/accelergy-cacti-plug-in/cacti_inputs_outputs/tmpna7k54j5
2026-06-28 10:29:05 INFO        | CACTI executable not found at /usr/local/share/accelergy/estimation_plug_ins/accelergy-cacti-plug-in/cacti/cacti
2026-06-28 10:29:05 INFO        | Calling: cd /usr/local/share/accelergy/estimation_plug_ins/accelergy-cacti-plug-in ; ./cacti -infile /usr/local/share/accelergy/estimation_plug_ins/accelergy-cacti-plug-in/cacti_inputs_outputs/tmpwrpknyd5 >> /usr/local/share/accelergy/estimation_plug_ins/accelergy-cacti-plug-in/cacti_inputs_outputs/tmpna7k54j5 2>&1
2026-06-28 10:29:05 INFO        | Cache bandwidth: 16.0 bytes/cycle
2026-06-28 10:29:05 INFO        | Cache bandwidth: 113563773156.36313 bits/second
2026-06-28 10:29:05 INFO        
2026-06-28 10:29:05 INFO        ENERGY ESTIMATION for intadder(technology=45nm, width=6.931471805599453, global_cycle_seconds=5e-10).add(global_cycle_seconds=5e-10)
2026-06-28 10:29:05 INFO        dummy estimated 1p with accuracy 1%. 
2026-06-28 10:29:05 INFO        Plug-ins provided accuracy, but failed to estimate:
2026-06-28 10:29:05 INFO        | Aladdin_table with accuracy 70% estimating value: KeyError: 'action_latency_cycles'
2026-06-28 10:29:05 INFO        
2026-06-28 10:29:05 INFO        ENERGY ESTIMATION for intadder(technology=45nm, width=6.931471805599453, global_cycle_seconds=5e-10).idle(global_cycle_seconds=5e-10)
2026-06-28 10:29:05 INFO        dummy estimated 1p with accuracy 1%. 
2026-06-28 10:29:05 INFO        Plug-ins provided accuracy, but failed to estimate:
2026-06-28 10:29:05 INFO        | Aladdin_table with accuracy 70% estimating value: KeyError: 'action_latency_cycles'
2026-06-28 10:29:05 INFO        
2026-06-28 10:29:05 INFO        ENERGY ESTIMATION for SRAM(technology=45nm, width=128, depth=1024, n_rdwr_ports=2, n_banks=1, global_cycle_seconds=5e-10).read(data_delta=1, address_delta=1, global_cycle_seconds=5e-10)
2026-06-28 10:29:05 INFO        CactiSRAM estimated 1.07481e-11 with accuracy 80%. Messages:
2026-06-28 10:29:05 INFO        | Unused arguments (n_rdwr_ports, global_cycle_seconds) provided for ['SRAM', 'sram'].__init__. Arguments used: (technology, width, depth, n_banks)
2026-06-28 10:29:05 INFO        | Unused arguments (global_cycle_seconds) provided for ['SRAM', 'sram'].read. Arguments used: (data_delta, address_delta)
2026-06-28 10:29:05 INFO        | Calling CACTI with cache_size=16384 n_rw_ports=1 block_size=16 tech_node_um=0.045 n_banks=1 tag_size=0 associativity=1
2026-06-28 10:29:05 INFO        | Calling CACTI with input path /usr/local/share/accelergy/estimation_plug_ins/accelergy-cacti-plug-in/cacti_inputs_outputs/tmpvtu2w7f7
2026-06-28 10:29:05 INFO        | CACTI output will be written to /usr/local/share/accelergy/estimation_plug_ins/accelergy-cacti-plug-in/cacti_inputs_outputs/tmprcsrg1of
2026-06-28 10:29:05 INFO        | CACTI executable not found at /usr/local/share/accelergy/estimation_plug_ins/accelergy-cacti-plug-in/cacti/cacti
2026-06-28 10:29:05 INFO        | Calling: cd /usr/local/share/accelergy/estimation_plug_ins/accelergy-cacti-plug-in ; ./cacti -infile /usr/local/share/accelergy/estimation_plug_ins/accelergy-cacti-plug-in/cacti_inputs_outputs/tmpvtu2w7f7 >> /usr/local/share/accelergy/estimation_plug_ins/accelergy-cacti-plug-in/cacti_inputs_outputs/tmprcsrg1of 2>&1
2026-06-28 10:29:05 INFO        | Cache bandwidth: 16.0 bytes/cycle
2026-06-28 10:29:05 INFO        | Cache bandwidth: 113563773156.36313 bits/second
2026-06-28 10:29:05 INFO        
2026-06-28 10:29:05 INFO        ENERGY ESTIMATION for intadder(technology=45nm, width=6.931471805599453, global_cycle_seconds=5e-10).add(global_cycle_seconds=5e-10)
2026-06-28 10:29:05 INFO        dummy estimated 1p with accuracy 1%. 
2026-06-28 10:29:05 INFO        Plug-ins provided accuracy, but failed to estimate:
2026-06-28 10:29:05 INFO        | Aladdin_table with accuracy 70% estimating value: KeyError: 'action_latency_cycles'
2026-06-28 10:29:05 INFO        
2026-06-28 10:29:05 INFO        ENERGY ESTIMATION for intadder(technology=45nm, width=6.931471805599453, global_cycle_seconds=5e-10).idle(global_cycle_seconds=5e-10)
2026-06-28 10:29:05 INFO        dummy estimated 1p with accuracy 1%. 
2026-06-28 10:29:05 INFO        Plug-ins provided accuracy, but failed to estimate:
2026-06-28 10:29:05 INFO        | Aladdin_table with accuracy 70% estimating value: KeyError: 'action_latency_cycles'
2026-06-28 10:29:05 INFO        
2026-06-28 10:29:05 INFO        ENERGY ESTIMATION for SRAM(technology=45nm, width=128, depth=1024, n_rdwr_ports=2, n_banks=1, global_cycle_seconds=5e-10).idle(global_cycle_seconds=5e-10)
2026-06-28 10:29:05 INFO        CactiSRAM estimated 0 with accuracy 80%. Messages:
2026-06-28 10:29:05 INFO        | Unused arguments (n_rdwr_ports, global_cycle_seconds) provided for ['SRAM', 'sram'].__init__. Arguments used: (technology, width, depth, n_banks)
2026-06-28 10:29:05 INFO        | Unused arguments (global_cycle_seconds) provided for ['SRAM', 'sram'].idle. Arguments used: ()
2026-06-28 10:29:05 INFO        
2026-06-28 10:29:05 INFO        ENERGY ESTIMATION for intadder(technology=45nm, width=6.931471805599453, global_cycle_seconds=5e-10).idle(global_cycle_seconds=5e-10)
2026-06-28 10:29:05 INFO        dummy estimated 1p with accuracy 1%. 
2026-06-28 10:29:05 INFO        Plug-ins provided accuracy, but failed to estimate:
2026-06-28 10:29:05 INFO        | Aladdin_table with accuracy 70% estimating value: KeyError: 'action_latency_cycles'
2026-06-28 10:29:05 INFO        
2026-06-28 10:29:05 INFO        ENERGY ESTIMATION for SRAM(technology=45nm, width=128, depth=512, n_rdwr_ports=2, n_banks=1, global_cycle_seconds=5e-10).write(data_delta=0, address_delta=0, global_cycle_seconds=5e-10)
2026-06-28 10:29:05 INFO        CactiSRAM estimated 0.0 with accuracy 80%. Messages:
2026-06-28 10:29:05 INFO        | Unused arguments (n_rdwr_ports, global_cycle_seconds) provided for ['SRAM', 'sram'].__init__. Arguments used: (technology, width, depth, n_banks)
2026-06-28 10:29:05 INFO        | Unused arguments (global_cycle_seconds) provided for ['SRAM', 'sram'].write. Arguments used: (data_delta, address_delta)
2026-06-28 10:29:05 INFO        | Calling CACTI with cache_size=8192 n_rw_ports=1 block_size=16 tech_node_um=0.045 n_banks=1 tag_size=0 associativity=1
2026-06-28 10:29:05 INFO        | Calling CACTI with input path /usr/local/share/accelergy/estimation_plug_ins/accelergy-cacti-plug-in/cacti_inputs_outputs/tmphidjdw36
2026-06-28 10:29:05 INFO        | CACTI output will be written to /usr/local/share/accelergy/estimation_plug_ins/accelergy-cacti-plug-in/cacti_inputs_outputs/tmpe0c_03fh
2026-06-28 10:29:05 INFO        | CACTI executable not found at /usr/local/share/accelergy/estimation_plug_ins/accelergy-cacti-plug-in/cacti/cacti
2026-06-28 10:29:05 INFO        | Calling: cd /usr/local/share/accelergy/estimation_plug_ins/accelergy-cacti-plug-in ; ./cacti -infile /usr/local/share/accelergy/estimation_plug_ins/accelergy-cacti-plug-in/cacti_inputs_outputs/tmphidjdw36 >> /usr/local/share/accelergy/estimation_plug_ins/accelergy-cacti-plug-in/cacti_inputs_outputs/tmpe0c_03fh 2>&1
2026-06-28 10:29:05 INFO        | Cache bandwidth: 16.0 bytes/cycle
2026-06-28 10:29:05 INFO        | Cache bandwidth: 144426980313.92557 bits/second
2026-06-28 10:29:05 INFO        
2026-06-28 10:29:05 INFO        ENERGY ESTIMATION for intadder(technology=45nm, width=6.238324625039508, global_cycle_seconds=5e-10).count(global_cycle_seconds=5e-10)
2026-06-28 10:29:05 INFO        dummy estimated 1p with accuracy 1%. 
2026-06-28 10:29:05 INFO        Plug-ins provided accuracy, but failed to estimate:
2026-06-28 10:29:05 INFO        | Aladdin_table with accuracy 70% estimating value: KeyError: 'action_latency_cycles'
2026-06-28 10:29:05 INFO        
2026-06-28 10:29:05 INFO        ENERGY ESTIMATION for intadder(technology=45nm, width=6.238324625039508, global_cycle_seconds=5e-10).idle(global_cycle_seconds=5e-10)
2026-06-28 10:29:05 INFO        dummy estimated 1p with accuracy 1%. 
2026-06-28 10:29:05 INFO        Plug-ins provided accuracy, but failed to estimate:
2026-06-28 10:29:05 INFO        | Aladdin_table with accuracy 70% estimating value: KeyError: 'action_latency_cycles'
2026-06-28 10:29:05 INFO        
2026-06-28 10:29:05 INFO        ENERGY ESTIMATION for SRAM(technology=45nm, width=128, depth=512, n_rdwr_ports=2, n_banks=1, global_cycle_seconds=5e-10).write(data_delta=1, address_delta=0, global_cycle_seconds=5e-10)
2026-06-28 10:29:05 INFO        CactiSRAM estimated 9.83668e-12 with accuracy 80%. Messages:
2026-06-28 10:29:05 INFO        | Unused arguments (n_rdwr_ports, global_cycle_seconds) provided for ['SRAM', 'sram'].__init__. Arguments used: (technology, width, depth, n_banks)
2026-06-28 10:29:05 INFO        | Unused arguments (global_cycle_seconds) provided for ['SRAM', 'sram'].write. Arguments used: (data_delta, address_delta)
2026-06-28 10:29:05 INFO        | Calling CACTI with cache_size=8192 n_rw_ports=1 block_size=16 tech_node_um=0.045 n_banks=1 tag_size=0 associativity=1
2026-06-28 10:29:05 INFO        | Calling CACTI with input path /usr/local/share/accelergy/estimation_plug_ins/accelergy-cacti-plug-in/cacti_inputs_outputs/tmpmqgfkpw7
2026-06-28 10:29:05 INFO        | CACTI output will be written to /usr/local/share/accelergy/estimation_plug_ins/accelergy-cacti-plug-in/cacti_inputs_outputs/tmp47lapd1u
2026-06-28 10:29:05 INFO        | CACTI executable not found at /usr/local/share/accelergy/estimation_plug_ins/accelergy-cacti-plug-in/cacti/cacti
2026-06-28 10:29:05 INFO        | Calling: cd /usr/local/share/accelergy/estimation_plug_ins/accelergy-cacti-plug-in ; ./cacti -infile /usr/local/share/accelergy/estimation_plug_ins/accelergy-cacti-plug-in/cacti_inputs_outputs/tmpmqgfkpw7 >> /usr/local/share/accelergy/estimation_plug_ins/accelergy-cacti-plug-in/cacti_inputs_outputs/tmp47lapd1u 2>&1
2026-06-28 10:29:05 INFO        | Cache bandwidth: 16.0 bytes/cycle
2026-06-28 10:29:05 INFO        | Cache bandwidth: 144426980313.92557 bits/second
2026-06-28 10:29:05 INFO        
2026-06-28 10:29:05 INFO        ENERGY ESTIMATION for intadder(technology=45nm, width=6.238324625039508, global_cycle_seconds=5e-10).count(global_cycle_seconds=5e-10)
2026-06-28 10:29:05 INFO        dummy estimated 1p with accuracy 1%. 
2026-06-28 10:29:05 INFO        Plug-ins provided accuracy, but failed to estimate:
2026-06-28 10:29:05 INFO        | Aladdin_table with accuracy 70% estimating value: KeyError: 'action_latency_cycles'
2026-06-28 10:29:05 INFO        
2026-06-28 10:29:05 INFO        ENERGY ESTIMATION for intadder(technology=45nm, width=6.238324625039508, global_cycle_seconds=5e-10).idle(global_cycle_seconds=5e-10)
2026-06-28 10:29:05 INFO        dummy estimated 1p with accuracy 1%. 
2026-06-28 10:29:05 INFO        Plug-ins provided accuracy, but failed to estimate:
2026-06-28 10:29:05 INFO        | Aladdin_table with accuracy 70% estimating value: KeyError: 'action_latency_cycles'
2026-06-28 10:29:05 INFO        
2026-06-28 10:29:05 INFO        ENERGY ESTIMATION for SRAM(technology=45nm, width=128, depth=512, n_rdwr_ports=2, n_banks=1, global_cycle_seconds=5e-10).write(data_delta=0, address_delta=1, global_cycle_seconds=5e-10)
2026-06-28 10:29:05 INFO        CactiSRAM estimated 4.21572e-12 with accuracy 80%. Messages:
2026-06-28 10:29:05 INFO        | Unused arguments (n_rdwr_ports, global_cycle_seconds) provided for ['SRAM', 'sram'].__init__. Arguments used: (technology, width, depth, n_banks)
2026-06-28 10:29:05 INFO        | Unused arguments (global_cycle_seconds) provided for ['SRAM', 'sram'].write. Arguments used: (data_delta, address_delta)
2026-06-28 10:29:05 INFO        | Calling CACTI with cache_size=8192 n_rw_ports=1 block_size=16 tech_node_um=0.045 n_banks=1 tag_size=0 associativity=1
2026-06-28 10:29:05 INFO        | Calling CACTI with input path /usr/local/share/accelergy/estimation_plug_ins/accelergy-cacti-plug-in/cacti_inputs_outputs/tmp4q3xdyfs
2026-06-28 10:29:05 INFO        | CACTI output will be written to /usr/local/share/accelergy/estimation_plug_ins/accelergy-cacti-plug-in/cacti_inputs_outputs/tmpqn39217p
2026-06-28 10:29:05 INFO        | CACTI executable not found at /usr/local/share/accelergy/estimation_plug_ins/accelergy-cacti-plug-in/cacti/cacti
2026-06-28 10:29:05 INFO        | Calling: cd /usr/local/share/accelergy/estimation_plug_ins/accelergy-cacti-plug-in ; ./cacti -infile /usr/local/share/accelergy/estimation_plug_ins/accelergy-cacti-plug-in/cacti_inputs_outputs/tmp4q3xdyfs >> /usr/local/share/accelergy/estimation_plug_ins/accelergy-cacti-plug-in/cacti_inputs_outputs/tmpqn39217p 2>&1
2026-06-28 10:29:05 INFO        | Cache bandwidth: 16.0 bytes/cycle
2026-06-28 10:29:05 INFO        | Cache bandwidth: 144426980313.92557 bits/second
2026-06-28 10:29:05 INFO        
2026-06-28 10:29:05 INFO        ENERGY ESTIMATION for intadder(technology=45nm, width=6.238324625039508, global_cycle_seconds=5e-10).count(global_cycle_seconds=5e-10)
2026-06-28 10:29:05 INFO        dummy estimated 1p with accuracy 1%. 
2026-06-28 10:29:05 INFO        Plug-ins provided accuracy, but failed to estimate:
2026-06-28 10:29:05 INFO        | Aladdin_table with accuracy 70% estimating value: KeyError: 'action_latency_cycles'
2026-06-28 10:29:05 INFO        
2026-06-28 10:29:05 INFO        ENERGY ESTIMATION for intadder(technology=45nm, width=6.238324625039508, global_cycle_seconds=5e-10).idle(global_cycle_seconds=5e-10)
2026-06-28 10:29:05 INFO        dummy estimated 1p with accuracy 1%. 
2026-06-28 10:29:05 INFO        Plug-ins provided accuracy, but failed to estimate:
2026-06-28 10:29:05 INFO        | Aladdin_table with accuracy 70% estimating value: KeyError: 'action_latency_cycles'
2026-06-28 10:29:05 INFO        
2026-06-28 10:29:05 INFO        ENERGY ESTIMATION for SRAM(technology=45nm, width=128, depth=512, n_rdwr_ports=2, n_banks=1, global_cycle_seconds=5e-10).write(data_delta=1, address_delta=1, global_cycle_seconds=5e-10)
2026-06-28 10:29:05 INFO        CactiSRAM estimated 1.40524e-11 with accuracy 80%. Messages:
2026-06-28 10:29:05 INFO        | Unused arguments (n_rdwr_ports, global_cycle_seconds) provided for ['SRAM', 'sram'].__init__. Arguments used: (technology, width, depth, n_banks)
2026-06-28 10:29:05 INFO        | Unused arguments (global_cycle_seconds) provided for ['SRAM', 'sram'].write. Arguments used: (data_delta, address_delta)
2026-06-28 10:29:05 INFO        | Calling CACTI with cache_size=8192 n_rw_ports=1 block_size=16 tech_node_um=0.045 n_banks=1 tag_size=0 associativity=1
2026-06-28 10:29:05 INFO        | Calling CACTI with input path /usr/local/share/accelergy/estimation_plug_ins/accelergy-cacti-plug-in/cacti_inputs_outputs/tmphy7b69yr
2026-06-28 10:29:05 INFO        | CACTI output will be written to /usr/local/share/accelergy/estimation_plug_ins/accelergy-cacti-plug-in/cacti_inputs_outputs/tmpu0ccilud
2026-06-28 10:29:05 INFO        | CACTI executable not found at /usr/local/share/accelergy/estimation_plug_ins/accelergy-cacti-plug-in/cacti/cacti
2026-06-28 10:29:05 INFO        | Calling: cd /usr/local/share/accelergy/estimation_plug_ins/accelergy-cacti-plug-in ; ./cacti -infile /usr/local/share/accelergy/estimation_plug_ins/accelergy-cacti-plug-in/cacti_inputs_outputs/tmphy7b69yr >> /usr/local/share/accelergy/estimation_plug_ins/accelergy-cacti-plug-in/cacti_inputs_outputs/tmpu0ccilud 2>&1
2026-06-28 10:29:05 INFO        | Cache bandwidth: 16.0 bytes/cycle
2026-06-28 10:29:05 INFO        | Cache bandwidth: 144426980313.92557 bits/second
2026-06-28 10:29:05 INFO        
2026-06-28 10:29:05 INFO        ENERGY ESTIMATION for intadder(technology=45nm, width=6.238324625039508, global_cycle_seconds=5e-10).count(global_cycle_seconds=5e-10)
2026-06-28 10:29:05 INFO        dummy estimated 1p with accuracy 1%. 
2026-06-28 10:29:05 INFO        Plug-ins provided accuracy, but failed to estimate:
2026-06-28 10:29:05 INFO        | Aladdin_table with accuracy 70% estimating value: KeyError: 'action_latency_cycles'
2026-06-28 10:29:05 INFO        
2026-06-28 10:29:05 INFO        ENERGY ESTIMATION for intadder(technology=45nm, width=6.238324625039508, global_cycle_seconds=5e-10).idle(global_cycle_seconds=5e-10)
2026-06-28 10:29:05 INFO        dummy estimated 1p with accuracy 1%. 
2026-06-28 10:29:05 INFO        Plug-ins provided accuracy, but failed to estimate:
2026-06-28 10:29:05 INFO        | Aladdin_table with accuracy 70% estimating value: KeyError: 'action_latency_cycles'
2026-06-28 10:29:05 INFO        
2026-06-28 10:29:05 INFO        ENERGY ESTIMATION for SRAM(technology=45nm, width=128, depth=512, n_rdwr_ports=2, n_banks=1, global_cycle_seconds=5e-10).read(data_delta=0, address_delta=0, global_cycle_seconds=5e-10)
2026-06-28 10:29:05 INFO        CactiSRAM estimated 0.0 with accuracy 80%. Messages:
2026-06-28 10:29:05 INFO        | Unused arguments (n_rdwr_ports, global_cycle_seconds) provided for ['SRAM', 'sram'].__init__. Arguments used: (technology, width, depth, n_banks)
2026-06-28 10:29:05 INFO        | Unused arguments (global_cycle_seconds) provided for ['SRAM', 'sram'].read. Arguments used: (data_delta, address_delta)
2026-06-28 10:29:05 INFO        | Calling CACTI with cache_size=8192 n_rw_ports=1 block_size=16 tech_node_um=0.045 n_banks=1 tag_size=0 associativity=1
2026-06-28 10:29:05 INFO        | Calling CACTI with input path /usr/local/share/accelergy/estimation_plug_ins/accelergy-cacti-plug-in/cacti_inputs_outputs/tmpid2xb0yp
2026-06-28 10:29:05 INFO        | CACTI output will be written to /usr/local/share/accelergy/estimation_plug_ins/accelergy-cacti-plug-in/cacti_inputs_outputs/tmpr567z14x
2026-06-28 10:29:05 INFO        | CACTI executable not found at /usr/local/share/accelergy/estimation_plug_ins/accelergy-cacti-plug-in/cacti/cacti
2026-06-28 10:29:05 INFO        | Calling: cd /usr/local/share/accelergy/estimation_plug_ins/accelergy-cacti-plug-in ; ./cacti -infile /usr/local/share/accelergy/estimation_plug_ins/accelergy-cacti-plug-in/cacti_inputs_outputs/tmpid2xb0yp >> /usr/local/share/accelergy/estimation_plug_ins/accelergy-cacti-plug-in/cacti_inputs_outputs/tmpr567z14x 2>&1
2026-06-28 10:29:05 INFO        | Cache bandwidth: 16.0 bytes/cycle
2026-06-28 10:29:05 INFO        | Cache bandwidth: 144426980313.92557 bits/second
2026-06-28 10:29:05 INFO        
2026-06-28 10:29:05 INFO        ENERGY ESTIMATION for intadder(technology=45nm, width=6.238324625039508, global_cycle_seconds=5e-10).add(global_cycle_seconds=5e-10)
2026-06-28 10:29:05 INFO        dummy estimated 1p with accuracy 1%. 
2026-06-28 10:29:05 INFO        Plug-ins provided accuracy, but failed to estimate:
2026-06-28 10:29:05 INFO        | Aladdin_table with accuracy 70% estimating value: KeyError: 'action_latency_cycles'
2026-06-28 10:29:05 INFO        
2026-06-28 10:29:05 INFO        ENERGY ESTIMATION for intadder(technology=45nm, width=6.238324625039508, global_cycle_seconds=5e-10).idle(global_cycle_seconds=5e-10)
2026-06-28 10:29:05 INFO        dummy estimated 1p with accuracy 1%. 
2026-06-28 10:29:05 INFO        Plug-ins provided accuracy, but failed to estimate:
2026-06-28 10:29:05 INFO        | Aladdin_table with accuracy 70% estimating value: KeyError: 'action_latency_cycles'
2026-06-28 10:29:05 INFO        
2026-06-28 10:29:05 INFO        ENERGY ESTIMATION for SRAM(technology=45nm, width=128, depth=512, n_rdwr_ports=2, n_banks=1, global_cycle_seconds=5e-10).read(data_delta=1, address_delta=0, global_cycle_seconds=5e-10)
2026-06-28 10:29:05 INFO        CactiSRAM estimated 5.541445000000001e-12 with accuracy 80%. Messages:
2026-06-28 10:29:05 INFO        | Unused arguments (n_rdwr_ports, global_cycle_seconds) provided for ['SRAM', 'sram'].__init__. Arguments used: (technology, width, depth, n_banks)
2026-06-28 10:29:05 INFO        | Unused arguments (global_cycle_seconds) provided for ['SRAM', 'sram'].read. Arguments used: (data_delta, address_delta)
2026-06-28 10:29:05 INFO        | Calling CACTI with cache_size=8192 n_rw_ports=1 block_size=16 tech_node_um=0.045 n_banks=1 tag_size=0 associativity=1
2026-06-28 10:29:05 INFO        | Calling CACTI with input path /usr/local/share/accelergy/estimation_plug_ins/accelergy-cacti-plug-in/cacti_inputs_outputs/tmphsmtamga
2026-06-28 10:29:05 INFO        | CACTI output will be written to /usr/local/share/accelergy/estimation_plug_ins/accelergy-cacti-plug-in/cacti_inputs_outputs/tmppoz30_1o
2026-06-28 10:29:05 INFO        | CACTI executable not found at /usr/local/share/accelergy/estimation_plug_ins/accelergy-cacti-plug-in/cacti/cacti
2026-06-28 10:29:05 INFO        | Calling: cd /usr/local/share/accelergy/estimation_plug_ins/accelergy-cacti-plug-in ; ./cacti -infile /usr/local/share/accelergy/estimation_plug_ins/accelergy-cacti-plug-in/cacti_inputs_outputs/tmphsmtamga >> /usr/local/share/accelergy/estimation_plug_ins/accelergy-cacti-plug-in/cacti_inputs_outputs/tmppoz30_1o 2>&1
2026-06-28 10:29:05 INFO        | Cache bandwidth: 16.0 bytes/cycle
2026-06-28 10:29:05 INFO        | Cache bandwidth: 144426980313.92557 bits/second
2026-06-28 10:29:05 INFO        
2026-06-28 10:29:05 INFO        ENERGY ESTIMATION for intadder(technology=45nm, width=6.238324625039508, global_cycle_seconds=5e-10).add(global_cycle_seconds=5e-10)
2026-06-28 10:29:05 INFO        dummy estimated 1p with accuracy 1%. 
2026-06-28 10:29:05 INFO        Plug-ins provided accuracy, but failed to estimate:
2026-06-28 10:29:05 INFO        | Aladdin_table with accuracy 70% estimating value: KeyError: 'action_latency_cycles'
2026-06-28 10:29:05 INFO        
2026-06-28 10:29:05 INFO        ENERGY ESTIMATION for intadder(technology=45nm, width=6.238324625039508, global_cycle_seconds=5e-10).idle(global_cycle_seconds=5e-10)
2026-06-28 10:29:05 INFO        dummy estimated 1p with accuracy 1%. 
2026-06-28 10:29:05 INFO        Plug-ins provided accuracy, but failed to estimate:
2026-06-28 10:29:05 INFO        | Aladdin_table with accuracy 70% estimating value: KeyError: 'action_latency_cycles'
2026-06-28 10:29:05 INFO        
2026-06-28 10:29:05 INFO        ENERGY ESTIMATION for SRAM(technology=45nm, width=128, depth=512, n_rdwr_ports=2, n_banks=1, global_cycle_seconds=5e-10).read(data_delta=0, address_delta=1, global_cycle_seconds=5e-10)
2026-06-28 10:29:06 INFO        CactiSRAM estimated 2.3749050000000004e-12 with accuracy 80%. Messages:
2026-06-28 10:29:06 INFO        | Unused arguments (n_rdwr_ports, global_cycle_seconds) provided for ['SRAM', 'sram'].__init__. Arguments used: (technology, width, depth, n_banks)
2026-06-28 10:29:06 INFO        | Unused arguments (global_cycle_seconds) provided for ['SRAM', 'sram'].read. Arguments used: (data_delta, address_delta)
2026-06-28 10:29:06 INFO        | Calling CACTI with cache_size=8192 n_rw_ports=1 block_size=16 tech_node_um=0.045 n_banks=1 tag_size=0 associativity=1
2026-06-28 10:29:06 INFO        | Calling CACTI with input path /usr/local/share/accelergy/estimation_plug_ins/accelergy-cacti-plug-in/cacti_inputs_outputs/tmpszxwm23t
2026-06-28 10:29:06 INFO        | CACTI output will be written to /usr/local/share/accelergy/estimation_plug_ins/accelergy-cacti-plug-in/cacti_inputs_outputs/tmpw4ipl4g9
2026-06-28 10:29:06 INFO        | CACTI executable not found at /usr/local/share/accelergy/estimation_plug_ins/accelergy-cacti-plug-in/cacti/cacti
2026-06-28 10:29:06 INFO        | Calling: cd /usr/local/share/accelergy/estimation_plug_ins/accelergy-cacti-plug-in ; ./cacti -infile /usr/local/share/accelergy/estimation_plug_ins/accelergy-cacti-plug-in/cacti_inputs_outputs/tmpszxwm23t >> /usr/local/share/accelergy/estimation_plug_ins/accelergy-cacti-plug-in/cacti_inputs_outputs/tmpw4ipl4g9 2>&1
2026-06-28 10:29:06 INFO        | Cache bandwidth: 16.0 bytes/cycle
2026-06-28 10:29:06 INFO        | Cache bandwidth: 144426980313.92557 bits/second
2026-06-28 10:29:06 INFO        
2026-06-28 10:29:06 INFO        ENERGY ESTIMATION for intadder(technology=45nm, width=6.238324625039508, global_cycle_seconds=5e-10).add(global_cycle_seconds=5e-10)
2026-06-28 10:29:06 INFO        dummy estimated 1p with accuracy 1%. 
2026-06-28 10:29:06 INFO        Plug-ins provided accuracy, but failed to estimate:
2026-06-28 10:29:06 INFO        | Aladdin_table with accuracy 70% estimating value: KeyError: 'action_latency_cycles'
2026-06-28 10:29:06 INFO        
2026-06-28 10:29:06 INFO        ENERGY ESTIMATION for intadder(technology=45nm, width=6.238324625039508, global_cycle_seconds=5e-10).idle(global_cycle_seconds=5e-10)
2026-06-28 10:29:06 INFO        dummy estimated 1p with accuracy 1%. 
2026-06-28 10:29:06 INFO        Plug-ins provided accuracy, but failed to estimate:
2026-06-28 10:29:06 INFO        | Aladdin_table with accuracy 70% estimating value: KeyError: 'action_latency_cycles'
2026-06-28 10:29:06 INFO        
2026-06-28 10:29:06 INFO        ENERGY ESTIMATION for SRAM(technology=45nm, width=128, depth=512, n_rdwr_ports=2, n_banks=1, global_cycle_seconds=5e-10).read(data_delta=1, address_delta=1, global_cycle_seconds=5e-10)
2026-06-28 10:29:06 INFO        CactiSRAM estimated 7.916350000000002e-12 with accuracy 80%. Messages:
2026-06-28 10:29:06 INFO        | Unused arguments (n_rdwr_ports, global_cycle_seconds) provided for ['SRAM', 'sram'].__init__. Arguments used: (technology, width, depth, n_banks)
2026-06-28 10:29:06 INFO        | Unused arguments (global_cycle_seconds) provided for ['SRAM', 'sram'].read. Arguments used: (data_delta, address_delta)
2026-06-28 10:29:06 INFO        | Calling CACTI with cache_size=8192 n_rw_ports=1 block_size=16 tech_node_um=0.045 n_banks=1 tag_size=0 associativity=1
2026-06-28 10:29:06 INFO        | Calling CACTI with input path /usr/local/share/accelergy/estimation_plug_ins/accelergy-cacti-plug-in/cacti_inputs_outputs/tmp6yl4_856
2026-06-28 10:29:06 INFO        | CACTI output will be written to /usr/local/share/accelergy/estimation_plug_ins/accelergy-cacti-plug-in/cacti_inputs_outputs/tmplw4o6g_p
2026-06-28 10:29:06 INFO        | CACTI executable not found at /usr/local/share/accelergy/estimation_plug_ins/accelergy-cacti-plug-in/cacti/cacti
2026-06-28 10:29:06 INFO        | Calling: cd /usr/local/share/accelergy/estimation_plug_ins/accelergy-cacti-plug-in ; ./cacti -infile /usr/local/share/accelergy/estimation_plug_ins/accelergy-cacti-plug-in/cacti_inputs_outputs/tmp6yl4_856 >> /usr/local/share/accelergy/estimation_plug_ins/accelergy-cacti-plug-in/cacti_inputs_outputs/tmplw4o6g_p 2>&1
2026-06-28 10:29:06 INFO        | Cache bandwidth: 16.0 bytes/cycle
2026-06-28 10:29:06 INFO        | Cache bandwidth: 144426980313.92557 bits/second
2026-06-28 10:29:06 INFO        
2026-06-28 10:29:06 INFO        ENERGY ESTIMATION for intadder(technology=45nm, width=6.238324625039508, global_cycle_seconds=5e-10).add(global_cycle_seconds=5e-10)
2026-06-28 10:29:06 INFO        dummy estimated 1p with accuracy 1%. 
2026-06-28 10:29:06 INFO        Plug-ins provided accuracy, but failed to estimate:
2026-06-28 10:29:06 INFO        | Aladdin_table with accuracy 70% estimating value: KeyError: 'action_latency_cycles'
2026-06-28 10:29:06 INFO        
2026-06-28 10:29:06 INFO        ENERGY ESTIMATION for intadder(technology=45nm, width=6.238324625039508, global_cycle_seconds=5e-10).idle(global_cycle_seconds=5e-10)
2026-06-28 10:29:06 INFO        dummy estimated 1p with accuracy 1%. 
2026-06-28 10:29:06 INFO        Plug-ins provided accuracy, but failed to estimate:
2026-06-28 10:29:06 INFO        | Aladdin_table with accuracy 70% estimating value: KeyError: 'action_latency_cycles'
2026-06-28 10:29:06 INFO        
2026-06-28 10:29:06 INFO        ENERGY ESTIMATION for SRAM(technology=45nm, width=128, depth=512, n_rdwr_ports=2, n_banks=1, global_cycle_seconds=5e-10).idle(global_cycle_seconds=5e-10)
2026-06-28 10:29:06 INFO        CactiSRAM estimated 0 with accuracy 80%. Messages:
2026-06-28 10:29:06 INFO        | Unused arguments (n_rdwr_ports, global_cycle_seconds) provided for ['SRAM', 'sram'].__init__. Arguments used: (technology, width, depth, n_banks)
2026-06-28 10:29:06 INFO        | Unused arguments (global_cycle_seconds) provided for ['SRAM', 'sram'].idle. Arguments used: ()
2026-06-28 10:29:06 INFO        
2026-06-28 10:29:06 INFO        ENERGY ESTIMATION for intadder(technology=45nm, width=6.238324625039508, global_cycle_seconds=5e-10).idle(global_cycle_seconds=5e-10)
2026-06-28 10:29:06 INFO        dummy estimated 1p with accuracy 1%. 
2026-06-28 10:29:06 INFO        Plug-ins provided accuracy, but failed to estimate:
2026-06-28 10:29:06 INFO        | Aladdin_table with accuracy 70% estimating value: KeyError: 'action_latency_cycles'
2026-06-28 10:29:06 INFO        
2026-06-28 10:29:06 INFO        ENERGY ESTIMATION for SRAM(technology=45nm, width=64, depth=64, n_rdwr_ports=2, n_banks=1, global_cycle_seconds=5e-10).write(data_delta=0, address_delta=0, global_cycle_seconds=5e-10)
2026-06-28 10:29:06 INFO        CactiSRAM estimated 0.0 with accuracy 80%. Messages:
2026-06-28 10:29:06 INFO        | Unused arguments (n_rdwr_ports, global_cycle_seconds) provided for ['SRAM', 'sram'].__init__. Arguments used: (technology, width, depth, n_banks)
2026-06-28 10:29:06 INFO        | Unused arguments (global_cycle_seconds) provided for ['SRAM', 'sram'].write. Arguments used: (data_delta, address_delta)
2026-06-28 10:29:06 INFO        | Calling CACTI with cache_size=512 n_rw_ports=1 block_size=8 tech_node_um=0.045 n_banks=1 tag_size=0 associativity=1
2026-06-28 10:29:06 INFO        | Calling CACTI with input path /usr/local/share/accelergy/estimation_plug_ins/accelergy-cacti-plug-in/cacti_inputs_outputs/tmpzqw0jc_o
2026-06-28 10:29:06 INFO        | CACTI output will be written to /usr/local/share/accelergy/estimation_plug_ins/accelergy-cacti-plug-in/cacti_inputs_outputs/tmp2kyivvy6
2026-06-28 10:29:06 INFO        | CACTI executable not found at /usr/local/share/accelergy/estimation_plug_ins/accelergy-cacti-plug-in/cacti/cacti
2026-06-28 10:29:06 INFO        | Calling: cd /usr/local/share/accelergy/estimation_plug_ins/accelergy-cacti-plug-in ; ./cacti -infile /usr/local/share/accelergy/estimation_plug_ins/accelergy-cacti-plug-in/cacti_inputs_outputs/tmpzqw0jc_o >> /usr/local/share/accelergy/estimation_plug_ins/accelergy-cacti-plug-in/cacti_inputs_outputs/tmp2kyivvy6 2>&1
2026-06-28 10:29:06 INFO        | Cache bandwidth: 8.0 bytes/cycle
2026-06-28 10:29:06 INFO        | Cache bandwidth: 112577947035.59398 bits/second
2026-06-28 10:29:06 INFO        
2026-06-28 10:29:06 INFO        ENERGY ESTIMATION for intadder(technology=45nm, width=4.1588830833596715, global_cycle_seconds=5e-10).count(global_cycle_seconds=5e-10)
2026-06-28 10:29:06 INFO        dummy estimated 1p with accuracy 1%. 
2026-06-28 10:29:06 INFO        Plug-ins provided accuracy, but failed to estimate:
2026-06-28 10:29:06 INFO        | Aladdin_table with accuracy 70% estimating value: KeyError: 'action_latency_cycles'
2026-06-28 10:29:06 INFO        
2026-06-28 10:29:06 INFO        ENERGY ESTIMATION for intadder(technology=45nm, width=4.1588830833596715, global_cycle_seconds=5e-10).idle(global_cycle_seconds=5e-10)
2026-06-28 10:29:06 INFO        dummy estimated 1p with accuracy 1%. 
2026-06-28 10:29:06 INFO        Plug-ins provided accuracy, but failed to estimate:
2026-06-28 10:29:06 INFO        | Aladdin_table with accuracy 70% estimating value: KeyError: 'action_latency_cycles'
2026-06-28 10:29:06 INFO        
2026-06-28 10:29:06 INFO        ENERGY ESTIMATION for SRAM(technology=45nm, width=64, depth=64, n_rdwr_ports=2, n_banks=1, global_cycle_seconds=5e-10).write(data_delta=1, address_delta=0, global_cycle_seconds=5e-10)
2026-06-28 10:29:06 INFO        CactiSRAM estimated 1.59656e-12 with accuracy 80%. Messages:
2026-06-28 10:29:06 INFO        | Unused arguments (n_rdwr_ports, global_cycle_seconds) provided for ['SRAM', 'sram'].__init__. Arguments used: (technology, width, depth, n_banks)
2026-06-28 10:29:06 INFO        | Unused arguments (global_cycle_seconds) provided for ['SRAM', 'sram'].write. Arguments used: (data_delta, address_delta)
2026-06-28 10:29:06 INFO        | Calling CACTI with cache_size=512 n_rw_ports=1 block_size=8 tech_node_um=0.045 n_banks=1 tag_size=0 associativity=1
2026-06-28 10:29:06 INFO        | Calling CACTI with input path /usr/local/share/accelergy/estimation_plug_ins/accelergy-cacti-plug-in/cacti_inputs_outputs/tmpharxmq4m
2026-06-28 10:29:06 INFO        | CACTI output will be written to /usr/local/share/accelergy/estimation_plug_ins/accelergy-cacti-plug-in/cacti_inputs_outputs/tmpy3u2rlzr
2026-06-28 10:29:06 INFO        | CACTI executable not found at /usr/local/share/accelergy/estimation_plug_ins/accelergy-cacti-plug-in/cacti/cacti
2026-06-28 10:29:06 INFO        | Calling: cd /usr/local/share/accelergy/estimation_plug_ins/accelergy-cacti-plug-in ; ./cacti -infile /usr/local/share/accelergy/estimation_plug_ins/accelergy-cacti-plug-in/cacti_inputs_outputs/tmpharxmq4m >> /usr/local/share/accelergy/estimation_plug_ins/accelergy-cacti-plug-in/cacti_inputs_outputs/tmpy3u2rlzr 2>&1
2026-06-28 10:29:06 INFO        | Cache bandwidth: 8.0 bytes/cycle
2026-06-28 10:29:06 INFO        | Cache bandwidth: 112577947035.59398 bits/second
2026-06-28 10:29:06 INFO        
2026-06-28 10:29:06 INFO        ENERGY ESTIMATION for intadder(technology=45nm, width=4.1588830833596715, global_cycle_seconds=5e-10).count(global_cycle_seconds=5e-10)
2026-06-28 10:29:06 INFO        dummy estimated 1p with accuracy 1%. 
2026-06-28 10:29:06 INFO        Plug-ins provided accuracy, but failed to estimate:
2026-06-28 10:29:06 INFO        | Aladdin_table with accuracy 70% estimating value: KeyError: 'action_latency_cycles'
2026-06-28 10:29:06 INFO        
2026-06-28 10:29:06 INFO        ENERGY ESTIMATION for intadder(technology=45nm, width=4.1588830833596715, global_cycle_seconds=5e-10).idle(global_cycle_seconds=5e-10)
2026-06-28 10:29:06 INFO        dummy estimated 1p with accuracy 1%. 
2026-06-28 10:29:06 INFO        Plug-ins provided accuracy, but failed to estimate:
2026-06-28 10:29:06 INFO        | Aladdin_table with accuracy 70% estimating value: KeyError: 'action_latency_cycles'
2026-06-28 10:29:06 INFO        
2026-06-28 10:29:06 INFO        ENERGY ESTIMATION for SRAM(technology=45nm, width=64, depth=64, n_rdwr_ports=2, n_banks=1, global_cycle_seconds=5e-10).write(data_delta=0, address_delta=1, global_cycle_seconds=5e-10)
2026-06-28 10:29:06 INFO        CactiSRAM estimated 6.8424e-13 with accuracy 80%. Messages:
2026-06-28 10:29:06 INFO        | Unused arguments (n_rdwr_ports, global_cycle_seconds) provided for ['SRAM', 'sram'].__init__. Arguments used: (technology, width, depth, n_banks)
2026-06-28 10:29:06 INFO        | Unused arguments (global_cycle_seconds) provided for ['SRAM', 'sram'].write. Arguments used: (data_delta, address_delta)
2026-06-28 10:29:06 INFO        | Calling CACTI with cache_size=512 n_rw_ports=1 block_size=8 tech_node_um=0.045 n_banks=1 tag_size=0 associativity=1
2026-06-28 10:29:06 INFO        | Calling CACTI with input path /usr/local/share/accelergy/estimation_plug_ins/accelergy-cacti-plug-in/cacti_inputs_outputs/tmpzv4fumkl
2026-06-28 10:29:06 INFO        | CACTI output will be written to /usr/local/share/accelergy/estimation_plug_ins/accelergy-cacti-plug-in/cacti_inputs_outputs/tmp12hcbtk7
2026-06-28 10:29:06 INFO        | CACTI executable not found at /usr/local/share/accelergy/estimation_plug_ins/accelergy-cacti-plug-in/cacti/cacti
2026-06-28 10:29:06 INFO        | Calling: cd /usr/local/share/accelergy/estimation_plug_ins/accelergy-cacti-plug-in ; ./cacti -infile /usr/local/share/accelergy/estimation_plug_ins/accelergy-cacti-plug-in/cacti_inputs_outputs/tmpzv4fumkl >> /usr/local/share/accelergy/estimation_plug_ins/accelergy-cacti-plug-in/cacti_inputs_outputs/tmp12hcbtk7 2>&1
2026-06-28 10:29:06 INFO        | Cache bandwidth: 8.0 bytes/cycle
2026-06-28 10:29:06 INFO        | Cache bandwidth: 112577947035.59398 bits/second
2026-06-28 10:29:06 INFO        
2026-06-28 10:29:06 INFO        ENERGY ESTIMATION for intadder(technology=45nm, width=4.1588830833596715, global_cycle_seconds=5e-10).count(global_cycle_seconds=5e-10)
2026-06-28 10:29:06 INFO        dummy estimated 1p with accuracy 1%. 
2026-06-28 10:29:06 INFO        Plug-ins provided accuracy, but failed to estimate:
2026-06-28 10:29:06 INFO        | Aladdin_table with accuracy 70% estimating value: KeyError: 'action_latency_cycles'
2026-06-28 10:29:06 INFO        
2026-06-28 10:29:06 INFO        ENERGY ESTIMATION for intadder(technology=45nm, width=4.1588830833596715, global_cycle_seconds=5e-10).idle(global_cycle_seconds=5e-10)
2026-06-28 10:29:06 INFO        dummy estimated 1p with accuracy 1%. 
2026-06-28 10:29:06 INFO        Plug-ins provided accuracy, but failed to estimate:
2026-06-28 10:29:06 INFO        | Aladdin_table with accuracy 70% estimating value: KeyError: 'action_latency_cycles'
2026-06-28 10:29:06 INFO        
2026-06-28 10:29:06 INFO        ENERGY ESTIMATION for SRAM(technology=45nm, width=64, depth=64, n_rdwr_ports=2, n_banks=1, global_cycle_seconds=5e-10).write(data_delta=1, address_delta=1, global_cycle_seconds=5e-10)
2026-06-28 10:29:06 INFO        CactiSRAM estimated 2.2808e-12 with accuracy 80%. Messages:
2026-06-28 10:29:06 INFO        | Unused arguments (n_rdwr_ports, global_cycle_seconds) provided for ['SRAM', 'sram'].__init__. Arguments used: (technology, width, depth, n_banks)
2026-06-28 10:29:06 INFO        | Unused arguments (global_cycle_seconds) provided for ['SRAM', 'sram'].write. Arguments used: (data_delta, address_delta)
2026-06-28 10:29:06 INFO        | Calling CACTI with cache_size=512 n_rw_ports=1 block_size=8 tech_node_um=0.045 n_banks=1 tag_size=0 associativity=1
2026-06-28 10:29:06 INFO        | Calling CACTI with input path /usr/local/share/accelergy/estimation_plug_ins/accelergy-cacti-plug-in/cacti_inputs_outputs/tmpcnvg1mjf
2026-06-28 10:29:06 INFO        | CACTI output will be written to /usr/local/share/accelergy/estimation_plug_ins/accelergy-cacti-plug-in/cacti_inputs_outputs/tmp6ggaocue
2026-06-28 10:29:06 INFO        | CACTI executable not found at /usr/local/share/accelergy/estimation_plug_ins/accelergy-cacti-plug-in/cacti/cacti
2026-06-28 10:29:06 INFO        | Calling: cd /usr/local/share/accelergy/estimation_plug_ins/accelergy-cacti-plug-in ; ./cacti -infile /usr/local/share/accelergy/estimation_plug_ins/accelergy-cacti-plug-in/cacti_inputs_outputs/tmpcnvg1mjf >> /usr/local/share/accelergy/estimation_plug_ins/accelergy-cacti-plug-in/cacti_inputs_outputs/tmp6ggaocue 2>&1
2026-06-28 10:29:06 INFO        | Cache bandwidth: 8.0 bytes/cycle
2026-06-28 10:29:06 INFO        | Cache bandwidth: 112577947035.59398 bits/second
2026-06-28 10:29:06 INFO        
2026-06-28 10:29:06 INFO        ENERGY ESTIMATION for intadder(technology=45nm, width=4.1588830833596715, global_cycle_seconds=5e-10).count(global_cycle_seconds=5e-10)
2026-06-28 10:29:06 INFO        dummy estimated 1p with accuracy 1%. 
2026-06-28 10:29:06 INFO        Plug-ins provided accuracy, but failed to estimate:
2026-06-28 10:29:06 INFO        | Aladdin_table with accuracy 70% estimating value: KeyError: 'action_latency_cycles'
2026-06-28 10:29:06 INFO        
2026-06-28 10:29:06 INFO        ENERGY ESTIMATION for intadder(technology=45nm, width=4.1588830833596715, global_cycle_seconds=5e-10).idle(global_cycle_seconds=5e-10)
2026-06-28 10:29:06 INFO        dummy estimated 1p with accuracy 1%. 
2026-06-28 10:29:06 INFO        Plug-ins provided accuracy, but failed to estimate:
2026-06-28 10:29:06 INFO        | Aladdin_table with accuracy 70% estimating value: KeyError: 'action_latency_cycles'
2026-06-28 10:29:06 INFO        
2026-06-28 10:29:06 INFO        ENERGY ESTIMATION for SRAM(technology=45nm, width=64, depth=64, n_rdwr_ports=2, n_banks=1, global_cycle_seconds=5e-10).read(data_delta=0, address_delta=0, global_cycle_seconds=5e-10)
2026-06-28 10:29:06 INFO        CactiSRAM estimated 0.0 with accuracy 80%. Messages:
2026-06-28 10:29:06 INFO        | Unused arguments (n_rdwr_ports, global_cycle_seconds) provided for ['SRAM', 'sram'].__init__. Arguments used: (technology, width, depth, n_banks)
2026-06-28 10:29:06 INFO        | Unused arguments (global_cycle_seconds) provided for ['SRAM', 'sram'].read. Arguments used: (data_delta, address_delta)
2026-06-28 10:29:06 INFO        | Calling CACTI with cache_size=512 n_rw_ports=1 block_size=8 tech_node_um=0.045 n_banks=1 tag_size=0 associativity=1
2026-06-28 10:29:06 INFO        | Calling CACTI with input path /usr/local/share/accelergy/estimation_plug_ins/accelergy-cacti-plug-in/cacti_inputs_outputs/tmpdp9in59k
2026-06-28 10:29:06 INFO        | CACTI output will be written to /usr/local/share/accelergy/estimation_plug_ins/accelergy-cacti-plug-in/cacti_inputs_outputs/tmp6ymdv7z_
2026-06-28 10:29:06 INFO        | CACTI executable not found at /usr/local/share/accelergy/estimation_plug_ins/accelergy-cacti-plug-in/cacti/cacti
2026-06-28 10:29:06 INFO        | Calling: cd /usr/local/share/accelergy/estimation_plug_ins/accelergy-cacti-plug-in ; ./cacti -infile /usr/local/share/accelergy/estimation_plug_ins/accelergy-cacti-plug-in/cacti_inputs_outputs/tmpdp9in59k >> /usr/local/share/accelergy/estimation_plug_ins/accelergy-cacti-plug-in/cacti_inputs_outputs/tmp6ymdv7z_ 2>&1
2026-06-28 10:29:06 INFO        | Cache bandwidth: 8.0 bytes/cycle
2026-06-28 10:29:06 INFO        | Cache bandwidth: 112577947035.59398 bits/second
2026-06-28 10:29:06 INFO        
2026-06-28 10:29:06 INFO        ENERGY ESTIMATION for intadder(technology=45nm, width=4.1588830833596715, global_cycle_seconds=5e-10).add(global_cycle_seconds=5e-10)
2026-06-28 10:29:06 INFO        dummy estimated 1p with accuracy 1%. 
2026-06-28 10:29:06 INFO        Plug-ins provided accuracy, but failed to estimate:
2026-06-28 10:29:06 INFO        | Aladdin_table with accuracy 70% estimating value: KeyError: 'action_latency_cycles'
2026-06-28 10:29:06 INFO        
2026-06-28 10:29:06 INFO        ENERGY ESTIMATION for intadder(technology=45nm, width=4.1588830833596715, global_cycle_seconds=5e-10).idle(global_cycle_seconds=5e-10)
2026-06-28 10:29:06 INFO        dummy estimated 1p with accuracy 1%. 
2026-06-28 10:29:06 INFO        Plug-ins provided accuracy, but failed to estimate:
2026-06-28 10:29:06 INFO        | Aladdin_table with accuracy 70% estimating value: KeyError: 'action_latency_cycles'
2026-06-28 10:29:06 INFO        
2026-06-28 10:29:06 INFO        ENERGY ESTIMATION for SRAM(technology=45nm, width=64, depth=64, n_rdwr_ports=2, n_banks=1, global_cycle_seconds=5e-10).read(data_delta=1, address_delta=0, global_cycle_seconds=5e-10)
2026-06-28 10:29:06 INFO        CactiSRAM estimated 9.89555e-13 with accuracy 80%. Messages:
2026-06-28 10:29:06 INFO        | Unused arguments (n_rdwr_ports, global_cycle_seconds) provided for ['SRAM', 'sram'].__init__. Arguments used: (technology, width, depth, n_banks)
2026-06-28 10:29:06 INFO        | Unused arguments (global_cycle_seconds) provided for ['SRAM', 'sram'].read. Arguments used: (data_delta, address_delta)
2026-06-28 10:29:06 INFO        | Calling CACTI with cache_size=512 n_rw_ports=1 block_size=8 tech_node_um=0.045 n_banks=1 tag_size=0 associativity=1
2026-06-28 10:29:06 INFO        | Calling CACTI with input path /usr/local/share/accelergy/estimation_plug_ins/accelergy-cacti-plug-in/cacti_inputs_outputs/tmpweifj3t0
2026-06-28 10:29:06 INFO        | CACTI output will be written to /usr/local/share/accelergy/estimation_plug_ins/accelergy-cacti-plug-in/cacti_inputs_outputs/tmp35z7cep7
2026-06-28 10:29:06 INFO        | CACTI executable not found at /usr/local/share/accelergy/estimation_plug_ins/accelergy-cacti-plug-in/cacti/cacti
2026-06-28 10:29:06 INFO        | Calling: cd /usr/local/share/accelergy/estimation_plug_ins/accelergy-cacti-plug-in ; ./cacti -infile /usr/local/share/accelergy/estimation_plug_ins/accelergy-cacti-plug-in/cacti_inputs_outputs/tmpweifj3t0 >> /usr/local/share/accelergy/estimation_plug_ins/accelergy-cacti-plug-in/cacti_inputs_outputs/tmp35z7cep7 2>&1
2026-06-28 10:29:06 INFO        | Cache bandwidth: 8.0 bytes/cycle
2026-06-28 10:29:06 INFO        | Cache bandwidth: 112577947035.59398 bits/second
2026-06-28 10:29:06 INFO        
2026-06-28 10:29:06 INFO        ENERGY ESTIMATION for intadder(technology=45nm, width=4.1588830833596715, global_cycle_seconds=5e-10).add(global_cycle_seconds=5e-10)
2026-06-28 10:29:06 INFO        dummy estimated 1p with accuracy 1%. 
2026-06-28 10:29:06 INFO        Plug-ins provided accuracy, but failed to estimate:
2026-06-28 10:29:06 INFO        | Aladdin_table with accuracy 70% estimating value: KeyError: 'action_latency_cycles'
2026-06-28 10:29:06 INFO        
2026-06-28 10:29:06 INFO        ENERGY ESTIMATION for intadder(technology=45nm, width=4.1588830833596715, global_cycle_seconds=5e-10).idle(global_cycle_seconds=5e-10)
2026-06-28 10:29:06 INFO        dummy estimated 1p with accuracy 1%. 
2026-06-28 10:29:06 INFO        Plug-ins provided accuracy, but failed to estimate:
2026-06-28 10:29:06 INFO        | Aladdin_table with accuracy 70% estimating value: KeyError: 'action_latency_cycles'
2026-06-28 10:29:06 INFO        
2026-06-28 10:29:06 INFO        ENERGY ESTIMATION for SRAM(technology=45nm, width=64, depth=64, n_rdwr_ports=2, n_banks=1, global_cycle_seconds=5e-10).read(data_delta=0, address_delta=1, global_cycle_seconds=5e-10)
2026-06-28 10:29:06 INFO        CactiSRAM estimated 4.24095e-13 with accuracy 80%. Messages:
2026-06-28 10:29:06 INFO        | Unused arguments (n_rdwr_ports, global_cycle_seconds) provided for ['SRAM', 'sram'].__init__. Arguments used: (technology, width, depth, n_banks)
2026-06-28 10:29:06 INFO        | Unused arguments (global_cycle_seconds) provided for ['SRAM', 'sram'].read. Arguments used: (data_delta, address_delta)
2026-06-28 10:29:06 INFO        | Calling CACTI with cache_size=512 n_rw_ports=1 block_size=8 tech_node_um=0.045 n_banks=1 tag_size=0 associativity=1
2026-06-28 10:29:06 INFO        | Calling CACTI with input path /usr/local/share/accelergy/estimation_plug_ins/accelergy-cacti-plug-in/cacti_inputs_outputs/tmpkkgokjwq
2026-06-28 10:29:06 INFO        | CACTI output will be written to /usr/local/share/accelergy/estimation_plug_ins/accelergy-cacti-plug-in/cacti_inputs_outputs/tmpjw3vmes8
2026-06-28 10:29:06 INFO        | CACTI executable not found at /usr/local/share/accelergy/estimation_plug_ins/accelergy-cacti-plug-in/cacti/cacti
2026-06-28 10:29:06 INFO        | Calling: cd /usr/local/share/accelergy/estimation_plug_ins/accelergy-cacti-plug-in ; ./cacti -infile /usr/local/share/accelergy/estimation_plug_ins/accelergy-cacti-plug-in/cacti_inputs_outputs/tmpkkgokjwq >> /usr/local/share/accelergy/estimation_plug_ins/accelergy-cacti-plug-in/cacti_inputs_outputs/tmpjw3vmes8 2>&1
2026-06-28 10:29:06 INFO        | Cache bandwidth: 8.0 bytes/cycle
2026-06-28 10:29:06 INFO        | Cache bandwidth: 112577947035.59398 bits/second
2026-06-28 10:29:06 INFO        
2026-06-28 10:29:06 INFO        ENERGY ESTIMATION for intadder(technology=45nm, width=4.1588830833596715, global_cycle_seconds=5e-10).add(global_cycle_seconds=5e-10)
2026-06-28 10:29:06 INFO        dummy estimated 1p with accuracy 1%. 
2026-06-28 10:29:06 INFO        Plug-ins provided accuracy, but failed to estimate:
2026-06-28 10:29:06 INFO        | Aladdin_table with accuracy 70% estimating value: KeyError: 'action_latency_cycles'
2026-06-28 10:29:06 INFO        
2026-06-28 10:29:06 INFO        ENERGY ESTIMATION for intadder(technology=45nm, width=4.1588830833596715, global_cycle_seconds=5e-10).idle(global_cycle_seconds=5e-10)
2026-06-28 10:29:06 INFO        dummy estimated 1p with accuracy 1%. 
2026-06-28 10:29:06 INFO        Plug-ins provided accuracy, but failed to estimate:
2026-06-28 10:29:06 INFO        | Aladdin_table with accuracy 70% estimating value: KeyError: 'action_latency_cycles'
2026-06-28 10:29:06 INFO        
2026-06-28 10:29:06 INFO        ENERGY ESTIMATION for SRAM(technology=45nm, width=64, depth=64, n_rdwr_ports=2, n_banks=1, global_cycle_seconds=5e-10).read(data_delta=1, address_delta=1, global_cycle_seconds=5e-10)
2026-06-28 10:29:06 INFO        CactiSRAM estimated 1.4136500000000001e-12 with accuracy 80%. Messages:
2026-06-28 10:29:06 INFO        | Unused arguments (n_rdwr_ports, global_cycle_seconds) provided for ['SRAM', 'sram'].__init__. Arguments used: (technology, width, depth, n_banks)
2026-06-28 10:29:06 INFO        | Unused arguments (global_cycle_seconds) provided for ['SRAM', 'sram'].read. Arguments used: (data_delta, address_delta)
2026-06-28 10:29:06 INFO        | Calling CACTI with cache_size=512 n_rw_ports=1 block_size=8 tech_node_um=0.045 n_banks=1 tag_size=0 associativity=1
2026-06-28 10:29:06 INFO        | Calling CACTI with input path /usr/local/share/accelergy/estimation_plug_ins/accelergy-cacti-plug-in/cacti_inputs_outputs/tmpmqe3f0ji
2026-06-28 10:29:06 INFO        | CACTI output will be written to /usr/local/share/accelergy/estimation_plug_ins/accelergy-cacti-plug-in/cacti_inputs_outputs/tmpmlnchyhe
2026-06-28 10:29:06 INFO        | CACTI executable not found at /usr/local/share/accelergy/estimation_plug_ins/accelergy-cacti-plug-in/cacti/cacti
2026-06-28 10:29:06 INFO        | Calling: cd /usr/local/share/accelergy/estimation_plug_ins/accelergy-cacti-plug-in ; ./cacti -infile /usr/local/share/accelergy/estimation_plug_ins/accelergy-cacti-plug-in/cacti_inputs_outputs/tmpmqe3f0ji >> /usr/local/share/accelergy/estimation_plug_ins/accelergy-cacti-plug-in/cacti_inputs_outputs/tmpmlnchyhe 2>&1
2026-06-28 10:29:06 INFO        | Cache bandwidth: 8.0 bytes/cycle
2026-06-28 10:29:06 INFO        | Cache bandwidth: 112577947035.59398 bits/second
2026-06-28 10:29:06 INFO        
2026-06-28 10:29:06 INFO        ENERGY ESTIMATION for intadder(technology=45nm, width=4.1588830833596715, global_cycle_seconds=5e-10).add(global_cycle_seconds=5e-10)
2026-06-28 10:29:06 INFO        dummy estimated 1p with accuracy 1%. 
2026-06-28 10:29:06 INFO        Plug-ins provided accuracy, but failed to estimate:
2026-06-28 10:29:06 INFO        | Aladdin_table with accuracy 70% estimating value: KeyError: 'action_latency_cycles'
2026-06-28 10:29:06 INFO        
2026-06-28 10:29:06 INFO        ENERGY ESTIMATION for intadder(technology=45nm, width=4.1588830833596715, global_cycle_seconds=5e-10).idle(global_cycle_seconds=5e-10)
2026-06-28 10:29:06 INFO        dummy estimated 1p with accuracy 1%. 
2026-06-28 10:29:06 INFO        Plug-ins provided accuracy, but failed to estimate:
2026-06-28 10:29:06 INFO        | Aladdin_table with accuracy 70% estimating value: KeyError: 'action_latency_cycles'
2026-06-28 10:29:06 INFO        
2026-06-28 10:29:06 INFO        ENERGY ESTIMATION for SRAM(technology=45nm, width=64, depth=64, n_rdwr_ports=2, n_banks=1, global_cycle_seconds=5e-10).idle(global_cycle_seconds=5e-10)
2026-06-28 10:29:06 INFO        CactiSRAM estimated 0 with accuracy 80%. Messages:
2026-06-28 10:29:06 INFO        | Unused arguments (n_rdwr_ports, global_cycle_seconds) provided for ['SRAM', 'sram'].__init__. Arguments used: (technology, width, depth, n_banks)
2026-06-28 10:29:06 INFO        | Unused arguments (global_cycle_seconds) provided for ['SRAM', 'sram'].idle. Arguments used: ()
2026-06-28 10:29:06 INFO        
2026-06-28 10:29:06 INFO        ENERGY ESTIMATION for intadder(technology=45nm, width=4.1588830833596715, global_cycle_seconds=5e-10).idle(global_cycle_seconds=5e-10)
2026-06-28 10:29:06 INFO        dummy estimated 1p with accuracy 1%. 
2026-06-28 10:29:06 INFO        Plug-ins provided accuracy, but failed to estimate:
2026-06-28 10:29:06 INFO        | Aladdin_table with accuracy 70% estimating value: KeyError: 'action_latency_cycles'
2026-06-28 10:29:06 INFO        
2026-06-28 10:29:06 INFO        ENERGY ESTIMATION for SRAM(technology=45nm, width=32, depth=1, n_rdwr_ports=2, n_banks=1, global_cycle_seconds=5e-10).write(data_delta=0, address_delta=0, global_cycle_seconds=5e-10)
2026-06-28 10:29:06 INFO        CactiSRAM estimated 0.0 with accuracy 80%. Messages:
2026-06-28 10:29:06 INFO        | Unused arguments (n_rdwr_ports, global_cycle_seconds) provided for ['SRAM', 'sram'].__init__. Arguments used: (technology, width, depth, n_banks)
2026-06-28 10:29:06 INFO        | Unused arguments (global_cycle_seconds) provided for ['SRAM', 'sram'].write. Arguments used: (data_delta, address_delta)
2026-06-28 10:29:06 INFO        | Calling CACTI with cache_size=256 n_rw_ports=1 block_size=4 tech_node_um=0.045 n_banks=1 tag_size=0 associativity=1
2026-06-28 10:29:06 INFO        | Calling CACTI with input path /usr/local/share/accelergy/estimation_plug_ins/accelergy-cacti-plug-in/cacti_inputs_outputs/tmpw4cug_t5
2026-06-28 10:29:06 INFO        | CACTI output will be written to /usr/local/share/accelergy/estimation_plug_ins/accelergy-cacti-plug-in/cacti_inputs_outputs/tmpbn6qiz5z
2026-06-28 10:29:06 INFO        | CACTI executable not found at /usr/local/share/accelergy/estimation_plug_ins/accelergy-cacti-plug-in/cacti/cacti
2026-06-28 10:29:06 INFO        | Calling: cd /usr/local/share/accelergy/estimation_plug_ins/accelergy-cacti-plug-in ; ./cacti -infile /usr/local/share/accelergy/estimation_plug_ins/accelergy-cacti-plug-in/cacti_inputs_outputs/tmpw4cug_t5 >> /usr/local/share/accelergy/estimation_plug_ins/accelergy-cacti-plug-in/cacti_inputs_outputs/tmpbn6qiz5z 2>&1
2026-06-28 10:29:06 INFO        | Cache bandwidth: 4.0 bytes/cycle
2026-06-28 10:29:06 INFO        | Cache bandwidth: 65421210374.168434 bits/second
2026-06-28 10:29:06 INFO        
2026-06-28 10:29:06 INFO        ENERGY ESTIMATION for intadder(technology=45nm, width=0, global_cycle_seconds=5e-10).count(global_cycle_seconds=5e-10)
2026-06-28 10:29:06 INFO        dummy estimated 1p with accuracy 1%. 
2026-06-28 10:29:06 INFO        Plug-ins provided accuracy, but failed to estimate:
2026-06-28 10:29:06 INFO        | Aladdin_table with accuracy 70% estimating value: KeyError: 'action_latency_cycles'
2026-06-28 10:29:06 INFO        
2026-06-28 10:29:06 INFO        ENERGY ESTIMATION for intadder(technology=45nm, width=0, global_cycle_seconds=5e-10).idle(global_cycle_seconds=5e-10)
2026-06-28 10:29:06 INFO        dummy estimated 1p with accuracy 1%. 
2026-06-28 10:29:06 INFO        Plug-ins provided accuracy, but failed to estimate:
2026-06-28 10:29:06 INFO        | Aladdin_table with accuracy 70% estimating value: KeyError: 'action_latency_cycles'
2026-06-28 10:29:06 INFO        
2026-06-28 10:29:06 INFO        ENERGY ESTIMATION for SRAM(technology=45nm, width=32, depth=1, n_rdwr_ports=2, n_banks=1, global_cycle_seconds=5e-10).write(data_delta=1, address_delta=0, global_cycle_seconds=5e-10)
2026-06-28 10:29:06 INFO        CactiSRAM estimated 3.017831299903715e-14 with accuracy 80%. Messages:
2026-06-28 10:29:06 INFO        | Unused arguments (n_rdwr_ports, global_cycle_seconds) provided for ['SRAM', 'sram'].__init__. Arguments used: (technology, width, depth, n_banks)
2026-06-28 10:29:06 INFO        | Unused arguments (global_cycle_seconds) provided for ['SRAM', 'sram'].write. Arguments used: (data_delta, address_delta)
2026-06-28 10:29:06 INFO        | Calling CACTI with cache_size=256 n_rw_ports=1 block_size=4 tech_node_um=0.045 n_banks=1 tag_size=0 associativity=1
2026-06-28 10:29:06 INFO        | Calling CACTI with input path /usr/local/share/accelergy/estimation_plug_ins/accelergy-cacti-plug-in/cacti_inputs_outputs/tmpq3evxgro
2026-06-28 10:29:06 INFO        | CACTI output will be written to /usr/local/share/accelergy/estimation_plug_ins/accelergy-cacti-plug-in/cacti_inputs_outputs/tmpegxuax8w
2026-06-28 10:29:06 INFO        | CACTI executable not found at /usr/local/share/accelergy/estimation_plug_ins/accelergy-cacti-plug-in/cacti/cacti
2026-06-28 10:29:06 INFO        | Calling: cd /usr/local/share/accelergy/estimation_plug_ins/accelergy-cacti-plug-in ; ./cacti -infile /usr/local/share/accelergy/estimation_plug_ins/accelergy-cacti-plug-in/cacti_inputs_outputs/tmpq3evxgro >> /usr/local/share/accelergy/estimation_plug_ins/accelergy-cacti-plug-in/cacti_inputs_outputs/tmpegxuax8w 2>&1
2026-06-28 10:29:06 INFO        | Cache bandwidth: 4.0 bytes/cycle
2026-06-28 10:29:06 INFO        | Cache bandwidth: 65421210374.168434 bits/second
2026-06-28 10:29:06 INFO        
2026-06-28 10:29:06 INFO        ENERGY ESTIMATION for intadder(technology=45nm, width=0, global_cycle_seconds=5e-10).count(global_cycle_seconds=5e-10)
2026-06-28 10:29:06 INFO        dummy estimated 1p with accuracy 1%. 
2026-06-28 10:29:06 INFO        Plug-ins provided accuracy, but failed to estimate:
2026-06-28 10:29:06 INFO        | Aladdin_table with accuracy 70% estimating value: KeyError: 'action_latency_cycles'
2026-06-28 10:29:06 INFO        
2026-06-28 10:29:06 INFO        ENERGY ESTIMATION for intadder(technology=45nm, width=0, global_cycle_seconds=5e-10).idle(global_cycle_seconds=5e-10)
2026-06-28 10:29:06 INFO        dummy estimated 1p with accuracy 1%. 
2026-06-28 10:29:06 INFO        Plug-ins provided accuracy, but failed to estimate:
2026-06-28 10:29:06 INFO        | Aladdin_table with accuracy 70% estimating value: KeyError: 'action_latency_cycles'
2026-06-28 10:29:06 INFO        
2026-06-28 10:29:06 INFO        ENERGY ESTIMATION for SRAM(technology=45nm, width=32, depth=1, n_rdwr_ports=2, n_banks=1, global_cycle_seconds=5e-10).write(data_delta=0, address_delta=1, global_cycle_seconds=5e-10)
2026-06-28 10:29:06 INFO        CactiSRAM estimated 1.2933562713873066e-14 with accuracy 80%. Messages:
2026-06-28 10:29:06 INFO        | Unused arguments (n_rdwr_ports, global_cycle_seconds) provided for ['SRAM', 'sram'].__init__. Arguments used: (technology, width, depth, n_banks)
2026-06-28 10:29:06 INFO        | Unused arguments (global_cycle_seconds) provided for ['SRAM', 'sram'].write. Arguments used: (data_delta, address_delta)
2026-06-28 10:29:06 INFO        | Calling CACTI with cache_size=256 n_rw_ports=1 block_size=4 tech_node_um=0.045 n_banks=1 tag_size=0 associativity=1
2026-06-28 10:29:06 INFO        | Calling CACTI with input path /usr/local/share/accelergy/estimation_plug_ins/accelergy-cacti-plug-in/cacti_inputs_outputs/tmp8xfxez3q
2026-06-28 10:29:06 INFO        | CACTI output will be written to /usr/local/share/accelergy/estimation_plug_ins/accelergy-cacti-plug-in/cacti_inputs_outputs/tmpkp8bgdj0
2026-06-28 10:29:06 INFO        | CACTI executable not found at /usr/local/share/accelergy/estimation_plug_ins/accelergy-cacti-plug-in/cacti/cacti
2026-06-28 10:29:06 INFO        | Calling: cd /usr/local/share/accelergy/estimation_plug_ins/accelergy-cacti-plug-in ; ./cacti -infile /usr/local/share/accelergy/estimation_plug_ins/accelergy-cacti-plug-in/cacti_inputs_outputs/tmp8xfxez3q >> /usr/local/share/accelergy/estimation_plug_ins/accelergy-cacti-plug-in/cacti_inputs_outputs/tmpkp8bgdj0 2>&1
2026-06-28 10:29:06 INFO        | Cache bandwidth: 4.0 bytes/cycle
2026-06-28 10:29:06 INFO        | Cache bandwidth: 65421210374.168434 bits/second
2026-06-28 10:29:06 INFO        
2026-06-28 10:29:06 INFO        ENERGY ESTIMATION for intadder(technology=45nm, width=0, global_cycle_seconds=5e-10).count(global_cycle_seconds=5e-10)
2026-06-28 10:29:06 INFO        dummy estimated 1p with accuracy 1%. 
2026-06-28 10:29:06 INFO        Plug-ins provided accuracy, but failed to estimate:
2026-06-28 10:29:06 INFO        | Aladdin_table with accuracy 70% estimating value: KeyError: 'action_latency_cycles'
2026-06-28 10:29:06 INFO        
2026-06-28 10:29:06 INFO        ENERGY ESTIMATION for intadder(technology=45nm, width=0, global_cycle_seconds=5e-10).idle(global_cycle_seconds=5e-10)
2026-06-28 10:29:06 INFO        dummy estimated 1p with accuracy 1%. 
2026-06-28 10:29:06 INFO        Plug-ins provided accuracy, but failed to estimate:
2026-06-28 10:29:06 INFO        | Aladdin_table with accuracy 70% estimating value: KeyError: 'action_latency_cycles'
2026-06-28 10:29:06 INFO        
2026-06-28 10:29:06 INFO        ENERGY ESTIMATION for SRAM(technology=45nm, width=32, depth=1, n_rdwr_ports=2, n_banks=1, global_cycle_seconds=5e-10).write(data_delta=1, address_delta=1, global_cycle_seconds=5e-10)
2026-06-28 10:29:06 INFO        CactiSRAM estimated 4.3111875712910225e-14 with accuracy 80%. Messages:
2026-06-28 10:29:06 INFO        | Unused arguments (n_rdwr_ports, global_cycle_seconds) provided for ['SRAM', 'sram'].__init__. Arguments used: (technology, width, depth, n_banks)
2026-06-28 10:29:06 INFO        | Unused arguments (global_cycle_seconds) provided for ['SRAM', 'sram'].write. Arguments used: (data_delta, address_delta)
2026-06-28 10:29:06 INFO        | Calling CACTI with cache_size=256 n_rw_ports=1 block_size=4 tech_node_um=0.045 n_banks=1 tag_size=0 associativity=1
2026-06-28 10:29:06 INFO        | Calling CACTI with input path /usr/local/share/accelergy/estimation_plug_ins/accelergy-cacti-plug-in/cacti_inputs_outputs/tmpd1yk34c_
2026-06-28 10:29:06 INFO        | CACTI output will be written to /usr/local/share/accelergy/estimation_plug_ins/accelergy-cacti-plug-in/cacti_inputs_outputs/tmpalrh6nkh
2026-06-28 10:29:06 INFO        | CACTI executable not found at /usr/local/share/accelergy/estimation_plug_ins/accelergy-cacti-plug-in/cacti/cacti
2026-06-28 10:29:06 INFO        | Calling: cd /usr/local/share/accelergy/estimation_plug_ins/accelergy-cacti-plug-in ; ./cacti -infile /usr/local/share/accelergy/estimation_plug_ins/accelergy-cacti-plug-in/cacti_inputs_outputs/tmpd1yk34c_ >> /usr/local/share/accelergy/estimation_plug_ins/accelergy-cacti-plug-in/cacti_inputs_outputs/tmpalrh6nkh 2>&1
2026-06-28 10:29:06 INFO        | Cache bandwidth: 4.0 bytes/cycle
2026-06-28 10:29:06 INFO        | Cache bandwidth: 65421210374.168434 bits/second
2026-06-28 10:29:06 INFO        
2026-06-28 10:29:06 INFO        ENERGY ESTIMATION for intadder(technology=45nm, width=0, global_cycle_seconds=5e-10).count(global_cycle_seconds=5e-10)
2026-06-28 10:29:06 INFO        dummy estimated 1p with accuracy 1%. 
2026-06-28 10:29:06 INFO        Plug-ins provided accuracy, but failed to estimate:
2026-06-28 10:29:06 INFO        | Aladdin_table with accuracy 70% estimating value: KeyError: 'action_latency_cycles'
2026-06-28 10:29:06 INFO        
2026-06-28 10:29:06 INFO        ENERGY ESTIMATION for intadder(technology=45nm, width=0, global_cycle_seconds=5e-10).idle(global_cycle_seconds=5e-10)
2026-06-28 10:29:06 INFO        dummy estimated 1p with accuracy 1%. 
2026-06-28 10:29:06 INFO        Plug-ins provided accuracy, but failed to estimate:
2026-06-28 10:29:06 INFO        | Aladdin_table with accuracy 70% estimating value: KeyError: 'action_latency_cycles'
2026-06-28 10:29:06 INFO        
2026-06-28 10:29:06 INFO        ENERGY ESTIMATION for SRAM(technology=45nm, width=32, depth=1, n_rdwr_ports=2, n_banks=1, global_cycle_seconds=5e-10).read(data_delta=0, address_delta=0, global_cycle_seconds=5e-10)
2026-06-28 10:29:06 INFO        CactiSRAM estimated 0.0 with accuracy 80%. Messages:
2026-06-28 10:29:06 INFO        | Unused arguments (n_rdwr_ports, global_cycle_seconds) provided for ['SRAM', 'sram'].__init__. Arguments used: (technology, width, depth, n_banks)
2026-06-28 10:29:06 INFO        | Unused arguments (global_cycle_seconds) provided for ['SRAM', 'sram'].read. Arguments used: (data_delta, address_delta)
2026-06-28 10:29:06 INFO        | Calling CACTI with cache_size=256 n_rw_ports=1 block_size=4 tech_node_um=0.045 n_banks=1 tag_size=0 associativity=1
2026-06-28 10:29:06 INFO        | Calling CACTI with input path /usr/local/share/accelergy/estimation_plug_ins/accelergy-cacti-plug-in/cacti_inputs_outputs/tmpcxes63nv
2026-06-28 10:29:06 INFO        | CACTI output will be written to /usr/local/share/accelergy/estimation_plug_ins/accelergy-cacti-plug-in/cacti_inputs_outputs/tmpdnrqzopf
2026-06-28 10:29:06 INFO        | CACTI executable not found at /usr/local/share/accelergy/estimation_plug_ins/accelergy-cacti-plug-in/cacti/cacti
2026-06-28 10:29:06 INFO        | Calling: cd /usr/local/share/accelergy/estimation_plug_ins/accelergy-cacti-plug-in ; ./cacti -infile /usr/local/share/accelergy/estimation_plug_ins/accelergy-cacti-plug-in/cacti_inputs_outputs/tmpcxes63nv >> /usr/local/share/accelergy/estimation_plug_ins/accelergy-cacti-plug-in/cacti_inputs_outputs/tmpdnrqzopf 2>&1
2026-06-28 10:29:06 INFO        | Cache bandwidth: 4.0 bytes/cycle
2026-06-28 10:29:06 INFO        | Cache bandwidth: 65421210374.168434 bits/second
2026-06-28 10:29:06 INFO        
2026-06-28 10:29:06 INFO        ENERGY ESTIMATION for intadder(technology=45nm, width=0, global_cycle_seconds=5e-10).add(global_cycle_seconds=5e-10)
2026-06-28 10:29:06 INFO        dummy estimated 1p with accuracy 1%. 
2026-06-28 10:29:06 INFO        Plug-ins provided accuracy, but failed to estimate:
2026-06-28 10:29:06 INFO        | Aladdin_table with accuracy 70% estimating value: KeyError: 'action_latency_cycles'
2026-06-28 10:29:06 INFO        
2026-06-28 10:29:06 INFO        ENERGY ESTIMATION for intadder(technology=45nm, width=0, global_cycle_seconds=5e-10).idle(global_cycle_seconds=5e-10)
2026-06-28 10:29:06 INFO        dummy estimated 1p with accuracy 1%. 
2026-06-28 10:29:06 INFO        Plug-ins provided accuracy, but failed to estimate:
2026-06-28 10:29:06 INFO        | Aladdin_table with accuracy 70% estimating value: KeyError: 'action_latency_cycles'
2026-06-28 10:29:06 INFO        
2026-06-28 10:29:06 INFO        ENERGY ESTIMATION for SRAM(technology=45nm, width=32, depth=1, n_rdwr_ports=2, n_banks=1, global_cycle_seconds=5e-10).read(data_delta=1, address_delta=0, global_cycle_seconds=5e-10)
2026-06-28 10:29:06 INFO        CactiSRAM estimated 1.8338580423474302e-14 with accuracy 80%. Messages:
2026-06-28 10:29:06 INFO        | Unused arguments (n_rdwr_ports, global_cycle_seconds) provided for ['SRAM', 'sram'].__init__. Arguments used: (technology, width, depth, n_banks)
2026-06-28 10:29:06 INFO        | Unused arguments (global_cycle_seconds) provided for ['SRAM', 'sram'].read. Arguments used: (data_delta, address_delta)
2026-06-28 10:29:06 INFO        | Calling CACTI with cache_size=256 n_rw_ports=1 block_size=4 tech_node_um=0.045 n_banks=1 tag_size=0 associativity=1
2026-06-28 10:29:06 INFO        | Calling CACTI with input path /usr/local/share/accelergy/estimation_plug_ins/accelergy-cacti-plug-in/cacti_inputs_outputs/tmpzaomihn3
2026-06-28 10:29:06 INFO        | CACTI output will be written to /usr/local/share/accelergy/estimation_plug_ins/accelergy-cacti-plug-in/cacti_inputs_outputs/tmpuah6suk5
2026-06-28 10:29:06 INFO        | CACTI executable not found at /usr/local/share/accelergy/estimation_plug_ins/accelergy-cacti-plug-in/cacti/cacti
2026-06-28 10:29:06 INFO        | Calling: cd /usr/local/share/accelergy/estimation_plug_ins/accelergy-cacti-plug-in ; ./cacti -infile /usr/local/share/accelergy/estimation_plug_ins/accelergy-cacti-plug-in/cacti_inputs_outputs/tmpzaomihn3 >> /usr/local/share/accelergy/estimation_plug_ins/accelergy-cacti-plug-in/cacti_inputs_outputs/tmpuah6suk5 2>&1
2026-06-28 10:29:06 INFO        | Cache bandwidth: 4.0 bytes/cycle
2026-06-28 10:29:06 INFO        | Cache bandwidth: 65421210374.168434 bits/second
2026-06-28 10:29:06 INFO        
2026-06-28 10:29:06 INFO        ENERGY ESTIMATION for intadder(technology=45nm, width=0, global_cycle_seconds=5e-10).add(global_cycle_seconds=5e-10)
2026-06-28 10:29:06 INFO        dummy estimated 1p with accuracy 1%. 
2026-06-28 10:29:06 INFO        Plug-ins provided accuracy, but failed to estimate:
2026-06-28 10:29:06 INFO        | Aladdin_table with accuracy 70% estimating value: KeyError: 'action_latency_cycles'
2026-06-28 10:29:06 INFO        
2026-06-28 10:29:06 INFO        ENERGY ESTIMATION for intadder(technology=45nm, width=0, global_cycle_seconds=5e-10).idle(global_cycle_seconds=5e-10)
2026-06-28 10:29:06 INFO        dummy estimated 1p with accuracy 1%. 
2026-06-28 10:29:06 INFO        Plug-ins provided accuracy, but failed to estimate:
2026-06-28 10:29:06 INFO        | Aladdin_table with accuracy 70% estimating value: KeyError: 'action_latency_cycles'
2026-06-28 10:29:06 INFO        
2026-06-28 10:29:06 INFO        ENERGY ESTIMATION for SRAM(technology=45nm, width=32, depth=1, n_rdwr_ports=2, n_banks=1, global_cycle_seconds=5e-10).read(data_delta=0, address_delta=1, global_cycle_seconds=5e-10)
2026-06-28 10:29:06 INFO        CactiSRAM estimated 7.859391610060416e-15 with accuracy 80%. Messages:
2026-06-28 10:29:06 INFO        | Unused arguments (n_rdwr_ports, global_cycle_seconds) provided for ['SRAM', 'sram'].__init__. Arguments used: (technology, width, depth, n_banks)
2026-06-28 10:29:06 INFO        | Unused arguments (global_cycle_seconds) provided for ['SRAM', 'sram'].read. Arguments used: (data_delta, address_delta)
2026-06-28 10:29:06 INFO        | Calling CACTI with cache_size=256 n_rw_ports=1 block_size=4 tech_node_um=0.045 n_banks=1 tag_size=0 associativity=1
2026-06-28 10:29:06 INFO        | Calling CACTI with input path /usr/local/share/accelergy/estimation_plug_ins/accelergy-cacti-plug-in/cacti_inputs_outputs/tmphdgq5wkj
2026-06-28 10:29:06 INFO        | CACTI output will be written to /usr/local/share/accelergy/estimation_plug_ins/accelergy-cacti-plug-in/cacti_inputs_outputs/tmp3wjkzooq
2026-06-28 10:29:06 INFO        | CACTI executable not found at /usr/local/share/accelergy/estimation_plug_ins/accelergy-cacti-plug-in/cacti/cacti
2026-06-28 10:29:06 INFO        | Calling: cd /usr/local/share/accelergy/estimation_plug_ins/accelergy-cacti-plug-in ; ./cacti -infile /usr/local/share/accelergy/estimation_plug_ins/accelergy-cacti-plug-in/cacti_inputs_outputs/tmphdgq5wkj >> /usr/local/share/accelergy/estimation_plug_ins/accelergy-cacti-plug-in/cacti_inputs_outputs/tmp3wjkzooq 2>&1
2026-06-28 10:29:06 INFO        | Cache bandwidth: 4.0 bytes/cycle
2026-06-28 10:29:06 INFO        | Cache bandwidth: 65421210374.168434 bits/second
2026-06-28 10:29:06 INFO        
2026-06-28 10:29:06 INFO        ENERGY ESTIMATION for intadder(technology=45nm, width=0, global_cycle_seconds=5e-10).add(global_cycle_seconds=5e-10)
2026-06-28 10:29:06 INFO        dummy estimated 1p with accuracy 1%. 
2026-06-28 10:29:06 INFO        Plug-ins provided accuracy, but failed to estimate:
2026-06-28 10:29:06 INFO        | Aladdin_table with accuracy 70% estimating value: KeyError: 'action_latency_cycles'
2026-06-28 10:29:06 INFO        
2026-06-28 10:29:06 INFO        ENERGY ESTIMATION for intadder(technology=45nm, width=0, global_cycle_seconds=5e-10).idle(global_cycle_seconds=5e-10)
2026-06-28 10:29:06 INFO        dummy estimated 1p with accuracy 1%. 
2026-06-28 10:29:06 INFO        Plug-ins provided accuracy, but failed to estimate:
2026-06-28 10:29:06 INFO        | Aladdin_table with accuracy 70% estimating value: KeyError: 'action_latency_cycles'
2026-06-28 10:29:06 INFO        
2026-06-28 10:29:06 INFO        ENERGY ESTIMATION for SRAM(technology=45nm, width=32, depth=1, n_rdwr_ports=2, n_banks=1, global_cycle_seconds=5e-10).read(data_delta=1, address_delta=1, global_cycle_seconds=5e-10)
2026-06-28 10:29:06 INFO        CactiSRAM estimated 2.619797203353472e-14 with accuracy 80%. Messages:
2026-06-28 10:29:06 INFO        | Unused arguments (n_rdwr_ports, global_cycle_seconds) provided for ['SRAM', 'sram'].__init__. Arguments used: (technology, width, depth, n_banks)
2026-06-28 10:29:06 INFO        | Unused arguments (global_cycle_seconds) provided for ['SRAM', 'sram'].read. Arguments used: (data_delta, address_delta)
2026-06-28 10:29:06 INFO        | Calling CACTI with cache_size=256 n_rw_ports=1 block_size=4 tech_node_um=0.045 n_banks=1 tag_size=0 associativity=1
2026-06-28 10:29:06 INFO        | Calling CACTI with input path /usr/local/share/accelergy/estimation_plug_ins/accelergy-cacti-plug-in/cacti_inputs_outputs/tmp_dll4v6i
2026-06-28 10:29:06 INFO        | CACTI output will be written to /usr/local/share/accelergy/estimation_plug_ins/accelergy-cacti-plug-in/cacti_inputs_outputs/tmpn0kwsg5w
2026-06-28 10:29:06 INFO        | CACTI executable not found at /usr/local/share/accelergy/estimation_plug_ins/accelergy-cacti-plug-in/cacti/cacti
2026-06-28 10:29:06 INFO        | Calling: cd /usr/local/share/accelergy/estimation_plug_ins/accelergy-cacti-plug-in ; ./cacti -infile /usr/local/share/accelergy/estimation_plug_ins/accelergy-cacti-plug-in/cacti_inputs_outputs/tmp_dll4v6i >> /usr/local/share/accelergy/estimation_plug_ins/accelergy-cacti-plug-in/cacti_inputs_outputs/tmpn0kwsg5w 2>&1
2026-06-28 10:29:06 INFO        | Cache bandwidth: 4.0 bytes/cycle
2026-06-28 10:29:06 INFO        | Cache bandwidth: 65421210374.168434 bits/second
2026-06-28 10:29:06 INFO        
2026-06-28 10:29:06 INFO        ENERGY ESTIMATION for intadder(technology=45nm, width=0, global_cycle_seconds=5e-10).add(global_cycle_seconds=5e-10)
2026-06-28 10:29:06 INFO        dummy estimated 1p with accuracy 1%. 
2026-06-28 10:29:06 INFO        Plug-ins provided accuracy, but failed to estimate:
2026-06-28 10:29:06 INFO        | Aladdin_table with accuracy 70% estimating value: KeyError: 'action_latency_cycles'
2026-06-28 10:29:06 INFO        
2026-06-28 10:29:06 INFO        ENERGY ESTIMATION for intadder(technology=45nm, width=0, global_cycle_seconds=5e-10).idle(global_cycle_seconds=5e-10)
2026-06-28 10:29:06 INFO        dummy estimated 1p with accuracy 1%. 
2026-06-28 10:29:06 INFO        Plug-ins provided accuracy, but failed to estimate:
2026-06-28 10:29:06 INFO        | Aladdin_table with accuracy 70% estimating value: KeyError: 'action_latency_cycles'
2026-06-28 10:29:06 INFO        
2026-06-28 10:29:06 INFO        ENERGY ESTIMATION for SRAM(technology=45nm, width=32, depth=1, n_rdwr_ports=2, n_banks=1, global_cycle_seconds=5e-10).idle(global_cycle_seconds=5e-10)
2026-06-28 10:29:06 INFO        CactiSRAM estimated 0 with accuracy 80%. Messages:
2026-06-28 10:29:06 INFO        | Unused arguments (n_rdwr_ports, global_cycle_seconds) provided for ['SRAM', 'sram'].__init__. Arguments used: (technology, width, depth, n_banks)
2026-06-28 10:29:06 INFO        | Unused arguments (global_cycle_seconds) provided for ['SRAM', 'sram'].idle. Arguments used: ()
2026-06-28 10:29:06 INFO        
2026-06-28 10:29:06 INFO        ENERGY ESTIMATION for intadder(technology=45nm, width=0, global_cycle_seconds=5e-10).idle(global_cycle_seconds=5e-10)
2026-06-28 10:29:06 INFO        dummy estimated 1p with accuracy 1%. 
2026-06-28 10:29:06 INFO        Plug-ins provided accuracy, but failed to estimate:
2026-06-28 10:29:06 INFO        | Aladdin_table with accuracy 70% estimating value: KeyError: 'action_latency_cycles'
2026-06-28 10:29:06 INFO        
2026-06-28 10:29:06 INFO        ENERGY ESTIMATION for intmac(technology=45nm, datawidth=16, global_cycle_seconds=5e-10).mac_random(global_cycle_seconds=5e-10)
2026-06-28 10:29:06 INFO        dummy estimated 1p with accuracy 1%. 
2026-06-28 10:29:06 INFO        Plug-ins provided accuracy, but failed to estimate:
2026-06-28 10:29:06 INFO        | Aladdin_table with accuracy 70% estimating value: KeyError: 'width'
2026-06-28 10:29:06 INFO        
2026-06-28 10:29:06 INFO        ENERGY ESTIMATION for SRAM(technology=45nm, width=512, depth=2048, n_rdwr_ports=2, n_banks=1, global_cycle_seconds=5e-10).write(data_delta=0, address_delta=0, global_cycle_seconds=5e-10)
2026-06-28 10:29:07 INFO        CactiSRAM estimated 0.0 with accuracy 80%. Messages:
2026-06-28 10:29:07 INFO        | Unused arguments (n_rdwr_ports, global_cycle_seconds) provided for ['SRAM', 'sram'].__init__. Arguments used: (technology, width, depth, n_banks)
2026-06-28 10:29:07 INFO        | Unused arguments (global_cycle_seconds) provided for ['SRAM', 'sram'].write. Arguments used: (data_delta, address_delta)
2026-06-28 10:29:07 INFO        | Calling CACTI with cache_size=131072 n_rw_ports=1 block_size=64 tech_node_um=0.045 n_banks=1 tag_size=0 associativity=1
2026-06-28 10:29:07 INFO        | Calling CACTI with input path /usr/local/share/accelergy/estimation_plug_ins/accelergy-cacti-plug-in/cacti_inputs_outputs/tmpxa1ok_tj
2026-06-28 10:29:07 INFO        | CACTI output will be written to /usr/local/share/accelergy/estimation_plug_ins/accelergy-cacti-plug-in/cacti_inputs_outputs/tmp53cidvqu
2026-06-28 10:29:07 INFO        | CACTI executable not found at /usr/local/share/accelergy/estimation_plug_ins/accelergy-cacti-plug-in/cacti/cacti
2026-06-28 10:29:07 INFO        | Calling: cd /usr/local/share/accelergy/estimation_plug_ins/accelergy-cacti-plug-in ; ./cacti -infile /usr/local/share/accelergy/estimation_plug_ins/accelergy-cacti-plug-in/cacti_inputs_outputs/tmpxa1ok_tj >> /usr/local/share/accelergy/estimation_plug_ins/accelergy-cacti-plug-in/cacti_inputs_outputs/tmp53cidvqu 2>&1
2026-06-28 10:29:07 INFO        | Cache bandwidth: 64.0 bytes/cycle
2026-06-28 10:29:07 INFO        | Cache bandwidth: 215697921801.07767 bits/second
2026-06-28 10:29:07 INFO        
2026-06-28 10:29:07 INFO        ENERGY ESTIMATION for intadder(technology=45nm, width=7.6246189861593985, global_cycle_seconds=5e-10).count(global_cycle_seconds=5e-10)
2026-06-28 10:29:07 INFO        dummy estimated 1p with accuracy 1%. 
2026-06-28 10:29:07 INFO        Plug-ins provided accuracy, but failed to estimate:
2026-06-28 10:29:07 INFO        | Aladdin_table with accuracy 70% estimating value: KeyError: 'action_latency_cycles'
2026-06-28 10:29:07 INFO        
2026-06-28 10:29:07 INFO        ENERGY ESTIMATION for intadder(technology=45nm, width=7.6246189861593985, global_cycle_seconds=5e-10).idle(global_cycle_seconds=5e-10)
2026-06-28 10:29:07 INFO        dummy estimated 1p with accuracy 1%. 
2026-06-28 10:29:07 INFO        Plug-ins provided accuracy, but failed to estimate:
2026-06-28 10:29:07 INFO        | Aladdin_table with accuracy 70% estimating value: KeyError: 'action_latency_cycles'
2026-06-28 10:29:07 INFO        
2026-06-28 10:29:07 INFO        ENERGY ESTIMATION for SRAM(technology=45nm, width=512, depth=2048, n_rdwr_ports=2, n_banks=1, global_cycle_seconds=5e-10).write(data_delta=1, address_delta=0, global_cycle_seconds=5e-10)
2026-06-28 10:29:07 INFO        CactiSRAM estimated 1.388625e-10 with accuracy 80%. Messages:
2026-06-28 10:29:07 INFO        | Unused arguments (n_rdwr_ports, global_cycle_seconds) provided for ['SRAM', 'sram'].__init__. Arguments used: (technology, width, depth, n_banks)
2026-06-28 10:29:07 INFO        | Unused arguments (global_cycle_seconds) provided for ['SRAM', 'sram'].write. Arguments used: (data_delta, address_delta)
2026-06-28 10:29:07 INFO        | Calling CACTI with cache_size=131072 n_rw_ports=1 block_size=64 tech_node_um=0.045 n_banks=1 tag_size=0 associativity=1
2026-06-28 10:29:07 INFO        | Calling CACTI with input path /usr/local/share/accelergy/estimation_plug_ins/accelergy-cacti-plug-in/cacti_inputs_outputs/tmpzb2gx1gn
2026-06-28 10:29:07 INFO        | CACTI output will be written to /usr/local/share/accelergy/estimation_plug_ins/accelergy-cacti-plug-in/cacti_inputs_outputs/tmph5hqybi0
2026-06-28 10:29:07 INFO        | CACTI executable not found at /usr/local/share/accelergy/estimation_plug_ins/accelergy-cacti-plug-in/cacti/cacti
2026-06-28 10:29:07 INFO        | Calling: cd /usr/local/share/accelergy/estimation_plug_ins/accelergy-cacti-plug-in ; ./cacti -infile /usr/local/share/accelergy/estimation_plug_ins/accelergy-cacti-plug-in/cacti_inputs_outputs/tmpzb2gx1gn >> /usr/local/share/accelergy/estimation_plug_ins/accelergy-cacti-plug-in/cacti_inputs_outputs/tmph5hqybi0 2>&1
2026-06-28 10:29:07 INFO        | Cache bandwidth: 64.0 bytes/cycle
2026-06-28 10:29:07 INFO        | Cache bandwidth: 215697921801.07767 bits/second
2026-06-28 10:29:07 INFO        
2026-06-28 10:29:07 INFO        ENERGY ESTIMATION for intadder(technology=45nm, width=7.6246189861593985, global_cycle_seconds=5e-10).count(global_cycle_seconds=5e-10)
2026-06-28 10:29:07 INFO        dummy estimated 1p with accuracy 1%. 
2026-06-28 10:29:07 INFO        Plug-ins provided accuracy, but failed to estimate:
2026-06-28 10:29:07 INFO        | Aladdin_table with accuracy 70% estimating value: KeyError: 'action_latency_cycles'
2026-06-28 10:29:07 INFO        
2026-06-28 10:29:07 INFO        ENERGY ESTIMATION for intadder(technology=45nm, width=7.6246189861593985, global_cycle_seconds=5e-10).idle(global_cycle_seconds=5e-10)
2026-06-28 10:29:07 INFO        dummy estimated 1p with accuracy 1%. 
2026-06-28 10:29:07 INFO        Plug-ins provided accuracy, but failed to estimate:
2026-06-28 10:29:07 INFO        | Aladdin_table with accuracy 70% estimating value: KeyError: 'action_latency_cycles'
2026-06-28 10:29:07 INFO        
2026-06-28 10:29:07 INFO        ENERGY ESTIMATION for SRAM(technology=45nm, width=512, depth=2048, n_rdwr_ports=2, n_banks=1, global_cycle_seconds=5e-10).write(data_delta=0, address_delta=1, global_cycle_seconds=5e-10)
2026-06-28 10:29:07 INFO        CactiSRAM estimated 5.951249999999999e-11 with accuracy 80%. Messages:
2026-06-28 10:29:07 INFO        | Unused arguments (n_rdwr_ports, global_cycle_seconds) provided for ['SRAM', 'sram'].__init__. Arguments used: (technology, width, depth, n_banks)
2026-06-28 10:29:07 INFO        | Unused arguments (global_cycle_seconds) provided for ['SRAM', 'sram'].write. Arguments used: (data_delta, address_delta)
2026-06-28 10:29:07 INFO        | Calling CACTI with cache_size=131072 n_rw_ports=1 block_size=64 tech_node_um=0.045 n_banks=1 tag_size=0 associativity=1
2026-06-28 10:29:07 INFO        | Calling CACTI with input path /usr/local/share/accelergy/estimation_plug_ins/accelergy-cacti-plug-in/cacti_inputs_outputs/tmpbqwyf0q8
2026-06-28 10:29:07 INFO        | CACTI output will be written to /usr/local/share/accelergy/estimation_plug_ins/accelergy-cacti-plug-in/cacti_inputs_outputs/tmpcamne3n6
2026-06-28 10:29:07 INFO        | CACTI executable not found at /usr/local/share/accelergy/estimation_plug_ins/accelergy-cacti-plug-in/cacti/cacti
2026-06-28 10:29:07 INFO        | Calling: cd /usr/local/share/accelergy/estimation_plug_ins/accelergy-cacti-plug-in ; ./cacti -infile /usr/local/share/accelergy/estimation_plug_ins/accelergy-cacti-plug-in/cacti_inputs_outputs/tmpbqwyf0q8 >> /usr/local/share/accelergy/estimation_plug_ins/accelergy-cacti-plug-in/cacti_inputs_outputs/tmpcamne3n6 2>&1
2026-06-28 10:29:07 INFO        | Cache bandwidth: 64.0 bytes/cycle
2026-06-28 10:29:07 INFO        | Cache bandwidth: 215697921801.07767 bits/second
2026-06-28 10:29:07 INFO        
2026-06-28 10:29:07 INFO        ENERGY ESTIMATION for intadder(technology=45nm, width=7.6246189861593985, global_cycle_seconds=5e-10).count(global_cycle_seconds=5e-10)
2026-06-28 10:29:07 INFO        dummy estimated 1p with accuracy 1%. 
2026-06-28 10:29:07 INFO        Plug-ins provided accuracy, but failed to estimate:
2026-06-28 10:29:07 INFO        | Aladdin_table with accuracy 70% estimating value: KeyError: 'action_latency_cycles'
2026-06-28 10:29:07 INFO        
2026-06-28 10:29:07 INFO        ENERGY ESTIMATION for intadder(technology=45nm, width=7.6246189861593985, global_cycle_seconds=5e-10).idle(global_cycle_seconds=5e-10)
2026-06-28 10:29:07 INFO        dummy estimated 1p with accuracy 1%. 
2026-06-28 10:29:07 INFO        Plug-ins provided accuracy, but failed to estimate:
2026-06-28 10:29:07 INFO        | Aladdin_table with accuracy 70% estimating value: KeyError: 'action_latency_cycles'
2026-06-28 10:29:07 INFO        
2026-06-28 10:29:07 INFO        ENERGY ESTIMATION for SRAM(technology=45nm, width=512, depth=2048, n_rdwr_ports=2, n_banks=1, global_cycle_seconds=5e-10).write(data_delta=1, address_delta=1, global_cycle_seconds=5e-10)
2026-06-28 10:29:08 INFO        CactiSRAM estimated 1.98375e-10 with accuracy 80%. Messages:
2026-06-28 10:29:08 INFO        | Unused arguments (n_rdwr_ports, global_cycle_seconds) provided for ['SRAM', 'sram'].__init__. Arguments used: (technology, width, depth, n_banks)
2026-06-28 10:29:08 INFO        | Unused arguments (global_cycle_seconds) provided for ['SRAM', 'sram'].write. Arguments used: (data_delta, address_delta)
2026-06-28 10:29:08 INFO        | Calling CACTI with cache_size=131072 n_rw_ports=1 block_size=64 tech_node_um=0.045 n_banks=1 tag_size=0 associativity=1
2026-06-28 10:29:08 INFO        | Calling CACTI with input path /usr/local/share/accelergy/estimation_plug_ins/accelergy-cacti-plug-in/cacti_inputs_outputs/tmp1n69v_v0
2026-06-28 10:29:08 INFO        | CACTI output will be written to /usr/local/share/accelergy/estimation_plug_ins/accelergy-cacti-plug-in/cacti_inputs_outputs/tmpgdd01v_j
2026-06-28 10:29:08 INFO        | CACTI executable not found at /usr/local/share/accelergy/estimation_plug_ins/accelergy-cacti-plug-in/cacti/cacti
2026-06-28 10:29:08 INFO        | Calling: cd /usr/local/share/accelergy/estimation_plug_ins/accelergy-cacti-plug-in ; ./cacti -infile /usr/local/share/accelergy/estimation_plug_ins/accelergy-cacti-plug-in/cacti_inputs_outputs/tmp1n69v_v0 >> /usr/local/share/accelergy/estimation_plug_ins/accelergy-cacti-plug-in/cacti_inputs_outputs/tmpgdd01v_j 2>&1
2026-06-28 10:29:08 INFO        | Cache bandwidth: 64.0 bytes/cycle
2026-06-28 10:29:08 INFO        | Cache bandwidth: 215697921801.07767 bits/second
2026-06-28 10:29:08 INFO        
2026-06-28 10:29:08 INFO        ENERGY ESTIMATION for intadder(technology=45nm, width=7.6246189861593985, global_cycle_seconds=5e-10).count(global_cycle_seconds=5e-10)
2026-06-28 10:29:08 INFO        dummy estimated 1p with accuracy 1%. 
2026-06-28 10:29:08 INFO        Plug-ins provided accuracy, but failed to estimate:
2026-06-28 10:29:08 INFO        | Aladdin_table with accuracy 70% estimating value: KeyError: 'action_latency_cycles'
2026-06-28 10:29:08 INFO        
2026-06-28 10:29:08 INFO        ENERGY ESTIMATION for intadder(technology=45nm, width=7.6246189861593985, global_cycle_seconds=5e-10).idle(global_cycle_seconds=5e-10)
2026-06-28 10:29:08 INFO        dummy estimated 1p with accuracy 1%. 
2026-06-28 10:29:08 INFO        Plug-ins provided accuracy, but failed to estimate:
2026-06-28 10:29:08 INFO        | Aladdin_table with accuracy 70% estimating value: KeyError: 'action_latency_cycles'
2026-06-28 10:29:08 INFO        
2026-06-28 10:29:08 INFO        ENERGY ESTIMATION for SRAM(technology=45nm, width=512, depth=2048, n_rdwr_ports=2, n_banks=1, global_cycle_seconds=5e-10).read(data_delta=0, address_delta=0, global_cycle_seconds=5e-10)
2026-06-28 10:29:08 INFO        CactiSRAM estimated 0.0 with accuracy 80%. Messages:
2026-06-28 10:29:08 INFO        | Unused arguments (n_rdwr_ports, global_cycle_seconds) provided for ['SRAM', 'sram'].__init__. Arguments used: (technology, width, depth, n_banks)
2026-06-28 10:29:08 INFO        | Unused arguments (global_cycle_seconds) provided for ['SRAM', 'sram'].read. Arguments used: (data_delta, address_delta)
2026-06-28 10:29:08 INFO        | Calling CACTI with cache_size=131072 n_rw_ports=1 block_size=64 tech_node_um=0.045 n_banks=1 tag_size=0 associativity=1
2026-06-28 10:29:08 INFO        | Calling CACTI with input path /usr/local/share/accelergy/estimation_plug_ins/accelergy-cacti-plug-in/cacti_inputs_outputs/tmp9168gomw
2026-06-28 10:29:08 INFO        | CACTI output will be written to /usr/local/share/accelergy/estimation_plug_ins/accelergy-cacti-plug-in/cacti_inputs_outputs/tmp4zvwqfsd
2026-06-28 10:29:08 INFO        | CACTI executable not found at /usr/local/share/accelergy/estimation_plug_ins/accelergy-cacti-plug-in/cacti/cacti
2026-06-28 10:29:08 INFO        | Calling: cd /usr/local/share/accelergy/estimation_plug_ins/accelergy-cacti-plug-in ; ./cacti -infile /usr/local/share/accelergy/estimation_plug_ins/accelergy-cacti-plug-in/cacti_inputs_outputs/tmp9168gomw >> /usr/local/share/accelergy/estimation_plug_ins/accelergy-cacti-plug-in/cacti_inputs_outputs/tmp4zvwqfsd 2>&1
2026-06-28 10:29:08 INFO        | Cache bandwidth: 64.0 bytes/cycle
2026-06-28 10:29:08 INFO        | Cache bandwidth: 215697921801.07767 bits/second
2026-06-28 10:29:08 INFO        
2026-06-28 10:29:08 INFO        ENERGY ESTIMATION for intadder(technology=45nm, width=7.6246189861593985, global_cycle_seconds=5e-10).add(global_cycle_seconds=5e-10)
2026-06-28 10:29:08 INFO        dummy estimated 1p with accuracy 1%. 
2026-06-28 10:29:08 INFO        Plug-ins provided accuracy, but failed to estimate:
2026-06-28 10:29:08 INFO        | Aladdin_table with accuracy 70% estimating value: KeyError: 'action_latency_cycles'
2026-06-28 10:29:08 INFO        
2026-06-28 10:29:08 INFO        ENERGY ESTIMATION for intadder(technology=45nm, width=7.6246189861593985, global_cycle_seconds=5e-10).idle(global_cycle_seconds=5e-10)
2026-06-28 10:29:08 INFO        dummy estimated 1p with accuracy 1%. 
2026-06-28 10:29:08 INFO        Plug-ins provided accuracy, but failed to estimate:
2026-06-28 10:29:08 INFO        | Aladdin_table with accuracy 70% estimating value: KeyError: 'action_latency_cycles'
2026-06-28 10:29:08 INFO        
2026-06-28 10:29:08 INFO        ENERGY ESTIMATION for SRAM(technology=45nm, width=512, depth=2048, n_rdwr_ports=2, n_banks=1, global_cycle_seconds=5e-10).read(data_delta=1, address_delta=0, global_cycle_seconds=5e-10)
2026-06-28 10:29:08 INFO        CactiSRAM estimated 6.844075e-11 with accuracy 80%. Messages:
2026-06-28 10:29:08 INFO        | Unused arguments (n_rdwr_ports, global_cycle_seconds) provided for ['SRAM', 'sram'].__init__. Arguments used: (technology, width, depth, n_banks)
2026-06-28 10:29:08 INFO        | Unused arguments (global_cycle_seconds) provided for ['SRAM', 'sram'].read. Arguments used: (data_delta, address_delta)
2026-06-28 10:29:08 INFO        | Calling CACTI with cache_size=131072 n_rw_ports=1 block_size=64 tech_node_um=0.045 n_banks=1 tag_size=0 associativity=1
2026-06-28 10:29:08 INFO        | Calling CACTI with input path /usr/local/share/accelergy/estimation_plug_ins/accelergy-cacti-plug-in/cacti_inputs_outputs/tmpmreg9tpu
2026-06-28 10:29:08 INFO        | CACTI output will be written to /usr/local/share/accelergy/estimation_plug_ins/accelergy-cacti-plug-in/cacti_inputs_outputs/tmpuczz0h89
2026-06-28 10:29:08 INFO        | CACTI executable not found at /usr/local/share/accelergy/estimation_plug_ins/accelergy-cacti-plug-in/cacti/cacti
2026-06-28 10:29:08 INFO        | Calling: cd /usr/local/share/accelergy/estimation_plug_ins/accelergy-cacti-plug-in ; ./cacti -infile /usr/local/share/accelergy/estimation_plug_ins/accelergy-cacti-plug-in/cacti_inputs_outputs/tmpmreg9tpu >> /usr/local/share/accelergy/estimation_plug_ins/accelergy-cacti-plug-in/cacti_inputs_outputs/tmpuczz0h89 2>&1
2026-06-28 10:29:08 INFO        | Cache bandwidth: 64.0 bytes/cycle
2026-06-28 10:29:08 INFO        | Cache bandwidth: 215697921801.07767 bits/second
2026-06-28 10:29:08 INFO        
2026-06-28 10:29:08 INFO        ENERGY ESTIMATION for intadder(technology=45nm, width=7.6246189861593985, global_cycle_seconds=5e-10).add(global_cycle_seconds=5e-10)
2026-06-28 10:29:08 INFO        dummy estimated 1p with accuracy 1%. 
2026-06-28 10:29:08 INFO        Plug-ins provided accuracy, but failed to estimate:
2026-06-28 10:29:08 INFO        | Aladdin_table with accuracy 70% estimating value: KeyError: 'action_latency_cycles'
2026-06-28 10:29:08 INFO        
2026-06-28 10:29:08 INFO        ENERGY ESTIMATION for intadder(technology=45nm, width=7.6246189861593985, global_cycle_seconds=5e-10).idle(global_cycle_seconds=5e-10)
2026-06-28 10:29:08 INFO        dummy estimated 1p with accuracy 1%. 
2026-06-28 10:29:08 INFO        Plug-ins provided accuracy, but failed to estimate:
2026-06-28 10:29:08 INFO        | Aladdin_table with accuracy 70% estimating value: KeyError: 'action_latency_cycles'
2026-06-28 10:29:08 INFO        
2026-06-28 10:29:08 INFO        ENERGY ESTIMATION for SRAM(technology=45nm, width=512, depth=2048, n_rdwr_ports=2, n_banks=1, global_cycle_seconds=5e-10).read(data_delta=0, address_delta=1, global_cycle_seconds=5e-10)
2026-06-28 10:29:09 INFO        CactiSRAM estimated 2.933175e-11 with accuracy 80%. Messages:
2026-06-28 10:29:09 INFO        | Unused arguments (n_rdwr_ports, global_cycle_seconds) provided for ['SRAM', 'sram'].__init__. Arguments used: (technology, width, depth, n_banks)
2026-06-28 10:29:09 INFO        | Unused arguments (global_cycle_seconds) provided for ['SRAM', 'sram'].read. Arguments used: (data_delta, address_delta)
2026-06-28 10:29:09 INFO        | Calling CACTI with cache_size=131072 n_rw_ports=1 block_size=64 tech_node_um=0.045 n_banks=1 tag_size=0 associativity=1
2026-06-28 10:29:09 INFO        | Calling CACTI with input path /usr/local/share/accelergy/estimation_plug_ins/accelergy-cacti-plug-in/cacti_inputs_outputs/tmpdc6o1o0i
2026-06-28 10:29:09 INFO        | CACTI output will be written to /usr/local/share/accelergy/estimation_plug_ins/accelergy-cacti-plug-in/cacti_inputs_outputs/tmpda2ixqv3
2026-06-28 10:29:09 INFO        | CACTI executable not found at /usr/local/share/accelergy/estimation_plug_ins/accelergy-cacti-plug-in/cacti/cacti
2026-06-28 10:29:09 INFO        | Calling: cd /usr/local/share/accelergy/estimation_plug_ins/accelergy-cacti-plug-in ; ./cacti -infile /usr/local/share/accelergy/estimation_plug_ins/accelergy-cacti-plug-in/cacti_inputs_outputs/tmpdc6o1o0i >> /usr/local/share/accelergy/estimation_plug_ins/accelergy-cacti-plug-in/cacti_inputs_outputs/tmpda2ixqv3 2>&1
2026-06-28 10:29:09 INFO        | Cache bandwidth: 64.0 bytes/cycle
2026-06-28 10:29:09 INFO        | Cache bandwidth: 215697921801.07767 bits/second
2026-06-28 10:29:09 INFO        
2026-06-28 10:29:09 INFO        ENERGY ESTIMATION for intadder(technology=45nm, width=7.6246189861593985, global_cycle_seconds=5e-10).add(global_cycle_seconds=5e-10)
2026-06-28 10:29:09 INFO        dummy estimated 1p with accuracy 1%. 
2026-06-28 10:29:09 INFO        Plug-ins provided accuracy, but failed to estimate:
2026-06-28 10:29:09 INFO        | Aladdin_table with accuracy 70% estimating value: KeyError: 'action_latency_cycles'
2026-06-28 10:29:09 INFO        
2026-06-28 10:29:09 INFO        ENERGY ESTIMATION for intadder(technology=45nm, width=7.6246189861593985, global_cycle_seconds=5e-10).idle(global_cycle_seconds=5e-10)
2026-06-28 10:29:09 INFO        dummy estimated 1p with accuracy 1%. 
2026-06-28 10:29:09 INFO        Plug-ins provided accuracy, but failed to estimate:
2026-06-28 10:29:09 INFO        | Aladdin_table with accuracy 70% estimating value: KeyError: 'action_latency_cycles'
2026-06-28 10:29:09 INFO        
2026-06-28 10:29:09 INFO        ENERGY ESTIMATION for SRAM(technology=45nm, width=512, depth=2048, n_rdwr_ports=2, n_banks=1, global_cycle_seconds=5e-10).read(data_delta=1, address_delta=1, global_cycle_seconds=5e-10)
2026-06-28 10:29:09 INFO        CactiSRAM estimated 9.777250000000001e-11 with accuracy 80%. Messages:
2026-06-28 10:29:09 INFO        | Unused arguments (n_rdwr_ports, global_cycle_seconds) provided for ['SRAM', 'sram'].__init__. Arguments used: (technology, width, depth, n_banks)
2026-06-28 10:29:09 INFO        | Unused arguments (global_cycle_seconds) provided for ['SRAM', 'sram'].read. Arguments used: (data_delta, address_delta)
2026-06-28 10:29:09 INFO        | Calling CACTI with cache_size=131072 n_rw_ports=1 block_size=64 tech_node_um=0.045 n_banks=1 tag_size=0 associativity=1
2026-06-28 10:29:09 INFO        | Calling CACTI with input path /usr/local/share/accelergy/estimation_plug_ins/accelergy-cacti-plug-in/cacti_inputs_outputs/tmpsx8xb710
2026-06-28 10:29:09 INFO        | CACTI output will be written to /usr/local/share/accelergy/estimation_plug_ins/accelergy-cacti-plug-in/cacti_inputs_outputs/tmpnosp0gol
2026-06-28 10:29:09 INFO        | CACTI executable not found at /usr/local/share/accelergy/estimation_plug_ins/accelergy-cacti-plug-in/cacti/cacti
2026-06-28 10:29:09 INFO        | Calling: cd /usr/local/share/accelergy/estimation_plug_ins/accelergy-cacti-plug-in ; ./cacti -infile /usr/local/share/accelergy/estimation_plug_ins/accelergy-cacti-plug-in/cacti_inputs_outputs/tmpsx8xb710 >> /usr/local/share/accelergy/estimation_plug_ins/accelergy-cacti-plug-in/cacti_inputs_outputs/tmpnosp0gol 2>&1
2026-06-28 10:29:09 INFO        | Cache bandwidth: 64.0 bytes/cycle
2026-06-28 10:29:09 INFO        | Cache bandwidth: 215697921801.07767 bits/second
2026-06-28 10:29:09 INFO        
2026-06-28 10:29:09 INFO        ENERGY ESTIMATION for intadder(technology=45nm, width=7.6246189861593985, global_cycle_seconds=5e-10).add(global_cycle_seconds=5e-10)
2026-06-28 10:29:09 INFO        dummy estimated 1p with accuracy 1%. 
2026-06-28 10:29:09 INFO        Plug-ins provided accuracy, but failed to estimate:
2026-06-28 10:29:09 INFO        | Aladdin_table with accuracy 70% estimating value: KeyError: 'action_latency_cycles'
2026-06-28 10:29:09 INFO        
2026-06-28 10:29:09 INFO        ENERGY ESTIMATION for intadder(technology=45nm, width=7.6246189861593985, global_cycle_seconds=5e-10).idle(global_cycle_seconds=5e-10)
2026-06-28 10:29:09 INFO        dummy estimated 1p with accuracy 1%. 
2026-06-28 10:29:09 INFO        Plug-ins provided accuracy, but failed to estimate:
2026-06-28 10:29:09 INFO        | Aladdin_table with accuracy 70% estimating value: KeyError: 'action_latency_cycles'
2026-06-28 10:29:09 INFO        
2026-06-28 10:29:09 INFO        ENERGY ESTIMATION for SRAM(technology=45nm, width=512, depth=2048, n_rdwr_ports=2, n_banks=1, global_cycle_seconds=5e-10).idle(global_cycle_seconds=5e-10)
2026-06-28 10:29:09 INFO        CactiSRAM estimated 0 with accuracy 80%. Messages:
2026-06-28 10:29:09 INFO        | Unused arguments (n_rdwr_ports, global_cycle_seconds) provided for ['SRAM', 'sram'].__init__. Arguments used: (technology, width, depth, n_banks)
2026-06-28 10:29:09 INFO        | Unused arguments (global_cycle_seconds) provided for ['SRAM', 'sram'].idle. Arguments used: ()
2026-06-28 10:29:09 INFO        
2026-06-28 10:29:09 INFO        ENERGY ESTIMATION for intadder(technology=45nm, width=7.6246189861593985, global_cycle_seconds=5e-10).idle(global_cycle_seconds=5e-10)
2026-06-28 10:29:09 INFO        dummy estimated 1p with accuracy 1%. 
2026-06-28 10:29:09 INFO        Plug-ins provided accuracy, but failed to estimate:
2026-06-28 10:29:09 INFO        | Aladdin_table with accuracy 70% estimating value: KeyError: 'action_latency_cycles'
2026-06-28 10:29:09 WARNING     No action counts are specified as yaml input
2026-06-28 10:29:09 INFO        
2026-06-28 10:29:09 INFO        AREA ESTIMATION for DRAM(type=DDR4, width=16, block-size=1, word-bits=16, shared_bandwidth=6, datawidth=16, technology=45nm, latency=0.5ns, global_cycle_seconds=5e-10)
2026-06-28 10:29:09 INFO        dummy estimated 1u^2 with accuracy 1%. Messages:
2026-06-28 10:29:09 INFO        | Multiplying by n_instances 1
2026-06-28 10:29:09 INFO        Plug-ins provided accuracy, but failed to estimate:
2026-06-28 10:29:09 INFO        | CactiDRAM with accuracy 80% estimating value: AssertionError: DRAM type DDR4 is not supported. Must be one of ['LPDDR4', 'LPDDR', 'DDR3', 'GDDR5', 'HBM2', 'HMC'].
2026-06-28 10:29:09 INFO        
2026-06-28 10:29:09 INFO        AREA ESTIMATION for SRAM(technology=45nm, width=128, depth=1024, n_rdwr_ports=2, n_banks=1, global_cycle_seconds=5e-10)
2026-06-28 10:29:09 INFO        CactiSRAM estimated 5.0649399999999994e-08 with accuracy 80%. Messages:
2026-06-28 10:29:09 INFO        | Unused arguments (n_rdwr_ports, global_cycle_seconds) provided for ['SRAM', 'sram'].__init__. Arguments used: (technology, width, depth, n_banks)
2026-06-28 10:29:09 INFO        | Calling CACTI with cache_size=16384 n_rw_ports=1 block_size=16 tech_node_um=0.045 n_banks=1 tag_size=0 associativity=1
2026-06-28 10:29:09 INFO        | Calling CACTI with input path /usr/local/share/accelergy/estimation_plug_ins/accelergy-cacti-plug-in/cacti_inputs_outputs/tmphyw0jq67
2026-06-28 10:29:09 INFO        | CACTI output will be written to /usr/local/share/accelergy/estimation_plug_ins/accelergy-cacti-plug-in/cacti_inputs_outputs/tmpmrg2tw2i
2026-06-28 10:29:09 INFO        | CACTI executable not found at /usr/local/share/accelergy/estimation_plug_ins/accelergy-cacti-plug-in/cacti/cacti
2026-06-28 10:29:09 INFO        | Calling: cd /usr/local/share/accelergy/estimation_plug_ins/accelergy-cacti-plug-in ; ./cacti -infile /usr/local/share/accelergy/estimation_plug_ins/accelergy-cacti-plug-in/cacti_inputs_outputs/tmphyw0jq67 >> /usr/local/share/accelergy/estimation_plug_ins/accelergy-cacti-plug-in/cacti_inputs_outputs/tmpmrg2tw2i 2>&1
2026-06-28 10:29:09 INFO        | Cache bandwidth: 16.0 bytes/cycle
2026-06-28 10:29:09 INFO        | Cache bandwidth: 113563773156.36313 bits/second
2026-06-28 10:29:09 INFO        | Multiplying by n_instances 1
2026-06-28 10:29:09 INFO        
2026-06-28 10:29:09 INFO        AREA ESTIMATION for intadder(technology=45nm, width=6.931471805599453, global_cycle_seconds=5e-10)
2026-06-28 10:29:09 INFO        Aladdin_table estimated 82.09461919756852u^2 with accuracy 70%. Messages:
2026-06-28 10:29:09 INFO        | Multiplying by n_instances 1
2026-06-28 10:29:09 INFO        
2026-06-28 10:29:09 INFO        AREA ESTIMATION for SRAM(technology=45nm, width=128, depth=512, n_rdwr_ports=2, n_banks=1, global_cycle_seconds=5e-10)
2026-06-28 10:29:09 INFO        CactiSRAM estimated 2.77058e-08 with accuracy 80%. Messages:
2026-06-28 10:29:09 INFO        | Unused arguments (n_rdwr_ports, global_cycle_seconds) provided for ['SRAM', 'sram'].__init__. Arguments used: (technology, width, depth, n_banks)
2026-06-28 10:29:09 INFO        | Calling CACTI with cache_size=8192 n_rw_ports=1 block_size=16 tech_node_um=0.045 n_banks=1 tag_size=0 associativity=1
2026-06-28 10:29:09 INFO        | Calling CACTI with input path /usr/local/share/accelergy/estimation_plug_ins/accelergy-cacti-plug-in/cacti_inputs_outputs/tmpmsp5tzqd
2026-06-28 10:29:09 INFO        | CACTI output will be written to /usr/local/share/accelergy/estimation_plug_ins/accelergy-cacti-plug-in/cacti_inputs_outputs/tmpygbjxzuk
2026-06-28 10:29:09 INFO        | CACTI executable not found at /usr/local/share/accelergy/estimation_plug_ins/accelergy-cacti-plug-in/cacti/cacti
2026-06-28 10:29:09 INFO        | Calling: cd /usr/local/share/accelergy/estimation_plug_ins/accelergy-cacti-plug-in ; ./cacti -infile /usr/local/share/accelergy/estimation_plug_ins/accelergy-cacti-plug-in/cacti_inputs_outputs/tmpmsp5tzqd >> /usr/local/share/accelergy/estimation_plug_ins/accelergy-cacti-plug-in/cacti_inputs_outputs/tmpygbjxzuk 2>&1
2026-06-28 10:29:09 INFO        | Cache bandwidth: 16.0 bytes/cycle
2026-06-28 10:29:09 INFO        | Cache bandwidth: 144426980313.92557 bits/second
2026-06-28 10:29:09 INFO        | Multiplying by n_instances 1
2026-06-28 10:29:09 INFO        
2026-06-28 10:29:09 INFO        AREA ESTIMATION for intadder(technology=45nm, width=6.238324625039508, global_cycle_seconds=5e-10)
2026-06-28 10:29:09 INFO        Aladdin_table estimated 73.88515727781167u^2 with accuracy 70%. Messages:
2026-06-28 10:29:09 INFO        | Multiplying by n_instances 1
2026-06-28 10:29:09 INFO        
2026-06-28 10:29:09 INFO        AREA ESTIMATION for SRAM(technology=45nm, width=64, depth=64, n_rdwr_ports=2, n_banks=1, global_cycle_seconds=5e-10)
2026-06-28 10:29:09 INFO        CactiSRAM estimated 2.14376e-09 with accuracy 80%. Messages:
2026-06-28 10:29:09 INFO        | Unused arguments (n_rdwr_ports, global_cycle_seconds) provided for ['SRAM', 'sram'].__init__. Arguments used: (technology, width, depth, n_banks)
2026-06-28 10:29:09 INFO        | Calling CACTI with cache_size=512 n_rw_ports=1 block_size=8 tech_node_um=0.045 n_banks=1 tag_size=0 associativity=1
2026-06-28 10:29:09 INFO        | Calling CACTI with input path /usr/local/share/accelergy/estimation_plug_ins/accelergy-cacti-plug-in/cacti_inputs_outputs/tmpjhjejeop
2026-06-28 10:29:09 INFO        | CACTI output will be written to /usr/local/share/accelergy/estimation_plug_ins/accelergy-cacti-plug-in/cacti_inputs_outputs/tmpijszegip
2026-06-28 10:29:09 INFO        | CACTI executable not found at /usr/local/share/accelergy/estimation_plug_ins/accelergy-cacti-plug-in/cacti/cacti
2026-06-28 10:29:09 INFO        | Calling: cd /usr/local/share/accelergy/estimation_plug_ins/accelergy-cacti-plug-in ; ./cacti -infile /usr/local/share/accelergy/estimation_plug_ins/accelergy-cacti-plug-in/cacti_inputs_outputs/tmpjhjejeop >> /usr/local/share/accelergy/estimation_plug_ins/accelergy-cacti-plug-in/cacti_inputs_outputs/tmpijszegip 2>&1
2026-06-28 10:29:09 INFO        | Cache bandwidth: 8.0 bytes/cycle
2026-06-28 10:29:09 INFO        | Cache bandwidth: 112577947035.59398 bits/second
2026-06-28 10:29:09 INFO        | Multiplying by n_instances 1
2026-06-28 10:29:09 INFO        
2026-06-28 10:29:09 INFO        AREA ESTIMATION for intadder(technology=45nm, width=4.1588830833596715, global_cycle_seconds=5e-10)
2026-06-28 10:29:09 INFO        Aladdin_table estimated 49.25677151854111u^2 with accuracy 70%. Messages:
2026-06-28 10:29:09 INFO        | Multiplying by n_instances 1
2026-06-28 10:29:09 INFO        
2026-06-28 10:29:09 INFO        AREA ESTIMATION for SRAM(technology=45nm, width=32, depth=1, n_rdwr_ports=2, n_banks=1, global_cycle_seconds=5e-10)
2026-06-28 10:29:10 INFO        CactiSRAM estimated 1.649e-11 with accuracy 80%. Messages:
2026-06-28 10:29:10 INFO        | Unused arguments (n_rdwr_ports, global_cycle_seconds) provided for ['SRAM', 'sram'].__init__. Arguments used: (technology, width, depth, n_banks)
2026-06-28 10:29:10 INFO        | Calling CACTI with cache_size=256 n_rw_ports=1 block_size=4 tech_node_um=0.045 n_banks=1 tag_size=0 associativity=1
2026-06-28 10:29:10 INFO        | Calling CACTI with input path /usr/local/share/accelergy/estimation_plug_ins/accelergy-cacti-plug-in/cacti_inputs_outputs/tmpu5cllvd6
2026-06-28 10:29:10 INFO        | CACTI output will be written to /usr/local/share/accelergy/estimation_plug_ins/accelergy-cacti-plug-in/cacti_inputs_outputs/tmptl_o_0uh
2026-06-28 10:29:10 INFO        | CACTI executable not found at /usr/local/share/accelergy/estimation_plug_ins/accelergy-cacti-plug-in/cacti/cacti
2026-06-28 10:29:10 INFO        | Calling: cd /usr/local/share/accelergy/estimation_plug_ins/accelergy-cacti-plug-in ; ./cacti -infile /usr/local/share/accelergy/estimation_plug_ins/accelergy-cacti-plug-in/cacti_inputs_outputs/tmpu5cllvd6 >> /usr/local/share/accelergy/estimation_plug_ins/accelergy-cacti-plug-in/cacti_inputs_outputs/tmptl_o_0uh 2>&1
2026-06-28 10:29:10 INFO        | Cache bandwidth: 4.0 bytes/cycle
2026-06-28 10:29:10 INFO        | Cache bandwidth: 65421210374.168434 bits/second
2026-06-28 10:29:10 INFO        | Multiplying by n_instances 1
2026-06-28 10:29:10 INFO        
2026-06-28 10:29:10 INFO        AREA ESTIMATION for intadder(technology=45nm, width=0, global_cycle_seconds=5e-10)
2026-06-28 10:29:10 INFO        Aladdin_table estimated 0.0u^2 with accuracy 70%. Messages:
2026-06-28 10:29:10 INFO        | Multiplying by n_instances 1
2026-06-28 10:29:10 INFO        
2026-06-28 10:29:10 INFO        AREA ESTIMATION for intmac(technology=45nm, datawidth=16, global_cycle_seconds=5e-10)
2026-06-28 10:29:10 INFO        dummy estimated 1u^2 with accuracy 1%. Messages:
2026-06-28 10:29:10 INFO        | Multiplying by n_instances 1
2026-06-28 10:29:10 INFO        Plug-ins provided accuracy, but failed to estimate:
2026-06-28 10:29:10 INFO        | Aladdin_table with accuracy 70% estimating value: KeyError: 'width'
2026-06-28 10:29:10 INFO        
2026-06-28 10:29:10 INFO        AREA ESTIMATION for SRAM(technology=45nm, width=512, depth=2048, n_rdwr_ports=2, n_banks=1, global_cycle_seconds=5e-10)
2026-06-28 10:29:10 INFO        CactiSRAM estimated 3.91346e-07 with accuracy 80%. Messages:
2026-06-28 10:29:10 INFO        | Unused arguments (n_rdwr_ports, global_cycle_seconds) provided for ['SRAM', 'sram'].__init__. Arguments used: (technology, width, depth, n_banks)
2026-06-28 10:29:10 INFO        | Calling CACTI with cache_size=131072 n_rw_ports=1 block_size=64 tech_node_um=0.045 n_banks=1 tag_size=0 associativity=1
2026-06-28 10:29:10 INFO        | Calling CACTI with input path /usr/local/share/accelergy/estimation_plug_ins/accelergy-cacti-plug-in/cacti_inputs_outputs/tmp_qjd33sq
2026-06-28 10:29:10 INFO        | CACTI output will be written to /usr/local/share/accelergy/estimation_plug_ins/accelergy-cacti-plug-in/cacti_inputs_outputs/tmp_c69c917
2026-06-28 10:29:10 INFO        | CACTI executable not found at /usr/local/share/accelergy/estimation_plug_ins/accelergy-cacti-plug-in/cacti/cacti
2026-06-28 10:29:10 INFO        | Calling: cd /usr/local/share/accelergy/estimation_plug_ins/accelergy-cacti-plug-in ; ./cacti -infile /usr/local/share/accelergy/estimation_plug_ins/accelergy-cacti-plug-in/cacti_inputs_outputs/tmp_qjd33sq >> /usr/local/share/accelergy/estimation_plug_ins/accelergy-cacti-plug-in/cacti_inputs_outputs/tmp_c69c917 2>&1
2026-06-28 10:29:10 INFO        | Cache bandwidth: 64.0 bytes/cycle
2026-06-28 10:29:10 INFO        | Cache bandwidth: 215697921801.07767 bits/second
2026-06-28 10:29:10 INFO        | Multiplying by n_instances 1
2026-06-28 10:29:10 INFO        
2026-06-28 10:29:10 INFO        AREA ESTIMATION for intadder(technology=45nm, width=7.6246189861593985, global_cycle_seconds=5e-10)
2026-06-28 10:29:10 INFO        Aladdin_table estimated 90.30408111732538u^2 with accuracy 70%. Messages:
2026-06-28 10:29:10 INFO        | Multiplying by n_instances 1
2026-06-28 10:29:10 INFO        flattened architecture is saved to:
2026-06-28 10:29:10 INFO        ./timeloop-mapper.flattened_architecture.yaml
2026-06-28 10:29:10 INFO        energy reference table is saved to:
2026-06-28 10:29:10 INFO        ./timeloop-mapper.ERT.yaml
2026-06-28 10:29:10 INFO        energy reference table summary is saved to:
2026-06-28 10:29:10 INFO        ./timeloop-mapper.ERT_summary.yaml
2026-06-28 10:29:10 WARNING     no runtime energy estimations are generated... not generating energy_estimation.yaml
2026-06-28 10:29:10 INFO        area reference table is saved to:
2026-06-28 10:29:10 INFO        ./timeloop-mapper.ART.yaml
2026-06-28 10:29:10 INFO        area reference table summary is saved to:
2026-06-28 10:29:10 INFO        ./timeloop-mapper.ART_summary.yaml
