2026-06-27 23:06:21 INFO            _                _                      
2026-06-27 23:06:21 INFO           / \   ___ ___ ___| | ___ _ __ __ _ _   _ 
2026-06-27 23:06:21 INFO          / _ \ / __/ __/ _ \ |/ _ \ '__/ _` | | | |
2026-06-27 23:06:21 INFO         / ___ \ (_| (_|  __/ |  __/ | | (_| | |_| |
2026-06-27 23:06:21 INFO        /_/   \_\___\___\___|_|\___|_|  \__, |\__, |
2026-06-27 23:06:21 INFO                                        |___/ |___/ 
2026-06-27 23:06:21 INFO        generating outputs according to the following specified output flags... 
2026-06-27 23:06:21 INFO         Please use the -f flag to update the preference (default to all output files)
2026-06-27 23:06:21 INFO        {'ERT': 1, 'ERT_summary': 1, 'ART': 1, 'ART_summary': 1, 'energy_estimation': 1, 'flattened_arch': 1}
2026-06-27 23:06:21 INFO        Located config file at /root/.config/accelergy/accelergy_config.yaml.
2026-06-27 23:06:21 INFO        config file located:
2026-06-27 23:06:21 INFO        /root/.config/accelergy/accelergy_config.yaml
2026-06-27 23:06:21 INFO        Parsing file /app/Examples/VGG_Simba/simba_like/arch/simba_like.yaml for architecture info
2026-06-27 23:06:21 WARNING     File /app/Examples/VGG_Simba/simba_like/arch/simba_like.yaml is outdated. File version is 0.3, while the latest version is 0.4. 
2026-06-27 23:06:21 WARNING      Please update the file to the latest version.
2026-06-27 23:06:21 WARNING     Evaluation of "45nm" failed.
2026-06-27 23:06:21 WARNING     Failed to evaluate: 45nm
2026-06-27 23:06:21 WARNING     Location: arch attribute "technology"
2026-06-27 23:06:21 WARNING     Problem encountered: SyntaxError: invalid decimal literal (<string>, line 1)
2026-06-27 23:06:21 WARNING     Available bindings: 
2026-06-27 23:06:21 WARNING     	datawidth = 16
2026-06-27 23:06:21 WARNING     	word-bits = 16
2026-06-27 23:06:21 WARNING     Failed to evaluate: 45nm
2026-06-27 23:06:21 WARNING     Location: arch attribute "technology"
2026-06-27 23:06:21 WARNING     Problem encountered: SyntaxError: invalid decimal literal (<string>, line 1)
2026-06-27 23:06:21 WARNING     Please ensure that the expression used is a valid Python expression.
2026-06-27 23:06:21 WARNING     The following may have been used in the expression:
2026-06-27 23:06:21 WARNING     	nm = UNDEFINED
2026-06-27 23:06:21 WARNING     Strings are allowed here. If you meant to enter a string, please wrap the
2026-06-27 23:06:21 WARNING     expression in single or double quotes:
2026-06-27 23:06:21 WARNING         Found expression: 45nm
2026-06-27 23:06:21 WARNING         Expression as valid string: "45nm"
2026-06-27 23:06:21 WARNING     Expression will be treated as a string. This will be deprecated in version
2026-06-27 23:06:21 WARNING     0.4. Please wrap quotes around the expression to specify a string.
2026-06-27 23:06:21 WARNING     Evaluation of "0.5ns" failed.
2026-06-27 23:06:21 WARNING     Failed to evaluate: 0.5ns
2026-06-27 23:06:21 WARNING     Location: arch attribute "latency"
2026-06-27 23:06:21 WARNING     Problem encountered: SyntaxError: invalid decimal literal (<string>, line 1)
2026-06-27 23:06:21 WARNING     Available bindings: 
2026-06-27 23:06:21 WARNING     	datawidth = 16
2026-06-27 23:06:21 WARNING     	word-bits = 16
2026-06-27 23:06:21 WARNING     	technology = 45nm
2026-06-27 23:06:21 WARNING     Failed to evaluate: 0.5ns
2026-06-27 23:06:21 WARNING     Location: arch attribute "latency"
2026-06-27 23:06:21 WARNING     Problem encountered: SyntaxError: invalid decimal literal (<string>, line 1)
2026-06-27 23:06:21 WARNING     Please ensure that the expression used is a valid Python expression.
2026-06-27 23:06:21 WARNING     The following may have been used in the expression:
2026-06-27 23:06:21 WARNING     	ns = UNDEFINED
2026-06-27 23:06:21 WARNING     Strings are allowed here. If you meant to enter a string, please wrap the
2026-06-27 23:06:21 WARNING     expression in single or double quotes:
2026-06-27 23:06:21 WARNING         Found expression: 0.5ns
2026-06-27 23:06:21 WARNING         Expression as valid string: "0.5ns"
2026-06-27 23:06:21 WARNING     Expression will be treated as a string. This will be deprecated in version
2026-06-27 23:06:21 WARNING     0.4. Please wrap quotes around the expression to specify a string.
2026-06-27 23:06:21 WARNING     Evaluation of "45nm" failed.
2026-06-27 23:06:21 WARNING     Failed to evaluate: 45nm
2026-06-27 23:06:21 WARNING     Location: arch attribute "technology"
2026-06-27 23:06:21 WARNING     Problem encountered: SyntaxError: invalid decimal literal (<string>, line 1)
2026-06-27 23:06:21 WARNING     Available bindings: 
2026-06-27 23:06:21 WARNING     	datawidth = 16
2026-06-27 23:06:21 WARNING     	word-bits = 16
2026-06-27 23:06:21 WARNING     Failed to evaluate: 45nm
2026-06-27 23:06:21 WARNING     Location: arch attribute "technology"
2026-06-27 23:06:21 WARNING     Problem encountered: SyntaxError: invalid decimal literal (<string>, line 1)
2026-06-27 23:06:21 WARNING     Please ensure that the expression used is a valid Python expression.
2026-06-27 23:06:21 WARNING     The following may have been used in the expression:
2026-06-27 23:06:21 WARNING     	nm = UNDEFINED
2026-06-27 23:06:21 WARNING     Strings are allowed here. If you meant to enter a string, please wrap the
2026-06-27 23:06:21 WARNING     expression in single or double quotes:
2026-06-27 23:06:21 WARNING         Found expression: 45nm
2026-06-27 23:06:21 WARNING         Expression as valid string: "45nm"
2026-06-27 23:06:21 WARNING     Expression will be treated as a string. This will be deprecated in version
2026-06-27 23:06:21 WARNING     0.4. Please wrap quotes around the expression to specify a string.
2026-06-27 23:06:21 WARNING     Evaluation of "0.5ns" failed.
2026-06-27 23:06:21 WARNING     Failed to evaluate: 0.5ns
2026-06-27 23:06:21 WARNING     Location: arch attribute "latency"
2026-06-27 23:06:21 WARNING     Problem encountered: SyntaxError: invalid decimal literal (<string>, line 1)
2026-06-27 23:06:21 WARNING     Available bindings: 
2026-06-27 23:06:21 WARNING     	datawidth = 16
2026-06-27 23:06:21 WARNING     	word-bits = 16
2026-06-27 23:06:21 WARNING     	technology = 45nm
2026-06-27 23:06:21 WARNING     Failed to evaluate: 0.5ns
2026-06-27 23:06:21 WARNING     Location: arch attribute "latency"
2026-06-27 23:06:21 WARNING     Problem encountered: SyntaxError: invalid decimal literal (<string>, line 1)
2026-06-27 23:06:21 WARNING     Please ensure that the expression used is a valid Python expression.
2026-06-27 23:06:21 WARNING     The following may have been used in the expression:
2026-06-27 23:06:21 WARNING     	ns = UNDEFINED
2026-06-27 23:06:21 WARNING     Strings are allowed here. If you meant to enter a string, please wrap the
2026-06-27 23:06:21 WARNING     expression in single or double quotes:
2026-06-27 23:06:21 WARNING         Found expression: 0.5ns
2026-06-27 23:06:21 WARNING         Expression as valid string: "0.5ns"
2026-06-27 23:06:21 WARNING     Expression will be treated as a string. This will be deprecated in version
2026-06-27 23:06:21 WARNING     0.4. Please wrap quotes around the expression to specify a string.
2026-06-27 23:06:21 INFO        Calculated arch attribute "global_cycle_seconds" as "0.5e-9" = 5e-10.
2026-06-27 23:06:21 WARNING     Evaluation of "45nm" failed.
2026-06-27 23:06:21 WARNING     Failed to evaluate: 45nm
2026-06-27 23:06:21 WARNING     Location: arch attribute "technology"
2026-06-27 23:06:21 WARNING     Problem encountered: SyntaxError: invalid decimal literal (<string>, line 1)
2026-06-27 23:06:21 WARNING     Available bindings: 
2026-06-27 23:06:21 WARNING     	datawidth = 16
2026-06-27 23:06:21 WARNING     	word-bits = 16
2026-06-27 23:06:21 WARNING     Failed to evaluate: 45nm
2026-06-27 23:06:21 WARNING     Location: arch attribute "technology"
2026-06-27 23:06:21 WARNING     Problem encountered: SyntaxError: invalid decimal literal (<string>, line 1)
2026-06-27 23:06:21 WARNING     Please ensure that the expression used is a valid Python expression.
2026-06-27 23:06:21 WARNING     The following may have been used in the expression:
2026-06-27 23:06:21 WARNING     	nm = UNDEFINED
2026-06-27 23:06:21 WARNING     Strings are allowed here. If you meant to enter a string, please wrap the
2026-06-27 23:06:21 WARNING     expression in single or double quotes:
2026-06-27 23:06:21 WARNING         Found expression: 45nm
2026-06-27 23:06:21 WARNING         Expression as valid string: "45nm"
2026-06-27 23:06:21 WARNING     Expression will be treated as a string. This will be deprecated in version
2026-06-27 23:06:21 WARNING     0.4. Please wrap quotes around the expression to specify a string.
2026-06-27 23:06:21 WARNING     Evaluation of "0.5ns" failed.
2026-06-27 23:06:21 WARNING     Failed to evaluate: 0.5ns
2026-06-27 23:06:21 WARNING     Location: arch attribute "latency"
2026-06-27 23:06:21 WARNING     Problem encountered: SyntaxError: invalid decimal literal (<string>, line 1)
2026-06-27 23:06:21 WARNING     Available bindings: 
2026-06-27 23:06:21 WARNING     	datawidth = 16
2026-06-27 23:06:21 WARNING     	word-bits = 16
2026-06-27 23:06:21 WARNING     	technology = 45nm
2026-06-27 23:06:21 WARNING     Failed to evaluate: 0.5ns
2026-06-27 23:06:21 WARNING     Location: arch attribute "latency"
2026-06-27 23:06:21 WARNING     Problem encountered: SyntaxError: invalid decimal literal (<string>, line 1)
2026-06-27 23:06:21 WARNING     Please ensure that the expression used is a valid Python expression.
2026-06-27 23:06:21 WARNING     The following may have been used in the expression:
2026-06-27 23:06:21 WARNING     	ns = UNDEFINED
2026-06-27 23:06:21 WARNING     Strings are allowed here. If you meant to enter a string, please wrap the
2026-06-27 23:06:21 WARNING     expression in single or double quotes:
2026-06-27 23:06:21 WARNING         Found expression: 0.5ns
2026-06-27 23:06:21 WARNING         Expression as valid string: "0.5ns"
2026-06-27 23:06:21 WARNING     Expression will be treated as a string. This will be deprecated in version
2026-06-27 23:06:21 WARNING     0.4. Please wrap quotes around the expression to specify a string.
2026-06-27 23:06:21 WARNING     Evaluation of "45nm" failed.
2026-06-27 23:06:21 WARNING     Failed to evaluate: 45nm
2026-06-27 23:06:21 WARNING     Location: arch attribute "technology"
2026-06-27 23:06:21 WARNING     Problem encountered: SyntaxError: invalid decimal literal (<string>, line 1)
2026-06-27 23:06:21 WARNING     Available bindings: 
2026-06-27 23:06:21 WARNING     	memory_depth = 1024
2026-06-27 23:06:21 WARNING     	memory_width = 128
2026-06-27 23:06:21 WARNING     	word-bits = 16
2026-06-27 23:06:21 WARNING     	cluster-size = 1
2026-06-27 23:06:21 WARNING     	meshX = 16
2026-06-27 23:06:21 WARNING     	datawidth = 16
2026-06-27 23:06:21 WARNING     Failed to evaluate: 45nm
2026-06-27 23:06:21 WARNING     Location: arch attribute "technology"
2026-06-27 23:06:21 WARNING     Problem encountered: SyntaxError: invalid decimal literal (<string>, line 1)
2026-06-27 23:06:21 WARNING     Please ensure that the expression used is a valid Python expression.
2026-06-27 23:06:21 WARNING     The following may have been used in the expression:
2026-06-27 23:06:21 WARNING     	nm = UNDEFINED
2026-06-27 23:06:21 WARNING     Strings are allowed here. If you meant to enter a string, please wrap the
2026-06-27 23:06:21 WARNING     expression in single or double quotes:
2026-06-27 23:06:21 WARNING         Found expression: 45nm
2026-06-27 23:06:21 WARNING         Expression as valid string: "45nm"
2026-06-27 23:06:21 WARNING     Expression will be treated as a string. This will be deprecated in version
2026-06-27 23:06:21 WARNING     0.4. Please wrap quotes around the expression to specify a string.
2026-06-27 23:06:21 WARNING     Evaluation of "0.5ns" failed.
2026-06-27 23:06:21 WARNING     Failed to evaluate: 0.5ns
2026-06-27 23:06:21 WARNING     Location: arch attribute "latency"
2026-06-27 23:06:21 WARNING     Problem encountered: SyntaxError: invalid decimal literal (<string>, line 1)
2026-06-27 23:06:21 WARNING     Available bindings: 
2026-06-27 23:06:21 WARNING     	memory_depth = 1024
2026-06-27 23:06:21 WARNING     	memory_width = 128
2026-06-27 23:06:21 WARNING     	word-bits = 16
2026-06-27 23:06:21 WARNING     	cluster-size = 1
2026-06-27 23:06:21 WARNING     	meshX = 16
2026-06-27 23:06:21 WARNING     	datawidth = 16
2026-06-27 23:06:21 WARNING     	technology = 45nm
2026-06-27 23:06:21 WARNING     Failed to evaluate: 0.5ns
2026-06-27 23:06:21 WARNING     Location: arch attribute "latency"
2026-06-27 23:06:21 WARNING     Problem encountered: SyntaxError: invalid decimal literal (<string>, line 1)
2026-06-27 23:06:21 WARNING     Please ensure that the expression used is a valid Python expression.
2026-06-27 23:06:21 WARNING     The following may have been used in the expression:
2026-06-27 23:06:21 WARNING     	ns = UNDEFINED
2026-06-27 23:06:21 WARNING     Strings are allowed here. If you meant to enter a string, please wrap the
2026-06-27 23:06:21 WARNING     expression in single or double quotes:
2026-06-27 23:06:21 WARNING         Found expression: 0.5ns
2026-06-27 23:06:21 WARNING         Expression as valid string: "0.5ns"
2026-06-27 23:06:21 WARNING     Expression will be treated as a string. This will be deprecated in version
2026-06-27 23:06:21 WARNING     0.4. Please wrap quotes around the expression to specify a string.
2026-06-27 23:06:21 WARNING     Evaluation of "45nm" failed.
2026-06-27 23:06:21 WARNING     Failed to evaluate: 45nm
2026-06-27 23:06:21 WARNING     Location: arch attribute "technology"
2026-06-27 23:06:21 WARNING     Problem encountered: SyntaxError: invalid decimal literal (<string>, line 1)
2026-06-27 23:06:21 WARNING     Available bindings: 
2026-06-27 23:06:21 WARNING     	memory_depth = 512
2026-06-27 23:06:21 WARNING     	memory_width = 128
2026-06-27 23:06:21 WARNING     	word-bits = 16
2026-06-27 23:06:21 WARNING     	meshX = 16
2026-06-27 23:06:21 WARNING     	cluster-size = 1
2026-06-27 23:06:21 WARNING     	n_banks = 1
2026-06-27 23:06:21 WARNING     	datawidth = 16
2026-06-27 23:06:21 WARNING     Failed to evaluate: 45nm
2026-06-27 23:06:21 WARNING     Location: arch attribute "technology"
2026-06-27 23:06:21 WARNING     Problem encountered: SyntaxError: invalid decimal literal (<string>, line 1)
2026-06-27 23:06:21 WARNING     Please ensure that the expression used is a valid Python expression.
2026-06-27 23:06:21 WARNING     The following may have been used in the expression:
2026-06-27 23:06:21 WARNING     	nm = UNDEFINED
2026-06-27 23:06:21 WARNING     Strings are allowed here. If you meant to enter a string, please wrap the
2026-06-27 23:06:21 WARNING     expression in single or double quotes:
2026-06-27 23:06:21 WARNING         Found expression: 45nm
2026-06-27 23:06:21 WARNING         Expression as valid string: "45nm"
2026-06-27 23:06:21 WARNING     Expression will be treated as a string. This will be deprecated in version
2026-06-27 23:06:21 WARNING     0.4. Please wrap quotes around the expression to specify a string.
2026-06-27 23:06:21 WARNING     Evaluation of "0.5ns" failed.
2026-06-27 23:06:21 WARNING     Failed to evaluate: 0.5ns
2026-06-27 23:06:21 WARNING     Location: arch attribute "latency"
2026-06-27 23:06:21 WARNING     Problem encountered: SyntaxError: invalid decimal literal (<string>, line 1)
2026-06-27 23:06:21 WARNING     Available bindings: 
2026-06-27 23:06:21 WARNING     	memory_depth = 512
2026-06-27 23:06:21 WARNING     	memory_width = 128
2026-06-27 23:06:21 WARNING     	word-bits = 16
2026-06-27 23:06:21 WARNING     	meshX = 16
2026-06-27 23:06:21 WARNING     	cluster-size = 1
2026-06-27 23:06:21 WARNING     	n_banks = 1
2026-06-27 23:06:21 WARNING     	datawidth = 16
2026-06-27 23:06:21 WARNING     	technology = 45nm
2026-06-27 23:06:21 WARNING     Failed to evaluate: 0.5ns
2026-06-27 23:06:21 WARNING     Location: arch attribute "latency"
2026-06-27 23:06:21 WARNING     Problem encountered: SyntaxError: invalid decimal literal (<string>, line 1)
2026-06-27 23:06:21 WARNING     Please ensure that the expression used is a valid Python expression.
2026-06-27 23:06:21 WARNING     The following may have been used in the expression:
2026-06-27 23:06:21 WARNING     	ns = UNDEFINED
2026-06-27 23:06:21 WARNING     Strings are allowed here. If you meant to enter a string, please wrap the
2026-06-27 23:06:21 WARNING     expression in single or double quotes:
2026-06-27 23:06:21 WARNING         Found expression: 0.5ns
2026-06-27 23:06:21 WARNING         Expression as valid string: "0.5ns"
2026-06-27 23:06:21 WARNING     Expression will be treated as a string. This will be deprecated in version
2026-06-27 23:06:21 WARNING     0.4. Please wrap quotes around the expression to specify a string.
2026-06-27 23:06:21 WARNING     Evaluation of "45nm" failed.
2026-06-27 23:06:21 WARNING     Failed to evaluate: 45nm
2026-06-27 23:06:21 WARNING     Location: arch attribute "technology"
2026-06-27 23:06:21 WARNING     Problem encountered: SyntaxError: invalid decimal literal (<string>, line 1)
2026-06-27 23:06:21 WARNING     Available bindings: 
2026-06-27 23:06:21 WARNING     	memory_depth = 64
2026-06-27 23:06:21 WARNING     	memory_width = 64
2026-06-27 23:06:21 WARNING     	cluster-size = 1
2026-06-27 23:06:21 WARNING     	word-bits = 32
2026-06-27 23:06:21 WARNING     	meshX = 16
2026-06-27 23:06:21 WARNING     	datawidth = 16
2026-06-27 23:06:21 WARNING     Failed to evaluate: 45nm
2026-06-27 23:06:21 WARNING     Location: arch attribute "technology"
2026-06-27 23:06:21 WARNING     Problem encountered: SyntaxError: invalid decimal literal (<string>, line 1)
2026-06-27 23:06:21 WARNING     Please ensure that the expression used is a valid Python expression.
2026-06-27 23:06:21 WARNING     The following may have been used in the expression:
2026-06-27 23:06:21 WARNING     	nm = UNDEFINED
2026-06-27 23:06:21 WARNING     Strings are allowed here. If you meant to enter a string, please wrap the
2026-06-27 23:06:21 WARNING     expression in single or double quotes:
2026-06-27 23:06:21 WARNING         Found expression: 45nm
2026-06-27 23:06:21 WARNING         Expression as valid string: "45nm"
2026-06-27 23:06:21 WARNING     Expression will be treated as a string. This will be deprecated in version
2026-06-27 23:06:21 WARNING     0.4. Please wrap quotes around the expression to specify a string.
2026-06-27 23:06:21 WARNING     Evaluation of "0.5ns" failed.
2026-06-27 23:06:21 WARNING     Failed to evaluate: 0.5ns
2026-06-27 23:06:21 WARNING     Location: arch attribute "latency"
2026-06-27 23:06:21 WARNING     Problem encountered: SyntaxError: invalid decimal literal (<string>, line 1)
2026-06-27 23:06:21 WARNING     Available bindings: 
2026-06-27 23:06:21 WARNING     	memory_depth = 64
2026-06-27 23:06:21 WARNING     	memory_width = 64
2026-06-27 23:06:21 WARNING     	cluster-size = 1
2026-06-27 23:06:21 WARNING     	word-bits = 32
2026-06-27 23:06:21 WARNING     	meshX = 16
2026-06-27 23:06:21 WARNING     	datawidth = 16
2026-06-27 23:06:21 WARNING     	technology = 45nm
2026-06-27 23:06:21 WARNING     Failed to evaluate: 0.5ns
2026-06-27 23:06:21 WARNING     Location: arch attribute "latency"
2026-06-27 23:06:21 WARNING     Problem encountered: SyntaxError: invalid decimal literal (<string>, line 1)
2026-06-27 23:06:21 WARNING     Please ensure that the expression used is a valid Python expression.
2026-06-27 23:06:21 WARNING     The following may have been used in the expression:
2026-06-27 23:06:21 WARNING     	ns = UNDEFINED
2026-06-27 23:06:21 WARNING     Strings are allowed here. If you meant to enter a string, please wrap the
2026-06-27 23:06:21 WARNING     expression in single or double quotes:
2026-06-27 23:06:21 WARNING         Found expression: 0.5ns
2026-06-27 23:06:21 WARNING         Expression as valid string: "0.5ns"
2026-06-27 23:06:21 WARNING     Expression will be treated as a string. This will be deprecated in version
2026-06-27 23:06:21 WARNING     0.4. Please wrap quotes around the expression to specify a string.
2026-06-27 23:06:21 WARNING     Evaluation of "45nm" failed.
2026-06-27 23:06:21 WARNING     Failed to evaluate: 45nm
2026-06-27 23:06:21 WARNING     Location: arch attribute "technology"
2026-06-27 23:06:21 WARNING     Problem encountered: SyntaxError: invalid decimal literal (<string>, line 1)
2026-06-27 23:06:21 WARNING     Available bindings: 
2026-06-27 23:06:21 WARNING     	memory_depth = 1
2026-06-27 23:06:21 WARNING     	memory_width = 32
2026-06-27 23:06:21 WARNING     	word-bits = 16
2026-06-27 23:06:21 WARNING     	cluster-size = 1
2026-06-27 23:06:21 WARNING     	num-ports = 2
2026-06-27 23:06:21 WARNING     	meshX = 16
2026-06-27 23:06:21 WARNING     	datawidth = 16
2026-06-27 23:06:21 WARNING     Failed to evaluate: 45nm
2026-06-27 23:06:21 WARNING     Location: arch attribute "technology"
2026-06-27 23:06:21 WARNING     Problem encountered: SyntaxError: invalid decimal literal (<string>, line 1)
2026-06-27 23:06:21 WARNING     Please ensure that the expression used is a valid Python expression.
2026-06-27 23:06:21 WARNING     The following may have been used in the expression:
2026-06-27 23:06:21 WARNING     	nm = UNDEFINED
2026-06-27 23:06:21 WARNING     Strings are allowed here. If you meant to enter a string, please wrap the
2026-06-27 23:06:21 WARNING     expression in single or double quotes:
2026-06-27 23:06:21 WARNING         Found expression: 45nm
2026-06-27 23:06:21 WARNING         Expression as valid string: "45nm"
2026-06-27 23:06:21 WARNING     Expression will be treated as a string. This will be deprecated in version
2026-06-27 23:06:21 WARNING     0.4. Please wrap quotes around the expression to specify a string.
2026-06-27 23:06:21 WARNING     Evaluation of "0.5ns" failed.
2026-06-27 23:06:21 WARNING     Failed to evaluate: 0.5ns
2026-06-27 23:06:21 WARNING     Location: arch attribute "latency"
2026-06-27 23:06:21 WARNING     Problem encountered: SyntaxError: invalid decimal literal (<string>, line 1)
2026-06-27 23:06:21 WARNING     Available bindings: 
2026-06-27 23:06:21 WARNING     	memory_depth = 1
2026-06-27 23:06:21 WARNING     	memory_width = 32
2026-06-27 23:06:21 WARNING     	word-bits = 16
2026-06-27 23:06:21 WARNING     	cluster-size = 1
2026-06-27 23:06:21 WARNING     	num-ports = 2
2026-06-27 23:06:21 WARNING     	meshX = 16
2026-06-27 23:06:21 WARNING     	datawidth = 16
2026-06-27 23:06:21 WARNING     	technology = 45nm
2026-06-27 23:06:21 WARNING     Failed to evaluate: 0.5ns
2026-06-27 23:06:21 WARNING     Location: arch attribute "latency"
2026-06-27 23:06:21 WARNING     Problem encountered: SyntaxError: invalid decimal literal (<string>, line 1)
2026-06-27 23:06:21 WARNING     Please ensure that the expression used is a valid Python expression.
2026-06-27 23:06:21 WARNING     The following may have been used in the expression:
2026-06-27 23:06:21 WARNING     	ns = UNDEFINED
2026-06-27 23:06:21 WARNING     Strings are allowed here. If you meant to enter a string, please wrap the
2026-06-27 23:06:21 WARNING     expression in single or double quotes:
2026-06-27 23:06:21 WARNING         Found expression: 0.5ns
2026-06-27 23:06:21 WARNING         Expression as valid string: "0.5ns"
2026-06-27 23:06:21 WARNING     Expression will be treated as a string. This will be deprecated in version
2026-06-27 23:06:21 WARNING     0.4. Please wrap quotes around the expression to specify a string.
2026-06-27 23:06:21 WARNING     Evaluation of "0.5ns" failed.
2026-06-27 23:06:21 WARNING     Failed to evaluate: 0.5ns
2026-06-27 23:06:21 WARNING     Location: arch attribute "latency"
2026-06-27 23:06:21 WARNING     Problem encountered: SyntaxError: invalid decimal literal (<string>, line 1)
2026-06-27 23:06:21 WARNING     Available bindings: 
2026-06-27 23:06:21 WARNING     Failed to evaluate: 0.5ns
2026-06-27 23:06:21 WARNING     Location: arch attribute "latency"
2026-06-27 23:06:21 WARNING     Problem encountered: SyntaxError: invalid decimal literal (<string>, line 1)
2026-06-27 23:06:21 WARNING     Please ensure that the expression used is a valid Python expression.
2026-06-27 23:06:21 WARNING     The following may have been used in the expression:
2026-06-27 23:06:21 WARNING     	ns = UNDEFINED
2026-06-27 23:06:21 WARNING     Strings are allowed here. If you meant to enter a string, please wrap the
2026-06-27 23:06:21 WARNING     expression in single or double quotes:
2026-06-27 23:06:21 WARNING         Found expression: 0.5ns
2026-06-27 23:06:21 WARNING         Expression as valid string: "0.5ns"
2026-06-27 23:06:21 WARNING     Expression will be treated as a string. This will be deprecated in version
2026-06-27 23:06:21 WARNING     0.4. Please wrap quotes around the expression to specify a string.
2026-06-27 23:06:21 WARNING     Evaluation of "45nm" failed.
2026-06-27 23:06:21 WARNING     Failed to evaluate: 45nm
2026-06-27 23:06:21 WARNING     Location: arch attribute "technology"
2026-06-27 23:06:21 WARNING     Problem encountered: SyntaxError: invalid decimal literal (<string>, line 1)
2026-06-27 23:06:21 WARNING     Available bindings: 
2026-06-27 23:06:21 WARNING     	latency = 0.5ns
2026-06-27 23:06:21 WARNING     	datawidth = 16
2026-06-27 23:06:21 WARNING     	meshX = 16
2026-06-27 23:06:21 WARNING     	word-bits = 16
2026-06-27 23:06:21 WARNING     Failed to evaluate: 45nm
2026-06-27 23:06:21 WARNING     Location: arch attribute "technology"
2026-06-27 23:06:21 WARNING     Problem encountered: SyntaxError: invalid decimal literal (<string>, line 1)
2026-06-27 23:06:21 WARNING     Please ensure that the expression used is a valid Python expression.
2026-06-27 23:06:21 WARNING     The following may have been used in the expression:
2026-06-27 23:06:21 WARNING     	nm = UNDEFINED
2026-06-27 23:06:21 WARNING     Strings are allowed here. If you meant to enter a string, please wrap the
2026-06-27 23:06:21 WARNING     expression in single or double quotes:
2026-06-27 23:06:21 WARNING         Found expression: 45nm
2026-06-27 23:06:21 WARNING         Expression as valid string: "45nm"
2026-06-27 23:06:21 WARNING     Expression will be treated as a string. This will be deprecated in version
2026-06-27 23:06:21 WARNING     0.4. Please wrap quotes around the expression to specify a string.
2026-06-27 23:06:21 WARNING     Evaluation of "45nm" failed.
2026-06-27 23:06:21 WARNING     Failed to evaluate: 45nm
2026-06-27 23:06:21 WARNING     Location: arch attribute "technology"
2026-06-27 23:06:21 WARNING     Problem encountered: SyntaxError: invalid decimal literal (<string>, line 1)
2026-06-27 23:06:21 WARNING     Available bindings: 
2026-06-27 23:06:21 WARNING     	memory_depth = 2048
2026-06-27 23:06:21 WARNING     	memory_width = 512
2026-06-27 23:06:21 WARNING     	word-bits = 16
2026-06-27 23:06:21 WARNING     	cluster-size = 1
2026-06-27 23:06:21 WARNING     	nports = 2
2026-06-27 23:06:21 WARNING     	meshX = 1
2026-06-27 23:06:21 WARNING     	datawidth = 16
2026-06-27 23:06:21 WARNING     Failed to evaluate: 45nm
2026-06-27 23:06:21 WARNING     Location: arch attribute "technology"
2026-06-27 23:06:21 WARNING     Problem encountered: SyntaxError: invalid decimal literal (<string>, line 1)
2026-06-27 23:06:21 WARNING     Please ensure that the expression used is a valid Python expression.
2026-06-27 23:06:21 WARNING     The following may have been used in the expression:
2026-06-27 23:06:21 WARNING     	nm = UNDEFINED
2026-06-27 23:06:21 WARNING     Strings are allowed here. If you meant to enter a string, please wrap the
2026-06-27 23:06:21 WARNING     expression in single or double quotes:
2026-06-27 23:06:21 WARNING         Found expression: 45nm
2026-06-27 23:06:21 WARNING         Expression as valid string: "45nm"
2026-06-27 23:06:21 WARNING     Expression will be treated as a string. This will be deprecated in version
2026-06-27 23:06:21 WARNING     0.4. Please wrap quotes around the expression to specify a string.
2026-06-27 23:06:21 WARNING     Evaluation of "0.5ns" failed.
2026-06-27 23:06:21 WARNING     Failed to evaluate: 0.5ns
2026-06-27 23:06:21 WARNING     Location: arch attribute "latency"
2026-06-27 23:06:21 WARNING     Problem encountered: SyntaxError: invalid decimal literal (<string>, line 1)
2026-06-27 23:06:21 WARNING     Available bindings: 
2026-06-27 23:06:21 WARNING     	memory_depth = 2048
2026-06-27 23:06:21 WARNING     	memory_width = 512
2026-06-27 23:06:21 WARNING     	word-bits = 16
2026-06-27 23:06:21 WARNING     	cluster-size = 1
2026-06-27 23:06:21 WARNING     	nports = 2
2026-06-27 23:06:21 WARNING     	meshX = 1
2026-06-27 23:06:21 WARNING     	datawidth = 16
2026-06-27 23:06:21 WARNING     	technology = 45nm
2026-06-27 23:06:21 WARNING     Failed to evaluate: 0.5ns
2026-06-27 23:06:21 WARNING     Location: arch attribute "latency"
2026-06-27 23:06:21 WARNING     Problem encountered: SyntaxError: invalid decimal literal (<string>, line 1)
2026-06-27 23:06:21 WARNING     Please ensure that the expression used is a valid Python expression.
2026-06-27 23:06:21 WARNING     The following may have been used in the expression:
2026-06-27 23:06:21 WARNING     	ns = UNDEFINED
2026-06-27 23:06:21 WARNING     Strings are allowed here. If you meant to enter a string, please wrap the
2026-06-27 23:06:21 WARNING     expression in single or double quotes:
2026-06-27 23:06:21 WARNING         Found expression: 0.5ns
2026-06-27 23:06:21 WARNING         Expression as valid string: "0.5ns"
2026-06-27 23:06:21 WARNING     Expression will be treated as a string. This will be deprecated in version
2026-06-27 23:06:21 WARNING     0.4. Please wrap quotes around the expression to specify a string.
2026-06-27 23:06:21 WARNING     Evaluation of "DDR4" failed.
2026-06-27 23:06:21 WARNING     Failed to evaluate: DDR4
2026-06-27 23:06:21 WARNING     Location: arch attribute "type"
2026-06-27 23:06:21 WARNING     Problem encountered: NameError: Name 'DDR4' is not defined.
2026-06-27 23:06:21 WARNING     Available bindings: 
2026-06-27 23:06:21 WARNING     Failed to evaluate: DDR4
2026-06-27 23:06:21 WARNING     Location: arch attribute "type"
2026-06-27 23:06:21 WARNING     Problem encountered: NameError: Name 'DDR4' is not defined.
2026-06-27 23:06:21 WARNING     Please ensure that the expression used is a valid Python expression.
2026-06-27 23:06:21 WARNING     The following may have been used in the expression:
2026-06-27 23:06:21 WARNING     	DDR4 = UNDEFINED
2026-06-27 23:06:21 WARNING     Strings are allowed here. If you meant to enter a string, please wrap the
2026-06-27 23:06:21 WARNING     expression in single or double quotes:
2026-06-27 23:06:21 WARNING         Found expression: DDR4
2026-06-27 23:06:21 WARNING         Expression as valid string: "DDR4"
2026-06-27 23:06:21 WARNING     Expression will be treated as a string. This will be deprecated in version
2026-06-27 23:06:21 WARNING     0.4. Please wrap quotes around the expression to specify a string.
2026-06-27 23:06:21 WARNING     Evaluation of "45nm" failed.
2026-06-27 23:06:21 WARNING     Failed to evaluate: 45nm
2026-06-27 23:06:21 WARNING     Location: arch attribute "technology"
2026-06-27 23:06:21 WARNING     Problem encountered: SyntaxError: invalid decimal literal (<string>, line 1)
2026-06-27 23:06:21 WARNING     Available bindings: 
2026-06-27 23:06:21 WARNING     	type = DDR4
2026-06-27 23:06:21 WARNING     	width = 16
2026-06-27 23:06:21 WARNING     	block-size = 1
2026-06-27 23:06:21 WARNING     	word-bits = 16
2026-06-27 23:06:21 WARNING     	shared_bandwidth = 6
2026-06-27 23:06:21 WARNING     	datawidth = 16
2026-06-27 23:06:21 WARNING     Failed to evaluate: 45nm
2026-06-27 23:06:21 WARNING     Location: arch attribute "technology"
2026-06-27 23:06:21 WARNING     Problem encountered: SyntaxError: invalid decimal literal (<string>, line 1)
2026-06-27 23:06:21 WARNING     Please ensure that the expression used is a valid Python expression.
2026-06-27 23:06:21 WARNING     The following may have been used in the expression:
2026-06-27 23:06:21 WARNING     	nm = UNDEFINED
2026-06-27 23:06:21 WARNING     Strings are allowed here. If you meant to enter a string, please wrap the
2026-06-27 23:06:21 WARNING     expression in single or double quotes:
2026-06-27 23:06:21 WARNING         Found expression: 45nm
2026-06-27 23:06:21 WARNING         Expression as valid string: "45nm"
2026-06-27 23:06:21 WARNING     Expression will be treated as a string. This will be deprecated in version
2026-06-27 23:06:21 WARNING     0.4. Please wrap quotes around the expression to specify a string.
2026-06-27 23:06:21 WARNING     Evaluation of "0.5ns" failed.
2026-06-27 23:06:21 WARNING     Failed to evaluate: 0.5ns
2026-06-27 23:06:21 WARNING     Location: arch attribute "latency"
2026-06-27 23:06:21 WARNING     Problem encountered: SyntaxError: invalid decimal literal (<string>, line 1)
2026-06-27 23:06:21 WARNING     Available bindings: 
2026-06-27 23:06:21 WARNING     	type = DDR4
2026-06-27 23:06:21 WARNING     	width = 16
2026-06-27 23:06:21 WARNING     	block-size = 1
2026-06-27 23:06:21 WARNING     	word-bits = 16
2026-06-27 23:06:21 WARNING     	shared_bandwidth = 6
2026-06-27 23:06:21 WARNING     	datawidth = 16
2026-06-27 23:06:21 WARNING     	technology = 45nm
2026-06-27 23:06:21 WARNING     Failed to evaluate: 0.5ns
2026-06-27 23:06:21 WARNING     Location: arch attribute "latency"
2026-06-27 23:06:21 WARNING     Problem encountered: SyntaxError: invalid decimal literal (<string>, line 1)
2026-06-27 23:06:21 WARNING     Please ensure that the expression used is a valid Python expression.
2026-06-27 23:06:21 WARNING     The following may have been used in the expression:
2026-06-27 23:06:21 WARNING     	ns = UNDEFINED
2026-06-27 23:06:21 WARNING     Strings are allowed here. If you meant to enter a string, please wrap the
2026-06-27 23:06:21 WARNING     expression in single or double quotes:
2026-06-27 23:06:21 WARNING         Found expression: 0.5ns
2026-06-27 23:06:21 WARNING         Expression as valid string: "0.5ns"
2026-06-27 23:06:21 WARNING     Expression will be treated as a string. This will be deprecated in version
2026-06-27 23:06:21 WARNING     0.4. Please wrap quotes around the expression to specify a string.
2026-06-27 23:06:21 INFO        Calculated arch attribute "global_cycle_seconds" as "0.5e-9" = 5e-10.
2026-06-27 23:06:21 INFO        Parsing file /app/Examples/VGG_Simba/simba_like/arch/components/lmac.yaml for compound_components info
2026-06-27 23:06:21 WARNING     File /app/Examples/VGG_Simba/simba_like/arch/components/lmac.yaml is outdated. File version is 0.3, while the latest version is 0.4. 
2026-06-27 23:06:21 WARNING      Please update the file to the latest version.
2026-06-27 23:06:21 INFO        Parsing file /app/Examples/VGG_Simba/simba_like/arch/components/reg_storage.yaml for compound_components info
2026-06-27 23:06:21 WARNING     File /app/Examples/VGG_Simba/simba_like/arch/components/reg_storage.yaml is outdated. File version is 0.3, while the latest version is 0.4. 
2026-06-27 23:06:21 WARNING      Please update the file to the latest version.
2026-06-27 23:06:21 INFO        Parsing file /app/Examples/VGG_Simba/simba_like/arch/components/smartbuffer_RF.yaml for compound_components info
2026-06-27 23:06:21 WARNING     File /app/Examples/VGG_Simba/simba_like/arch/components/smartbuffer_RF.yaml is outdated. File version is 0.3, while the latest version is 0.4. 
2026-06-27 23:06:21 WARNING      Please update the file to the latest version.
2026-06-27 23:06:21 INFO        Parsing file /app/Examples/VGG_Simba/simba_like/arch/components/smartbuffer_SRAM.yaml for compound_components info
2026-06-27 23:06:21 WARNING     File /app/Examples/VGG_Simba/simba_like/arch/components/smartbuffer_SRAM.yaml is outdated. File version is 0.3, while the latest version is 0.4. 
2026-06-27 23:06:21 WARNING      Please update the file to the latest version.
2026-06-27 23:06:21 WARNING     Evaluation of "45nm" failed.
2026-06-27 23:06:21 WARNING     Failed to evaluate: 45nm
2026-06-27 23:06:21 WARNING     Location: Architecture class smartbuffer_SRAM attributes"technology"
2026-06-27 23:06:21 WARNING     Problem encountered: SyntaxError: invalid decimal literal (<string>, line 1)
2026-06-27 23:06:21 WARNING     Available bindings: 
2026-06-27 23:06:21 WARNING     	memory_depth = 1024
2026-06-27 23:06:21 WARNING     	memory_width = 128
2026-06-27 23:06:21 WARNING     	word-bits = 16
2026-06-27 23:06:21 WARNING     	cluster-size = 1
2026-06-27 23:06:21 WARNING     	meshX = 16
2026-06-27 23:06:21 WARNING     	datawidth = 16
2026-06-27 23:06:21 WARNING     Failed to evaluate: 45nm
2026-06-27 23:06:21 WARNING     Location: Architecture class smartbuffer_SRAM attributes"technology"
2026-06-27 23:06:21 WARNING     Problem encountered: SyntaxError: invalid decimal literal (<string>, line 1)
2026-06-27 23:06:21 WARNING     Please ensure that the expression used is a valid Python expression.
2026-06-27 23:06:21 WARNING     The following may have been used in the expression:
2026-06-27 23:06:21 WARNING     	nm = UNDEFINED
2026-06-27 23:06:21 WARNING     Strings are allowed here. If you meant to enter a string, please wrap the
2026-06-27 23:06:21 WARNING     expression in single or double quotes:
2026-06-27 23:06:21 WARNING         Found expression: 45nm
2026-06-27 23:06:21 WARNING         Expression as valid string: "45nm"
2026-06-27 23:06:21 WARNING     Expression will be treated as a string. This will be deprecated in version
2026-06-27 23:06:21 WARNING     0.4. Please wrap quotes around the expression to specify a string.
2026-06-27 23:06:21 WARNING     Evaluation of "0.5ns" failed.
2026-06-27 23:06:21 WARNING     Failed to evaluate: 0.5ns
2026-06-27 23:06:21 WARNING     Location: Architecture class smartbuffer_SRAM attributes"latency"
2026-06-27 23:06:21 WARNING     Problem encountered: SyntaxError: invalid decimal literal (<string>, line 1)
2026-06-27 23:06:21 WARNING     Available bindings: 
2026-06-27 23:06:21 WARNING     	memory_depth = 1024
2026-06-27 23:06:21 WARNING     	memory_width = 128
2026-06-27 23:06:21 WARNING     	word-bits = 16
2026-06-27 23:06:21 WARNING     	cluster-size = 1
2026-06-27 23:06:21 WARNING     	meshX = 16
2026-06-27 23:06:21 WARNING     	datawidth = 16
2026-06-27 23:06:21 WARNING     	technology = 45nm
2026-06-27 23:06:21 WARNING     Failed to evaluate: 0.5ns
2026-06-27 23:06:21 WARNING     Location: Architecture class smartbuffer_SRAM attributes"latency"
2026-06-27 23:06:21 WARNING     Problem encountered: SyntaxError: invalid decimal literal (<string>, line 1)
2026-06-27 23:06:21 WARNING     Please ensure that the expression used is a valid Python expression.
2026-06-27 23:06:21 WARNING     The following may have been used in the expression:
2026-06-27 23:06:21 WARNING     	ns = UNDEFINED
2026-06-27 23:06:21 WARNING     Strings are allowed here. If you meant to enter a string, please wrap the
2026-06-27 23:06:21 WARNING     expression in single or double quotes:
2026-06-27 23:06:21 WARNING         Found expression: 0.5ns
2026-06-27 23:06:21 WARNING         Expression as valid string: "0.5ns"
2026-06-27 23:06:21 WARNING     Expression will be treated as a string. This will be deprecated in version
2026-06-27 23:06:21 WARNING     0.4. Please wrap quotes around the expression to specify a string.
2026-06-27 23:06:21 WARNING     Evaluation of "45nm" failed.
2026-06-27 23:06:21 WARNING     Failed to evaluate: 45nm
2026-06-27 23:06:21 WARNING     Location: Architecture class smartbuffer_SRAM attributes"technology"
2026-06-27 23:06:21 WARNING     Problem encountered: SyntaxError: invalid decimal literal (<string>, line 1)
2026-06-27 23:06:21 WARNING     Available bindings: 
2026-06-27 23:06:21 WARNING     	memory_depth = 512
2026-06-27 23:06:21 WARNING     	memory_width = 128
2026-06-27 23:06:21 WARNING     	word-bits = 16
2026-06-27 23:06:21 WARNING     	meshX = 16
2026-06-27 23:06:21 WARNING     	cluster-size = 1
2026-06-27 23:06:21 WARNING     	n_banks = 1
2026-06-27 23:06:21 WARNING     	datawidth = 16
2026-06-27 23:06:21 WARNING     Failed to evaluate: 45nm
2026-06-27 23:06:21 WARNING     Location: Architecture class smartbuffer_SRAM attributes"technology"
2026-06-27 23:06:21 WARNING     Problem encountered: SyntaxError: invalid decimal literal (<string>, line 1)
2026-06-27 23:06:21 WARNING     Please ensure that the expression used is a valid Python expression.
2026-06-27 23:06:21 WARNING     The following may have been used in the expression:
2026-06-27 23:06:21 WARNING     	nm = UNDEFINED
2026-06-27 23:06:21 WARNING     Strings are allowed here. If you meant to enter a string, please wrap the
2026-06-27 23:06:21 WARNING     expression in single or double quotes:
2026-06-27 23:06:21 WARNING         Found expression: 45nm
2026-06-27 23:06:21 WARNING         Expression as valid string: "45nm"
2026-06-27 23:06:21 WARNING     Expression will be treated as a string. This will be deprecated in version
2026-06-27 23:06:21 WARNING     0.4. Please wrap quotes around the expression to specify a string.
2026-06-27 23:06:21 WARNING     Evaluation of "0.5ns" failed.
2026-06-27 23:06:21 WARNING     Failed to evaluate: 0.5ns
2026-06-27 23:06:21 WARNING     Location: Architecture class smartbuffer_SRAM attributes"latency"
2026-06-27 23:06:21 WARNING     Problem encountered: SyntaxError: invalid decimal literal (<string>, line 1)
2026-06-27 23:06:21 WARNING     Available bindings: 
2026-06-27 23:06:21 WARNING     	memory_depth = 512
2026-06-27 23:06:21 WARNING     	memory_width = 128
2026-06-27 23:06:21 WARNING     	word-bits = 16
2026-06-27 23:06:21 WARNING     	meshX = 16
2026-06-27 23:06:21 WARNING     	cluster-size = 1
2026-06-27 23:06:21 WARNING     	n_banks = 1
2026-06-27 23:06:21 WARNING     	datawidth = 16
2026-06-27 23:06:21 WARNING     	technology = 45nm
2026-06-27 23:06:21 WARNING     Failed to evaluate: 0.5ns
2026-06-27 23:06:21 WARNING     Location: Architecture class smartbuffer_SRAM attributes"latency"
2026-06-27 23:06:21 WARNING     Problem encountered: SyntaxError: invalid decimal literal (<string>, line 1)
2026-06-27 23:06:21 WARNING     Please ensure that the expression used is a valid Python expression.
2026-06-27 23:06:21 WARNING     The following may have been used in the expression:
2026-06-27 23:06:21 WARNING     	ns = UNDEFINED
2026-06-27 23:06:21 WARNING     Strings are allowed here. If you meant to enter a string, please wrap the
2026-06-27 23:06:21 WARNING     expression in single or double quotes:
2026-06-27 23:06:21 WARNING         Found expression: 0.5ns
2026-06-27 23:06:21 WARNING         Expression as valid string: "0.5ns"
2026-06-27 23:06:21 WARNING     Expression will be treated as a string. This will be deprecated in version
2026-06-27 23:06:21 WARNING     0.4. Please wrap quotes around the expression to specify a string.
2026-06-27 23:06:21 WARNING     Evaluation of "45nm" failed.
2026-06-27 23:06:21 WARNING     Failed to evaluate: 45nm
2026-06-27 23:06:21 WARNING     Location: Architecture class smartbuffer_SRAM attributes"technology"
2026-06-27 23:06:21 WARNING     Problem encountered: SyntaxError: invalid decimal literal (<string>, line 1)
2026-06-27 23:06:21 WARNING     Available bindings: 
2026-06-27 23:06:21 WARNING     	memory_depth = 64
2026-06-27 23:06:21 WARNING     	memory_width = 64
2026-06-27 23:06:21 WARNING     	cluster-size = 1
2026-06-27 23:06:21 WARNING     	word-bits = 32
2026-06-27 23:06:21 WARNING     	meshX = 16
2026-06-27 23:06:21 WARNING     	datawidth = 16
2026-06-27 23:06:21 WARNING     Failed to evaluate: 45nm
2026-06-27 23:06:21 WARNING     Location: Architecture class smartbuffer_SRAM attributes"technology"
2026-06-27 23:06:21 WARNING     Problem encountered: SyntaxError: invalid decimal literal (<string>, line 1)
2026-06-27 23:06:21 WARNING     Please ensure that the expression used is a valid Python expression.
2026-06-27 23:06:21 WARNING     The following may have been used in the expression:
2026-06-27 23:06:21 WARNING     	nm = UNDEFINED
2026-06-27 23:06:21 WARNING     Strings are allowed here. If you meant to enter a string, please wrap the
2026-06-27 23:06:21 WARNING     expression in single or double quotes:
2026-06-27 23:06:21 WARNING         Found expression: 45nm
2026-06-27 23:06:21 WARNING         Expression as valid string: "45nm"
2026-06-27 23:06:21 WARNING     Expression will be treated as a string. This will be deprecated in version
2026-06-27 23:06:21 WARNING     0.4. Please wrap quotes around the expression to specify a string.
2026-06-27 23:06:21 WARNING     Evaluation of "0.5ns" failed.
2026-06-27 23:06:21 WARNING     Failed to evaluate: 0.5ns
2026-06-27 23:06:21 WARNING     Location: Architecture class smartbuffer_SRAM attributes"latency"
2026-06-27 23:06:21 WARNING     Problem encountered: SyntaxError: invalid decimal literal (<string>, line 1)
2026-06-27 23:06:21 WARNING     Available bindings: 
2026-06-27 23:06:21 WARNING     	memory_depth = 64
2026-06-27 23:06:21 WARNING     	memory_width = 64
2026-06-27 23:06:21 WARNING     	cluster-size = 1
2026-06-27 23:06:21 WARNING     	word-bits = 32
2026-06-27 23:06:21 WARNING     	meshX = 16
2026-06-27 23:06:21 WARNING     	datawidth = 16
2026-06-27 23:06:21 WARNING     	technology = 45nm
2026-06-27 23:06:21 WARNING     Failed to evaluate: 0.5ns
2026-06-27 23:06:21 WARNING     Location: Architecture class smartbuffer_SRAM attributes"latency"
2026-06-27 23:06:21 WARNING     Problem encountered: SyntaxError: invalid decimal literal (<string>, line 1)
2026-06-27 23:06:21 WARNING     Please ensure that the expression used is a valid Python expression.
2026-06-27 23:06:21 WARNING     The following may have been used in the expression:
2026-06-27 23:06:21 WARNING     	ns = UNDEFINED
2026-06-27 23:06:21 WARNING     Strings are allowed here. If you meant to enter a string, please wrap the
2026-06-27 23:06:21 WARNING     expression in single or double quotes:
2026-06-27 23:06:21 WARNING         Found expression: 0.5ns
2026-06-27 23:06:21 WARNING         Expression as valid string: "0.5ns"
2026-06-27 23:06:21 WARNING     Expression will be treated as a string. This will be deprecated in version
2026-06-27 23:06:21 WARNING     0.4. Please wrap quotes around the expression to specify a string.
2026-06-27 23:06:21 WARNING     Evaluation of "45nm" failed.
2026-06-27 23:06:21 WARNING     Failed to evaluate: 45nm
2026-06-27 23:06:21 WARNING     Location: Architecture class smartbuffer_SRAM attributes"technology"
2026-06-27 23:06:21 WARNING     Problem encountered: SyntaxError: invalid decimal literal (<string>, line 1)
2026-06-27 23:06:21 WARNING     Available bindings: 
2026-06-27 23:06:21 WARNING     	memory_depth = 1
2026-06-27 23:06:21 WARNING     	memory_width = 32
2026-06-27 23:06:21 WARNING     	word-bits = 16
2026-06-27 23:06:21 WARNING     	cluster-size = 1
2026-06-27 23:06:21 WARNING     	num-ports = 2
2026-06-27 23:06:21 WARNING     	meshX = 16
2026-06-27 23:06:21 WARNING     	datawidth = 16
2026-06-27 23:06:21 WARNING     Failed to evaluate: 45nm
2026-06-27 23:06:21 WARNING     Location: Architecture class smartbuffer_SRAM attributes"technology"
2026-06-27 23:06:21 WARNING     Problem encountered: SyntaxError: invalid decimal literal (<string>, line 1)
2026-06-27 23:06:21 WARNING     Please ensure that the expression used is a valid Python expression.
2026-06-27 23:06:21 WARNING     The following may have been used in the expression:
2026-06-27 23:06:21 WARNING     	nm = UNDEFINED
2026-06-27 23:06:21 WARNING     Strings are allowed here. If you meant to enter a string, please wrap the
2026-06-27 23:06:21 WARNING     expression in single or double quotes:
2026-06-27 23:06:21 WARNING         Found expression: 45nm
2026-06-27 23:06:21 WARNING         Expression as valid string: "45nm"
2026-06-27 23:06:21 WARNING     Expression will be treated as a string. This will be deprecated in version
2026-06-27 23:06:21 WARNING     0.4. Please wrap quotes around the expression to specify a string.
2026-06-27 23:06:21 WARNING     Evaluation of "0.5ns" failed.
2026-06-27 23:06:21 WARNING     Failed to evaluate: 0.5ns
2026-06-27 23:06:21 WARNING     Location: Architecture class smartbuffer_SRAM attributes"latency"
2026-06-27 23:06:21 WARNING     Problem encountered: SyntaxError: invalid decimal literal (<string>, line 1)
2026-06-27 23:06:21 WARNING     Available bindings: 
2026-06-27 23:06:21 WARNING     	memory_depth = 1
2026-06-27 23:06:21 WARNING     	memory_width = 32
2026-06-27 23:06:21 WARNING     	word-bits = 16
2026-06-27 23:06:21 WARNING     	cluster-size = 1
2026-06-27 23:06:21 WARNING     	num-ports = 2
2026-06-27 23:06:21 WARNING     	meshX = 16
2026-06-27 23:06:21 WARNING     	datawidth = 16
2026-06-27 23:06:21 WARNING     	technology = 45nm
2026-06-27 23:06:21 WARNING     Failed to evaluate: 0.5ns
2026-06-27 23:06:21 WARNING     Location: Architecture class smartbuffer_SRAM attributes"latency"
2026-06-27 23:06:21 WARNING     Problem encountered: SyntaxError: invalid decimal literal (<string>, line 1)
2026-06-27 23:06:21 WARNING     Please ensure that the expression used is a valid Python expression.
2026-06-27 23:06:21 WARNING     The following may have been used in the expression:
2026-06-27 23:06:21 WARNING     	ns = UNDEFINED
2026-06-27 23:06:21 WARNING     Strings are allowed here. If you meant to enter a string, please wrap the
2026-06-27 23:06:21 WARNING     expression in single or double quotes:
2026-06-27 23:06:21 WARNING         Found expression: 0.5ns
2026-06-27 23:06:21 WARNING         Expression as valid string: "0.5ns"
2026-06-27 23:06:21 WARNING     Expression will be treated as a string. This will be deprecated in version
2026-06-27 23:06:21 WARNING     0.4. Please wrap quotes around the expression to specify a string.
2026-06-27 23:06:21 WARNING     Evaluation of "0.5ns" failed.
2026-06-27 23:06:21 WARNING     Failed to evaluate: 0.5ns
2026-06-27 23:06:21 WARNING     Location: Architecture class lmac attributes"latency"
2026-06-27 23:06:21 WARNING     Problem encountered: SyntaxError: invalid decimal literal (<string>, line 1)
2026-06-27 23:06:21 WARNING     Available bindings: 
2026-06-27 23:06:21 WARNING     Failed to evaluate: 0.5ns
2026-06-27 23:06:21 WARNING     Location: Architecture class lmac attributes"latency"
2026-06-27 23:06:21 WARNING     Problem encountered: SyntaxError: invalid decimal literal (<string>, line 1)
2026-06-27 23:06:21 WARNING     Please ensure that the expression used is a valid Python expression.
2026-06-27 23:06:21 WARNING     The following may have been used in the expression:
2026-06-27 23:06:21 WARNING     	ns = UNDEFINED
2026-06-27 23:06:21 WARNING     Strings are allowed here. If you meant to enter a string, please wrap the
2026-06-27 23:06:21 WARNING     expression in single or double quotes:
2026-06-27 23:06:21 WARNING         Found expression: 0.5ns
2026-06-27 23:06:21 WARNING         Expression as valid string: "0.5ns"
2026-06-27 23:06:21 WARNING     Expression will be treated as a string. This will be deprecated in version
2026-06-27 23:06:21 WARNING     0.4. Please wrap quotes around the expression to specify a string.
2026-06-27 23:06:21 WARNING     Evaluation of "45nm" failed.
2026-06-27 23:06:21 WARNING     Failed to evaluate: 45nm
2026-06-27 23:06:21 WARNING     Location: Architecture class lmac attributes"technology"
2026-06-27 23:06:21 WARNING     Problem encountered: SyntaxError: invalid decimal literal (<string>, line 1)
2026-06-27 23:06:21 WARNING     Available bindings: 
2026-06-27 23:06:21 WARNING     	latency = 0.5ns
2026-06-27 23:06:21 WARNING     	datawidth = 16
2026-06-27 23:06:21 WARNING     	meshX = 16
2026-06-27 23:06:21 WARNING     	word-bits = 16
2026-06-27 23:06:21 WARNING     Failed to evaluate: 45nm
2026-06-27 23:06:21 WARNING     Location: Architecture class lmac attributes"technology"
2026-06-27 23:06:21 WARNING     Problem encountered: SyntaxError: invalid decimal literal (<string>, line 1)
2026-06-27 23:06:21 WARNING     Please ensure that the expression used is a valid Python expression.
2026-06-27 23:06:21 WARNING     The following may have been used in the expression:
2026-06-27 23:06:21 WARNING     	nm = UNDEFINED
2026-06-27 23:06:21 WARNING     Strings are allowed here. If you meant to enter a string, please wrap the
2026-06-27 23:06:21 WARNING     expression in single or double quotes:
2026-06-27 23:06:21 WARNING         Found expression: 45nm
2026-06-27 23:06:21 WARNING         Expression as valid string: "45nm"
2026-06-27 23:06:21 WARNING     Expression will be treated as a string. This will be deprecated in version
2026-06-27 23:06:21 WARNING     0.4. Please wrap quotes around the expression to specify a string.
2026-06-27 23:06:21 WARNING     Evaluation of "45nm" failed.
2026-06-27 23:06:21 WARNING     Failed to evaluate: 45nm
2026-06-27 23:06:21 WARNING     Location: Architecture class smartbuffer_SRAM attributes"technology"
2026-06-27 23:06:21 WARNING     Problem encountered: SyntaxError: invalid decimal literal (<string>, line 1)
2026-06-27 23:06:21 WARNING     Available bindings: 
2026-06-27 23:06:21 WARNING     	memory_depth = 2048
2026-06-27 23:06:21 WARNING     	memory_width = 512
2026-06-27 23:06:21 WARNING     	word-bits = 16
2026-06-27 23:06:21 WARNING     	cluster-size = 1
2026-06-27 23:06:21 WARNING     	nports = 2
2026-06-27 23:06:21 WARNING     	meshX = 1
2026-06-27 23:06:21 WARNING     	datawidth = 16
2026-06-27 23:06:21 WARNING     Failed to evaluate: 45nm
2026-06-27 23:06:21 WARNING     Location: Architecture class smartbuffer_SRAM attributes"technology"
2026-06-27 23:06:21 WARNING     Problem encountered: SyntaxError: invalid decimal literal (<string>, line 1)
2026-06-27 23:06:21 WARNING     Please ensure that the expression used is a valid Python expression.
2026-06-27 23:06:21 WARNING     The following may have been used in the expression:
2026-06-27 23:06:21 WARNING     	nm = UNDEFINED
2026-06-27 23:06:21 WARNING     Strings are allowed here. If you meant to enter a string, please wrap the
2026-06-27 23:06:21 WARNING     expression in single or double quotes:
2026-06-27 23:06:21 WARNING         Found expression: 45nm
2026-06-27 23:06:21 WARNING         Expression as valid string: "45nm"
2026-06-27 23:06:21 WARNING     Expression will be treated as a string. This will be deprecated in version
2026-06-27 23:06:21 WARNING     0.4. Please wrap quotes around the expression to specify a string.
2026-06-27 23:06:21 WARNING     Evaluation of "0.5ns" failed.
2026-06-27 23:06:21 WARNING     Failed to evaluate: 0.5ns
2026-06-27 23:06:21 WARNING     Location: Architecture class smartbuffer_SRAM attributes"latency"
2026-06-27 23:06:21 WARNING     Problem encountered: SyntaxError: invalid decimal literal (<string>, line 1)
2026-06-27 23:06:21 WARNING     Available bindings: 
2026-06-27 23:06:21 WARNING     	memory_depth = 2048
2026-06-27 23:06:21 WARNING     	memory_width = 512
2026-06-27 23:06:21 WARNING     	word-bits = 16
2026-06-27 23:06:21 WARNING     	cluster-size = 1
2026-06-27 23:06:21 WARNING     	nports = 2
2026-06-27 23:06:21 WARNING     	meshX = 1
2026-06-27 23:06:21 WARNING     	datawidth = 16
2026-06-27 23:06:21 WARNING     	technology = 45nm
2026-06-27 23:06:21 WARNING     Failed to evaluate: 0.5ns
2026-06-27 23:06:21 WARNING     Location: Architecture class smartbuffer_SRAM attributes"latency"
2026-06-27 23:06:21 WARNING     Problem encountered: SyntaxError: invalid decimal literal (<string>, line 1)
2026-06-27 23:06:21 WARNING     Please ensure that the expression used is a valid Python expression.
2026-06-27 23:06:21 WARNING     The following may have been used in the expression:
2026-06-27 23:06:21 WARNING     	ns = UNDEFINED
2026-06-27 23:06:21 WARNING     Strings are allowed here. If you meant to enter a string, please wrap the
2026-06-27 23:06:21 WARNING     expression in single or double quotes:
2026-06-27 23:06:21 WARNING         Found expression: 0.5ns
2026-06-27 23:06:21 WARNING         Expression as valid string: "0.5ns"
2026-06-27 23:06:21 WARNING     Expression will be treated as a string. This will be deprecated in version
2026-06-27 23:06:21 WARNING     0.4. Please wrap quotes around the expression to specify a string.
2026-06-27 23:06:21 WARNING     Evaluation of "DDR4" failed.
2026-06-27 23:06:21 WARNING     Failed to evaluate: DDR4
2026-06-27 23:06:21 WARNING     Location: Architecture class DRAM attributes"type"
2026-06-27 23:06:21 WARNING     Problem encountered: NameError: Name 'DDR4' is not defined.
2026-06-27 23:06:21 WARNING     Available bindings: 
2026-06-27 23:06:21 WARNING     Failed to evaluate: DDR4
2026-06-27 23:06:21 WARNING     Location: Architecture class DRAM attributes"type"
2026-06-27 23:06:21 WARNING     Problem encountered: NameError: Name 'DDR4' is not defined.
2026-06-27 23:06:21 WARNING     Please ensure that the expression used is a valid Python expression.
2026-06-27 23:06:21 WARNING     The following may have been used in the expression:
2026-06-27 23:06:21 WARNING     	DDR4 = UNDEFINED
2026-06-27 23:06:21 WARNING     Strings are allowed here. If you meant to enter a string, please wrap the
2026-06-27 23:06:21 WARNING     expression in single or double quotes:
2026-06-27 23:06:21 WARNING         Found expression: DDR4
2026-06-27 23:06:21 WARNING         Expression as valid string: "DDR4"
2026-06-27 23:06:21 WARNING     Expression will be treated as a string. This will be deprecated in version
2026-06-27 23:06:21 WARNING     0.4. Please wrap quotes around the expression to specify a string.
2026-06-27 23:06:21 WARNING     Evaluation of "45nm" failed.
2026-06-27 23:06:21 WARNING     Failed to evaluate: 45nm
2026-06-27 23:06:21 WARNING     Location: Architecture class DRAM attributes"technology"
2026-06-27 23:06:21 WARNING     Problem encountered: SyntaxError: invalid decimal literal (<string>, line 1)
2026-06-27 23:06:21 WARNING     Available bindings: 
2026-06-27 23:06:21 WARNING     	type = DDR4
2026-06-27 23:06:21 WARNING     	width = 16
2026-06-27 23:06:21 WARNING     	block-size = 1
2026-06-27 23:06:21 WARNING     	word-bits = 16
2026-06-27 23:06:21 WARNING     	shared_bandwidth = 6
2026-06-27 23:06:21 WARNING     	datawidth = 16
2026-06-27 23:06:21 WARNING     Failed to evaluate: 45nm
2026-06-27 23:06:21 WARNING     Location: Architecture class DRAM attributes"technology"
2026-06-27 23:06:21 WARNING     Problem encountered: SyntaxError: invalid decimal literal (<string>, line 1)
2026-06-27 23:06:21 WARNING     Please ensure that the expression used is a valid Python expression.
2026-06-27 23:06:21 WARNING     The following may have been used in the expression:
2026-06-27 23:06:21 WARNING     	nm = UNDEFINED
2026-06-27 23:06:21 WARNING     Strings are allowed here. If you meant to enter a string, please wrap the
2026-06-27 23:06:21 WARNING     expression in single or double quotes:
2026-06-27 23:06:21 WARNING         Found expression: 45nm
2026-06-27 23:06:21 WARNING         Expression as valid string: "45nm"
2026-06-27 23:06:21 WARNING     Expression will be treated as a string. This will be deprecated in version
2026-06-27 23:06:21 WARNING     0.4. Please wrap quotes around the expression to specify a string.
2026-06-27 23:06:21 WARNING     Evaluation of "0.5ns" failed.
2026-06-27 23:06:21 WARNING     Failed to evaluate: 0.5ns
2026-06-27 23:06:21 WARNING     Location: Architecture class DRAM attributes"latency"
2026-06-27 23:06:21 WARNING     Problem encountered: SyntaxError: invalid decimal literal (<string>, line 1)
2026-06-27 23:06:21 WARNING     Available bindings: 
2026-06-27 23:06:21 WARNING     	type = DDR4
2026-06-27 23:06:21 WARNING     	width = 16
2026-06-27 23:06:21 WARNING     	block-size = 1
2026-06-27 23:06:21 WARNING     	word-bits = 16
2026-06-27 23:06:21 WARNING     	shared_bandwidth = 6
2026-06-27 23:06:21 WARNING     	datawidth = 16
2026-06-27 23:06:21 WARNING     	technology = 45nm
2026-06-27 23:06:21 WARNING     Failed to evaluate: 0.5ns
2026-06-27 23:06:21 WARNING     Location: Architecture class DRAM attributes"latency"
2026-06-27 23:06:21 WARNING     Problem encountered: SyntaxError: invalid decimal literal (<string>, line 1)
2026-06-27 23:06:21 WARNING     Please ensure that the expression used is a valid Python expression.
2026-06-27 23:06:21 WARNING     The following may have been used in the expression:
2026-06-27 23:06:21 WARNING     	ns = UNDEFINED
2026-06-27 23:06:21 WARNING     Strings are allowed here. If you meant to enter a string, please wrap the
2026-06-27 23:06:21 WARNING     expression in single or double quotes:
2026-06-27 23:06:21 WARNING         Found expression: 0.5ns
2026-06-27 23:06:21 WARNING         Expression as valid string: "0.5ns"
2026-06-27 23:06:21 WARNING     Expression will be treated as a string. This will be deprecated in version
2026-06-27 23:06:21 WARNING     0.4. Please wrap quotes around the expression to specify a string.
2026-06-27 23:06:21 INFO        Estimator plug-in identified by: /usr/local/share/accelergy/estimation_plug_ins/accelergy-table-based-plug-ins/table.estimator.yaml
2026-06-27 23:06:22 INFO        Estimator plug-in identified by: /usr/local/share/accelergy/estimation_plug_ins/accelergy-cacti-plug-in/cacti.estimator.yaml
2026-06-27 23:06:22 INFO        Estimator plug-in identified by: /usr/local/share/accelergy/estimation_plug_ins/dummy_tables/dummy.estimator.yaml
2026-06-27 23:06:22 INFO        Estimator plug-in identified by: /usr/local/share/accelergy/estimation_plug_ins/accelergy-aladdin-plug-in/aladdin.estimator.yaml
2026-06-27 23:06:22 INFO        Loading Python plug-in: /usr/local/share/accelergy/estimation_plug_ins/accelergy-cacti-plug-in/cacti_wrapper.py. Errors below are likely due to plug-in, not Accelergy.
2026-06-27 23:06:22 INFO        Getting all estimators in module <module 'python_plug_in0' from '/usr/local/share/accelergy/estimation_plug_ins/accelergy-cacti-plug-in/cacti_wrapper.py'>
2026-06-27 23:06:22 INFO        Added estimator CactiCache that estimates cache with actions idle, read, read_access, update, update_access, write, write_access, leak
2026-06-27 23:06:22 INFO        Added estimator CactiDRAM that estimates ['DRAM', 'dram'] with actions idle, read, update, write, leak
2026-06-27 23:06:22 INFO        Added estimator CactiSRAM that estimates ['SRAM', 'sram'] with actions idle, read, update, write, leak
2026-06-27 23:06:22 INFO        Done loading Python plug-ins.
2026-06-27 23:06:22 INFO        Found estimator plug-in: DEPRECATED table-based-plug-ins. Use the Library plug-in instead. (<SetsOfTables.SetsOfTables object at 0x761cd2de2680>)
2026-06-27 23:06:22 INFO        Found estimator plug-in: dummy (<DummyTable.DummyTable object at 0x761cd2de19c0>)
2026-06-27 23:06:22 INFO        Found estimator plug-in: Aladdin_table (<AladdinTable.AladdinTable object at 0x761cd3be1450>)
2026-06-27 23:06:22 INFO        Found estimator plug-in: CactiCache (<accelergy.plug_in_interface.estimator_wrapper.EstimatorWrapper object at 0x761cd2db41c0>)
2026-06-27 23:06:22 INFO        Found estimator plug-in: CactiDRAM (<accelergy.plug_in_interface.estimator_wrapper.EstimatorWrapper object at 0x761cd2db5420>)
2026-06-27 23:06:22 INFO        Found estimator plug-in: CactiSRAM (<accelergy.plug_in_interface.estimator_wrapper.EstimatorWrapper object at 0x761cd2db6320>)
2026-06-27 23:06:22 INFO        Calculated storage."technology" as "technology" = 45nm.
2026-06-27 23:06:22 INFO        Calculated storage."width" as "memory_width" = 128.
2026-06-27 23:06:22 INFO        Calculated storage."depth" as "memory_depth" = 1024.
2026-06-27 23:06:22 INFO        Calculated storage."n_rdwr_ports" as "n_rdwr_ports" = 2.
2026-06-27 23:06:22 INFO        Calculated storage."n_banks" as "n_banks" = 1.
2026-06-27 23:06:22 INFO        Calculated address_generators[0..1]."technology" as "technology" = 45nm.
2026-06-27 23:06:22 INFO        Calculated address_generators[0..1]."width" as "log(memory_depth)" = 6.931471805599453.
2026-06-27 23:06:22 INFO        Calculated index range expression as "n_banks" = 1.
2026-06-27 23:06:22 INFO        Calculated index range expression as "n_banks" = 1.
2026-06-27 23:06:22 INFO        Calculated System.ws.PE[0..15].PEInputBuffer.write.write."data_delta" as "data_delta" = 0.
2026-06-27 23:06:22 INFO        Calculated System.ws.PE[0..15].PEInputBuffer.write.write."address_delta" as "address_delta" = 0.
2026-06-27 23:06:22 INFO        Calculated System.ws.PE[0..15].PEInputBuffer.write.write."data_delta" as "data_delta" = 1.
2026-06-27 23:06:22 INFO        Calculated System.ws.PE[0..15].PEInputBuffer.write.write."address_delta" as "address_delta" = 0.
2026-06-27 23:06:22 INFO        Calculated System.ws.PE[0..15].PEInputBuffer.write.write."data_delta" as "data_delta" = 0.
2026-06-27 23:06:22 INFO        Calculated System.ws.PE[0..15].PEInputBuffer.write.write."address_delta" as "address_delta" = 1.
2026-06-27 23:06:22 INFO        Calculated System.ws.PE[0..15].PEInputBuffer.write.write."data_delta" as "data_delta" = 1.
2026-06-27 23:06:22 INFO        Calculated System.ws.PE[0..15].PEInputBuffer.write.write."address_delta" as "address_delta" = 1.
2026-06-27 23:06:22 INFO        Calculated System.ws.PE[0..15].PEInputBuffer.read.read."data_delta" as "data_delta" = 0.
2026-06-27 23:06:22 INFO        Calculated System.ws.PE[0..15].PEInputBuffer.read.read."address_delta" as "address_delta" = 0.
2026-06-27 23:06:22 INFO        Calculated System.ws.PE[0..15].PEInputBuffer.read.read."data_delta" as "data_delta" = 1.
2026-06-27 23:06:22 INFO        Calculated System.ws.PE[0..15].PEInputBuffer.read.read."address_delta" as "address_delta" = 0.
2026-06-27 23:06:22 INFO        Calculated System.ws.PE[0..15].PEInputBuffer.read.read."data_delta" as "data_delta" = 0.
2026-06-27 23:06:22 INFO        Calculated System.ws.PE[0..15].PEInputBuffer.read.read."address_delta" as "address_delta" = 1.
2026-06-27 23:06:22 INFO        Calculated System.ws.PE[0..15].PEInputBuffer.read.read."data_delta" as "data_delta" = 1.
2026-06-27 23:06:22 INFO        Calculated System.ws.PE[0..15].PEInputBuffer.read.read."address_delta" as "address_delta" = 1.
2026-06-27 23:06:22 INFO        Calculated storage."technology" as "technology" = 45nm.
2026-06-27 23:06:22 INFO        Calculated storage."width" as "memory_width" = 128.
2026-06-27 23:06:22 INFO        Calculated storage."depth" as "memory_depth" = 512.
2026-06-27 23:06:22 INFO        Calculated storage."n_rdwr_ports" as "n_rdwr_ports" = 2.
2026-06-27 23:06:22 INFO        Calculated storage."n_banks" as "n_banks" = 1.
2026-06-27 23:06:22 INFO        Calculated address_generators[0..1]."technology" as "technology" = 45nm.
2026-06-27 23:06:22 INFO        Calculated address_generators[0..1]."width" as "log(memory_depth)" = 6.238324625039508.
2026-06-27 23:06:22 INFO        Calculated index range expression as "n_banks" = 1.
2026-06-27 23:06:22 INFO        Calculated index range expression as "n_banks" = 1.
2026-06-27 23:06:22 INFO        Calculated System.ws.PE[0..15].PEWeightBuffer[0..7].write.write."data_delta" as "data_delta" = 0.
2026-06-27 23:06:22 INFO        Calculated System.ws.PE[0..15].PEWeightBuffer[0..7].write.write."address_delta" as "address_delta" = 0.
2026-06-27 23:06:22 INFO        Calculated System.ws.PE[0..15].PEWeightBuffer[0..7].write.write."data_delta" as "data_delta" = 1.
2026-06-27 23:06:22 INFO        Calculated System.ws.PE[0..15].PEWeightBuffer[0..7].write.write."address_delta" as "address_delta" = 0.
2026-06-27 23:06:22 INFO        Calculated System.ws.PE[0..15].PEWeightBuffer[0..7].write.write."data_delta" as "data_delta" = 0.
2026-06-27 23:06:22 INFO        Calculated System.ws.PE[0..15].PEWeightBuffer[0..7].write.write."address_delta" as "address_delta" = 1.
2026-06-27 23:06:22 INFO        Calculated System.ws.PE[0..15].PEWeightBuffer[0..7].write.write."data_delta" as "data_delta" = 1.
2026-06-27 23:06:22 INFO        Calculated System.ws.PE[0..15].PEWeightBuffer[0..7].write.write."address_delta" as "address_delta" = 1.
2026-06-27 23:06:22 INFO        Calculated System.ws.PE[0..15].PEWeightBuffer[0..7].read.read."data_delta" as "data_delta" = 0.
2026-06-27 23:06:22 INFO        Calculated System.ws.PE[0..15].PEWeightBuffer[0..7].read.read."address_delta" as "address_delta" = 0.
2026-06-27 23:06:22 INFO        Calculated System.ws.PE[0..15].PEWeightBuffer[0..7].read.read."data_delta" as "data_delta" = 1.
2026-06-27 23:06:22 INFO        Calculated System.ws.PE[0..15].PEWeightBuffer[0..7].read.read."address_delta" as "address_delta" = 0.
2026-06-27 23:06:22 INFO        Calculated System.ws.PE[0..15].PEWeightBuffer[0..7].read.read."data_delta" as "data_delta" = 0.
2026-06-27 23:06:22 INFO        Calculated System.ws.PE[0..15].PEWeightBuffer[0..7].read.read."address_delta" as "address_delta" = 1.
2026-06-27 23:06:22 INFO        Calculated System.ws.PE[0..15].PEWeightBuffer[0..7].read.read."data_delta" as "data_delta" = 1.
2026-06-27 23:06:22 INFO        Calculated System.ws.PE[0..15].PEWeightBuffer[0..7].read.read."address_delta" as "address_delta" = 1.
2026-06-27 23:06:22 INFO        Calculated storage."technology" as "technology" = 45nm.
2026-06-27 23:06:22 INFO        Calculated storage."width" as "memory_width" = 64.
2026-06-27 23:06:22 INFO        Calculated storage."depth" as "memory_depth" = 64.
2026-06-27 23:06:22 INFO        Calculated storage."n_rdwr_ports" as "n_rdwr_ports" = 2.
2026-06-27 23:06:22 INFO        Calculated storage."n_banks" as "n_banks" = 1.
2026-06-27 23:06:22 INFO        Calculated address_generators[0..1]."technology" as "technology" = 45nm.
2026-06-27 23:06:22 INFO        Calculated address_generators[0..1]."width" as "log(memory_depth)" = 4.1588830833596715.
2026-06-27 23:06:22 INFO        Calculated index range expression as "n_banks" = 1.
2026-06-27 23:06:22 INFO        Calculated index range expression as "n_banks" = 1.
2026-06-27 23:06:22 INFO        Calculated System.ws.PE[0..15].PEAccuBuffer[0..7].write.write."data_delta" as "data_delta" = 0.
2026-06-27 23:06:22 INFO        Calculated System.ws.PE[0..15].PEAccuBuffer[0..7].write.write."address_delta" as "address_delta" = 0.
2026-06-27 23:06:22 INFO        Calculated System.ws.PE[0..15].PEAccuBuffer[0..7].write.write."data_delta" as "data_delta" = 1.
2026-06-27 23:06:22 INFO        Calculated System.ws.PE[0..15].PEAccuBuffer[0..7].write.write."address_delta" as "address_delta" = 0.
2026-06-27 23:06:22 INFO        Calculated System.ws.PE[0..15].PEAccuBuffer[0..7].write.write."data_delta" as "data_delta" = 0.
2026-06-27 23:06:22 INFO        Calculated System.ws.PE[0..15].PEAccuBuffer[0..7].write.write."address_delta" as "address_delta" = 1.
2026-06-27 23:06:22 INFO        Calculated System.ws.PE[0..15].PEAccuBuffer[0..7].write.write."data_delta" as "data_delta" = 1.
2026-06-27 23:06:22 INFO        Calculated System.ws.PE[0..15].PEAccuBuffer[0..7].write.write."address_delta" as "address_delta" = 1.
2026-06-27 23:06:22 INFO        Calculated System.ws.PE[0..15].PEAccuBuffer[0..7].read.read."data_delta" as "data_delta" = 0.
2026-06-27 23:06:22 INFO        Calculated System.ws.PE[0..15].PEAccuBuffer[0..7].read.read."address_delta" as "address_delta" = 0.
2026-06-27 23:06:22 INFO        Calculated System.ws.PE[0..15].PEAccuBuffer[0..7].read.read."data_delta" as "data_delta" = 1.
2026-06-27 23:06:22 INFO        Calculated System.ws.PE[0..15].PEAccuBuffer[0..7].read.read."address_delta" as "address_delta" = 0.
2026-06-27 23:06:22 INFO        Calculated System.ws.PE[0..15].PEAccuBuffer[0..7].read.read."data_delta" as "data_delta" = 0.
2026-06-27 23:06:22 INFO        Calculated System.ws.PE[0..15].PEAccuBuffer[0..7].read.read."address_delta" as "address_delta" = 1.
2026-06-27 23:06:22 INFO        Calculated System.ws.PE[0..15].PEAccuBuffer[0..7].read.read."data_delta" as "data_delta" = 1.
2026-06-27 23:06:22 INFO        Calculated System.ws.PE[0..15].PEAccuBuffer[0..7].read.read."address_delta" as "address_delta" = 1.
2026-06-27 23:06:22 INFO        Calculated storage."technology" as "technology" = 45nm.
2026-06-27 23:06:22 INFO        Calculated storage."width" as "memory_width" = 32.
2026-06-27 23:06:22 INFO        Calculated storage."depth" as "memory_depth" = 1.
2026-06-27 23:06:22 INFO        Calculated storage."n_rdwr_ports" as "n_rdwr_ports" = 2.
2026-06-27 23:06:22 INFO        Calculated storage."n_banks" as "n_banks" = 1.
2026-06-27 23:06:22 INFO        Calculated address_generators[0..1]."technology" as "technology" = 45nm.
2026-06-27 23:06:22 INFO        Calculated address_generators[0..1]."width" as "log(memory_depth)" = 0.0.
2026-06-27 23:06:22 INFO        Calculated index range expression as "n_banks" = 1.
2026-06-27 23:06:22 INFO        Calculated index range expression as "n_banks" = 1.
2026-06-27 23:06:22 INFO        Calculated System.ws.PE[0..15].PEWeightRegs[0..63].write.write."data_delta" as "data_delta" = 0.
2026-06-27 23:06:22 INFO        Calculated System.ws.PE[0..15].PEWeightRegs[0..63].write.write."address_delta" as "address_delta" = 0.
2026-06-27 23:06:22 INFO        Calculated System.ws.PE[0..15].PEWeightRegs[0..63].write.write."data_delta" as "data_delta" = 1.
2026-06-27 23:06:22 INFO        Calculated System.ws.PE[0..15].PEWeightRegs[0..63].write.write."address_delta" as "address_delta" = 0.
2026-06-27 23:06:22 INFO        Calculated System.ws.PE[0..15].PEWeightRegs[0..63].write.write."data_delta" as "data_delta" = 0.
2026-06-27 23:06:22 INFO        Calculated System.ws.PE[0..15].PEWeightRegs[0..63].write.write."address_delta" as "address_delta" = 1.
2026-06-27 23:06:22 INFO        Calculated System.ws.PE[0..15].PEWeightRegs[0..63].write.write."data_delta" as "data_delta" = 1.
2026-06-27 23:06:22 INFO        Calculated System.ws.PE[0..15].PEWeightRegs[0..63].write.write."address_delta" as "address_delta" = 1.
2026-06-27 23:06:22 INFO        Calculated System.ws.PE[0..15].PEWeightRegs[0..63].read.read."data_delta" as "data_delta" = 0.
2026-06-27 23:06:22 INFO        Calculated System.ws.PE[0..15].PEWeightRegs[0..63].read.read."address_delta" as "address_delta" = 0.
2026-06-27 23:06:22 INFO        Calculated System.ws.PE[0..15].PEWeightRegs[0..63].read.read."data_delta" as "data_delta" = 1.
2026-06-27 23:06:22 INFO        Calculated System.ws.PE[0..15].PEWeightRegs[0..63].read.read."address_delta" as "address_delta" = 0.
2026-06-27 23:06:22 INFO        Calculated System.ws.PE[0..15].PEWeightRegs[0..63].read.read."data_delta" as "data_delta" = 0.
2026-06-27 23:06:22 INFO        Calculated System.ws.PE[0..15].PEWeightRegs[0..63].read.read."address_delta" as "address_delta" = 1.
2026-06-27 23:06:22 INFO        Calculated System.ws.PE[0..15].PEWeightRegs[0..63].read.read."data_delta" as "data_delta" = 1.
2026-06-27 23:06:22 INFO        Calculated System.ws.PE[0..15].PEWeightRegs[0..63].read.read."address_delta" as "address_delta" = 1.
2026-06-27 23:06:22 INFO        Calculated intmac."technology" as "technology" = 45nm.
2026-06-27 23:06:22 INFO        Calculated intmac."datawidth" as "datawidth" = 16.
2026-06-27 23:06:22 INFO        Calculated storage."technology" as "technology" = 45nm.
2026-06-27 23:06:22 INFO        Calculated storage."width" as "memory_width" = 512.
2026-06-27 23:06:22 INFO        Calculated storage."depth" as "memory_depth" = 2048.
2026-06-27 23:06:22 INFO        Calculated storage."n_rdwr_ports" as "n_rdwr_ports" = 2.
2026-06-27 23:06:22 INFO        Calculated storage."n_banks" as "n_banks" = 1.
2026-06-27 23:06:22 INFO        Calculated address_generators[0..1]."technology" as "technology" = 45nm.
2026-06-27 23:06:22 INFO        Calculated address_generators[0..1]."width" as "log(memory_depth)" = 7.6246189861593985.
2026-06-27 23:06:22 INFO        Calculated index range expression as "n_banks" = 1.
2026-06-27 23:06:22 INFO        Calculated index range expression as "n_banks" = 1.
2026-06-27 23:06:22 INFO        Calculated System.ws.GlobalBuffer.write.write."data_delta" as "data_delta" = 0.
2026-06-27 23:06:22 INFO        Calculated System.ws.GlobalBuffer.write.write."address_delta" as "address_delta" = 0.
2026-06-27 23:06:22 INFO        Calculated System.ws.GlobalBuffer.write.write."data_delta" as "data_delta" = 1.
2026-06-27 23:06:22 INFO        Calculated System.ws.GlobalBuffer.write.write."address_delta" as "address_delta" = 0.
2026-06-27 23:06:22 INFO        Calculated System.ws.GlobalBuffer.write.write."data_delta" as "data_delta" = 0.
2026-06-27 23:06:22 INFO        Calculated System.ws.GlobalBuffer.write.write."address_delta" as "address_delta" = 1.
2026-06-27 23:06:22 INFO        Calculated System.ws.GlobalBuffer.write.write."data_delta" as "data_delta" = 1.
2026-06-27 23:06:22 INFO        Calculated System.ws.GlobalBuffer.write.write."address_delta" as "address_delta" = 1.
2026-06-27 23:06:22 INFO        Calculated System.ws.GlobalBuffer.read.read."data_delta" as "data_delta" = 0.
2026-06-27 23:06:22 INFO        Calculated System.ws.GlobalBuffer.read.read."address_delta" as "address_delta" = 0.
2026-06-27 23:06:22 INFO        Calculated System.ws.GlobalBuffer.read.read."data_delta" as "data_delta" = 1.
2026-06-27 23:06:22 INFO        Calculated System.ws.GlobalBuffer.read.read."address_delta" as "address_delta" = 0.
2026-06-27 23:06:22 INFO        Calculated System.ws.GlobalBuffer.read.read."data_delta" as "data_delta" = 0.
2026-06-27 23:06:22 INFO        Calculated System.ws.GlobalBuffer.read.read."address_delta" as "address_delta" = 1.
2026-06-27 23:06:22 INFO        Calculated System.ws.GlobalBuffer.read.read."data_delta" as "data_delta" = 1.
2026-06-27 23:06:22 INFO        Calculated System.ws.GlobalBuffer.read.read."address_delta" as "address_delta" = 1.
2026-06-27 23:06:22 INFO        
2026-06-27 23:06:22 INFO        ENERGY ESTIMATION for SRAM(technology=45nm, width=128, depth=1024, n_rdwr_ports=2, n_banks=1, global_cycle_seconds=5e-10).write(data_delta=0, address_delta=0, global_cycle_seconds=5e-10)
2026-06-27 23:06:22 INFO        CactiSRAM estimated 0.0 with accuracy 80%. Messages:
2026-06-27 23:06:22 INFO        | Unused arguments (n_rdwr_ports, global_cycle_seconds) provided for ['SRAM', 'sram'].__init__. Arguments used: (technology, width, depth, n_banks)
2026-06-27 23:06:22 INFO        | Unused arguments (global_cycle_seconds) provided for ['SRAM', 'sram'].write. Arguments used: (data_delta, address_delta)
2026-06-27 23:06:22 INFO        | Calling CACTI with cache_size=16384 n_rw_ports=1 block_size=16 tech_node_um=0.045 n_banks=1 tag_size=0 associativity=1
2026-06-27 23:06:22 INFO        | Calling CACTI with input path /usr/local/share/accelergy/estimation_plug_ins/accelergy-cacti-plug-in/cacti_inputs_outputs/tmprkisjvfi
2026-06-27 23:06:22 INFO        | CACTI output will be written to /usr/local/share/accelergy/estimation_plug_ins/accelergy-cacti-plug-in/cacti_inputs_outputs/tmpio1d17rx
2026-06-27 23:06:22 INFO        | CACTI executable not found at /usr/local/share/accelergy/estimation_plug_ins/accelergy-cacti-plug-in/cacti/cacti
2026-06-27 23:06:22 INFO        | Calling: cd /usr/local/share/accelergy/estimation_plug_ins/accelergy-cacti-plug-in ; ./cacti -infile /usr/local/share/accelergy/estimation_plug_ins/accelergy-cacti-plug-in/cacti_inputs_outputs/tmprkisjvfi >> /usr/local/share/accelergy/estimation_plug_ins/accelergy-cacti-plug-in/cacti_inputs_outputs/tmpio1d17rx 2>&1
2026-06-27 23:06:22 INFO        | Cache bandwidth: 16.0 bytes/cycle
2026-06-27 23:06:22 INFO        | Cache bandwidth: 113563773156.36313 bits/second
2026-06-27 23:06:22 INFO        
2026-06-27 23:06:22 INFO        ENERGY ESTIMATION for intadder(technology=45nm, width=6.931471805599453, global_cycle_seconds=5e-10).count(global_cycle_seconds=5e-10)
2026-06-27 23:06:22 INFO        dummy estimated 1p with accuracy 1%. 
2026-06-27 23:06:22 INFO        Plug-ins provided accuracy, but failed to estimate:
2026-06-27 23:06:22 INFO        | Aladdin_table with accuracy 70% estimating value: KeyError: 'action_latency_cycles'
2026-06-27 23:06:22 INFO        
2026-06-27 23:06:22 INFO        ENERGY ESTIMATION for intadder(technology=45nm, width=6.931471805599453, global_cycle_seconds=5e-10).idle(global_cycle_seconds=5e-10)
2026-06-27 23:06:22 INFO        dummy estimated 1p with accuracy 1%. 
2026-06-27 23:06:22 INFO        Plug-ins provided accuracy, but failed to estimate:
2026-06-27 23:06:22 INFO        | Aladdin_table with accuracy 70% estimating value: KeyError: 'action_latency_cycles'
2026-06-27 23:06:22 INFO        
2026-06-27 23:06:22 INFO        ENERGY ESTIMATION for SRAM(technology=45nm, width=128, depth=1024, n_rdwr_ports=2, n_banks=1, global_cycle_seconds=5e-10).write(data_delta=1, address_delta=0, global_cycle_seconds=5e-10)
2026-06-27 23:06:22 INFO        CactiSRAM estimated 1.6255679999999998e-11 with accuracy 80%. Messages:
2026-06-27 23:06:22 INFO        | Unused arguments (n_rdwr_ports, global_cycle_seconds) provided for ['SRAM', 'sram'].__init__. Arguments used: (technology, width, depth, n_banks)
2026-06-27 23:06:22 INFO        | Unused arguments (global_cycle_seconds) provided for ['SRAM', 'sram'].write. Arguments used: (data_delta, address_delta)
2026-06-27 23:06:22 INFO        | Calling CACTI with cache_size=16384 n_rw_ports=1 block_size=16 tech_node_um=0.045 n_banks=1 tag_size=0 associativity=1
2026-06-27 23:06:22 INFO        | Calling CACTI with input path /usr/local/share/accelergy/estimation_plug_ins/accelergy-cacti-plug-in/cacti_inputs_outputs/tmppd10rsvp
2026-06-27 23:06:22 INFO        | CACTI output will be written to /usr/local/share/accelergy/estimation_plug_ins/accelergy-cacti-plug-in/cacti_inputs_outputs/tmp_y5p0fdy
2026-06-27 23:06:22 INFO        | CACTI executable not found at /usr/local/share/accelergy/estimation_plug_ins/accelergy-cacti-plug-in/cacti/cacti
2026-06-27 23:06:22 INFO        | Calling: cd /usr/local/share/accelergy/estimation_plug_ins/accelergy-cacti-plug-in ; ./cacti -infile /usr/local/share/accelergy/estimation_plug_ins/accelergy-cacti-plug-in/cacti_inputs_outputs/tmppd10rsvp >> /usr/local/share/accelergy/estimation_plug_ins/accelergy-cacti-plug-in/cacti_inputs_outputs/tmp_y5p0fdy 2>&1
2026-06-27 23:06:22 INFO        | Cache bandwidth: 16.0 bytes/cycle
2026-06-27 23:06:22 INFO        | Cache bandwidth: 113563773156.36313 bits/second
2026-06-27 23:06:22 INFO        
2026-06-27 23:06:22 INFO        ENERGY ESTIMATION for intadder(technology=45nm, width=6.931471805599453, global_cycle_seconds=5e-10).count(global_cycle_seconds=5e-10)
2026-06-27 23:06:22 INFO        dummy estimated 1p with accuracy 1%. 
2026-06-27 23:06:22 INFO        Plug-ins provided accuracy, but failed to estimate:
2026-06-27 23:06:22 INFO        | Aladdin_table with accuracy 70% estimating value: KeyError: 'action_latency_cycles'
2026-06-27 23:06:22 INFO        
2026-06-27 23:06:22 INFO        ENERGY ESTIMATION for intadder(technology=45nm, width=6.931471805599453, global_cycle_seconds=5e-10).idle(global_cycle_seconds=5e-10)
2026-06-27 23:06:22 INFO        dummy estimated 1p with accuracy 1%. 
2026-06-27 23:06:22 INFO        Plug-ins provided accuracy, but failed to estimate:
2026-06-27 23:06:22 INFO        | Aladdin_table with accuracy 70% estimating value: KeyError: 'action_latency_cycles'
2026-06-27 23:06:22 INFO        
2026-06-27 23:06:22 INFO        ENERGY ESTIMATION for SRAM(technology=45nm, width=128, depth=1024, n_rdwr_ports=2, n_banks=1, global_cycle_seconds=5e-10).write(data_delta=0, address_delta=1, global_cycle_seconds=5e-10)
2026-06-27 23:06:22 INFO        CactiSRAM estimated 6.96672e-12 with accuracy 80%. Messages:
2026-06-27 23:06:22 INFO        | Unused arguments (n_rdwr_ports, global_cycle_seconds) provided for ['SRAM', 'sram'].__init__. Arguments used: (technology, width, depth, n_banks)
2026-06-27 23:06:22 INFO        | Unused arguments (global_cycle_seconds) provided for ['SRAM', 'sram'].write. Arguments used: (data_delta, address_delta)
2026-06-27 23:06:22 INFO        | Calling CACTI with cache_size=16384 n_rw_ports=1 block_size=16 tech_node_um=0.045 n_banks=1 tag_size=0 associativity=1
2026-06-27 23:06:22 INFO        | Calling CACTI with input path /usr/local/share/accelergy/estimation_plug_ins/accelergy-cacti-plug-in/cacti_inputs_outputs/tmpiva1i5_b
2026-06-27 23:06:22 INFO        | CACTI output will be written to /usr/local/share/accelergy/estimation_plug_ins/accelergy-cacti-plug-in/cacti_inputs_outputs/tmpkm_zepqk
2026-06-27 23:06:22 INFO        | CACTI executable not found at /usr/local/share/accelergy/estimation_plug_ins/accelergy-cacti-plug-in/cacti/cacti
2026-06-27 23:06:22 INFO        | Calling: cd /usr/local/share/accelergy/estimation_plug_ins/accelergy-cacti-plug-in ; ./cacti -infile /usr/local/share/accelergy/estimation_plug_ins/accelergy-cacti-plug-in/cacti_inputs_outputs/tmpiva1i5_b >> /usr/local/share/accelergy/estimation_plug_ins/accelergy-cacti-plug-in/cacti_inputs_outputs/tmpkm_zepqk 2>&1
2026-06-27 23:06:22 INFO        | Cache bandwidth: 16.0 bytes/cycle
2026-06-27 23:06:22 INFO        | Cache bandwidth: 113563773156.36313 bits/second
2026-06-27 23:06:22 INFO        
2026-06-27 23:06:22 INFO        ENERGY ESTIMATION for intadder(technology=45nm, width=6.931471805599453, global_cycle_seconds=5e-10).count(global_cycle_seconds=5e-10)
2026-06-27 23:06:22 INFO        dummy estimated 1p with accuracy 1%. 
2026-06-27 23:06:22 INFO        Plug-ins provided accuracy, but failed to estimate:
2026-06-27 23:06:22 INFO        | Aladdin_table with accuracy 70% estimating value: KeyError: 'action_latency_cycles'
2026-06-27 23:06:22 INFO        
2026-06-27 23:06:22 INFO        ENERGY ESTIMATION for intadder(technology=45nm, width=6.931471805599453, global_cycle_seconds=5e-10).idle(global_cycle_seconds=5e-10)
2026-06-27 23:06:22 INFO        dummy estimated 1p with accuracy 1%. 
2026-06-27 23:06:22 INFO        Plug-ins provided accuracy, but failed to estimate:
2026-06-27 23:06:22 INFO        | Aladdin_table with accuracy 70% estimating value: KeyError: 'action_latency_cycles'
2026-06-27 23:06:22 INFO        
2026-06-27 23:06:22 INFO        ENERGY ESTIMATION for SRAM(technology=45nm, width=128, depth=1024, n_rdwr_ports=2, n_banks=1, global_cycle_seconds=5e-10).write(data_delta=1, address_delta=1, global_cycle_seconds=5e-10)
2026-06-27 23:06:23 INFO        CactiSRAM estimated 2.32224e-11 with accuracy 80%. Messages:
2026-06-27 23:06:23 INFO        | Unused arguments (n_rdwr_ports, global_cycle_seconds) provided for ['SRAM', 'sram'].__init__. Arguments used: (technology, width, depth, n_banks)
2026-06-27 23:06:23 INFO        | Unused arguments (global_cycle_seconds) provided for ['SRAM', 'sram'].write. Arguments used: (data_delta, address_delta)
2026-06-27 23:06:23 INFO        | Calling CACTI with cache_size=16384 n_rw_ports=1 block_size=16 tech_node_um=0.045 n_banks=1 tag_size=0 associativity=1
2026-06-27 23:06:23 INFO        | Calling CACTI with input path /usr/local/share/accelergy/estimation_plug_ins/accelergy-cacti-plug-in/cacti_inputs_outputs/tmp6tebaim0
2026-06-27 23:06:23 INFO        | CACTI output will be written to /usr/local/share/accelergy/estimation_plug_ins/accelergy-cacti-plug-in/cacti_inputs_outputs/tmpwbgy47tz
2026-06-27 23:06:23 INFO        | CACTI executable not found at /usr/local/share/accelergy/estimation_plug_ins/accelergy-cacti-plug-in/cacti/cacti
2026-06-27 23:06:23 INFO        | Calling: cd /usr/local/share/accelergy/estimation_plug_ins/accelergy-cacti-plug-in ; ./cacti -infile /usr/local/share/accelergy/estimation_plug_ins/accelergy-cacti-plug-in/cacti_inputs_outputs/tmp6tebaim0 >> /usr/local/share/accelergy/estimation_plug_ins/accelergy-cacti-plug-in/cacti_inputs_outputs/tmpwbgy47tz 2>&1
2026-06-27 23:06:23 INFO        | Cache bandwidth: 16.0 bytes/cycle
2026-06-27 23:06:23 INFO        | Cache bandwidth: 113563773156.36313 bits/second
2026-06-27 23:06:23 INFO        
2026-06-27 23:06:23 INFO        ENERGY ESTIMATION for intadder(technology=45nm, width=6.931471805599453, global_cycle_seconds=5e-10).count(global_cycle_seconds=5e-10)
2026-06-27 23:06:23 INFO        dummy estimated 1p with accuracy 1%. 
2026-06-27 23:06:23 INFO        Plug-ins provided accuracy, but failed to estimate:
2026-06-27 23:06:23 INFO        | Aladdin_table with accuracy 70% estimating value: KeyError: 'action_latency_cycles'
2026-06-27 23:06:23 INFO        
2026-06-27 23:06:23 INFO        ENERGY ESTIMATION for intadder(technology=45nm, width=6.931471805599453, global_cycle_seconds=5e-10).idle(global_cycle_seconds=5e-10)
2026-06-27 23:06:23 INFO        dummy estimated 1p with accuracy 1%. 
2026-06-27 23:06:23 INFO        Plug-ins provided accuracy, but failed to estimate:
2026-06-27 23:06:23 INFO        | Aladdin_table with accuracy 70% estimating value: KeyError: 'action_latency_cycles'
2026-06-27 23:06:23 INFO        
2026-06-27 23:06:23 INFO        ENERGY ESTIMATION for SRAM(technology=45nm, width=128, depth=1024, n_rdwr_ports=2, n_banks=1, global_cycle_seconds=5e-10).read(data_delta=0, address_delta=0, global_cycle_seconds=5e-10)
2026-06-27 23:06:23 INFO        CactiSRAM estimated 0.0 with accuracy 80%. Messages:
2026-06-27 23:06:23 INFO        | Unused arguments (n_rdwr_ports, global_cycle_seconds) provided for ['SRAM', 'sram'].__init__. Arguments used: (technology, width, depth, n_banks)
2026-06-27 23:06:23 INFO        | Unused arguments (global_cycle_seconds) provided for ['SRAM', 'sram'].read. Arguments used: (data_delta, address_delta)
2026-06-27 23:06:23 INFO        | Calling CACTI with cache_size=16384 n_rw_ports=1 block_size=16 tech_node_um=0.045 n_banks=1 tag_size=0 associativity=1
2026-06-27 23:06:23 INFO        | Calling CACTI with input path /usr/local/share/accelergy/estimation_plug_ins/accelergy-cacti-plug-in/cacti_inputs_outputs/tmpa9tx1kuo
2026-06-27 23:06:23 INFO        | CACTI output will be written to /usr/local/share/accelergy/estimation_plug_ins/accelergy-cacti-plug-in/cacti_inputs_outputs/tmp9sbkgh0l
2026-06-27 23:06:23 INFO        | CACTI executable not found at /usr/local/share/accelergy/estimation_plug_ins/accelergy-cacti-plug-in/cacti/cacti
2026-06-27 23:06:23 INFO        | Calling: cd /usr/local/share/accelergy/estimation_plug_ins/accelergy-cacti-plug-in ; ./cacti -infile /usr/local/share/accelergy/estimation_plug_ins/accelergy-cacti-plug-in/cacti_inputs_outputs/tmpa9tx1kuo >> /usr/local/share/accelergy/estimation_plug_ins/accelergy-cacti-plug-in/cacti_inputs_outputs/tmp9sbkgh0l 2>&1
2026-06-27 23:06:23 INFO        | Cache bandwidth: 16.0 bytes/cycle
2026-06-27 23:06:23 INFO        | Cache bandwidth: 113563773156.36313 bits/second
2026-06-27 23:06:23 INFO        
2026-06-27 23:06:23 INFO        ENERGY ESTIMATION for intadder(technology=45nm, width=6.931471805599453, global_cycle_seconds=5e-10).add(global_cycle_seconds=5e-10)
2026-06-27 23:06:23 INFO        dummy estimated 1p with accuracy 1%. 
2026-06-27 23:06:23 INFO        Plug-ins provided accuracy, but failed to estimate:
2026-06-27 23:06:23 INFO        | Aladdin_table with accuracy 70% estimating value: KeyError: 'action_latency_cycles'
2026-06-27 23:06:23 INFO        
2026-06-27 23:06:23 INFO        ENERGY ESTIMATION for intadder(technology=45nm, width=6.931471805599453, global_cycle_seconds=5e-10).idle(global_cycle_seconds=5e-10)
2026-06-27 23:06:23 INFO        dummy estimated 1p with accuracy 1%. 
2026-06-27 23:06:23 INFO        Plug-ins provided accuracy, but failed to estimate:
2026-06-27 23:06:23 INFO        | Aladdin_table with accuracy 70% estimating value: KeyError: 'action_latency_cycles'
2026-06-27 23:06:23 INFO        
2026-06-27 23:06:23 INFO        ENERGY ESTIMATION for SRAM(technology=45nm, width=128, depth=1024, n_rdwr_ports=2, n_banks=1, global_cycle_seconds=5e-10).read(data_delta=1, address_delta=0, global_cycle_seconds=5e-10)
2026-06-27 23:06:23 INFO        CactiSRAM estimated 7.523669999999999e-12 with accuracy 80%. Messages:
2026-06-27 23:06:23 INFO        | Unused arguments (n_rdwr_ports, global_cycle_seconds) provided for ['SRAM', 'sram'].__init__. Arguments used: (technology, width, depth, n_banks)
2026-06-27 23:06:23 INFO        | Unused arguments (global_cycle_seconds) provided for ['SRAM', 'sram'].read. Arguments used: (data_delta, address_delta)
2026-06-27 23:06:23 INFO        | Calling CACTI with cache_size=16384 n_rw_ports=1 block_size=16 tech_node_um=0.045 n_banks=1 tag_size=0 associativity=1
2026-06-27 23:06:23 INFO        | Calling CACTI with input path /usr/local/share/accelergy/estimation_plug_ins/accelergy-cacti-plug-in/cacti_inputs_outputs/tmph6jjkpxv
2026-06-27 23:06:23 INFO        | CACTI output will be written to /usr/local/share/accelergy/estimation_plug_ins/accelergy-cacti-plug-in/cacti_inputs_outputs/tmpnr_jtzv6
2026-06-27 23:06:23 INFO        | CACTI executable not found at /usr/local/share/accelergy/estimation_plug_ins/accelergy-cacti-plug-in/cacti/cacti
2026-06-27 23:06:23 INFO        | Calling: cd /usr/local/share/accelergy/estimation_plug_ins/accelergy-cacti-plug-in ; ./cacti -infile /usr/local/share/accelergy/estimation_plug_ins/accelergy-cacti-plug-in/cacti_inputs_outputs/tmph6jjkpxv >> /usr/local/share/accelergy/estimation_plug_ins/accelergy-cacti-plug-in/cacti_inputs_outputs/tmpnr_jtzv6 2>&1
2026-06-27 23:06:23 INFO        | Cache bandwidth: 16.0 bytes/cycle
2026-06-27 23:06:23 INFO        | Cache bandwidth: 113563773156.36313 bits/second
2026-06-27 23:06:23 INFO        
2026-06-27 23:06:23 INFO        ENERGY ESTIMATION for intadder(technology=45nm, width=6.931471805599453, global_cycle_seconds=5e-10).add(global_cycle_seconds=5e-10)
2026-06-27 23:06:23 INFO        dummy estimated 1p with accuracy 1%. 
2026-06-27 23:06:23 INFO        Plug-ins provided accuracy, but failed to estimate:
2026-06-27 23:06:23 INFO        | Aladdin_table with accuracy 70% estimating value: KeyError: 'action_latency_cycles'
2026-06-27 23:06:23 INFO        
2026-06-27 23:06:23 INFO        ENERGY ESTIMATION for intadder(technology=45nm, width=6.931471805599453, global_cycle_seconds=5e-10).idle(global_cycle_seconds=5e-10)
2026-06-27 23:06:23 INFO        dummy estimated 1p with accuracy 1%. 
2026-06-27 23:06:23 INFO        Plug-ins provided accuracy, but failed to estimate:
2026-06-27 23:06:23 INFO        | Aladdin_table with accuracy 70% estimating value: KeyError: 'action_latency_cycles'
2026-06-27 23:06:23 INFO        
2026-06-27 23:06:23 INFO        ENERGY ESTIMATION for SRAM(technology=45nm, width=128, depth=1024, n_rdwr_ports=2, n_banks=1, global_cycle_seconds=5e-10).read(data_delta=0, address_delta=1, global_cycle_seconds=5e-10)
2026-06-27 23:06:24 INFO        CactiSRAM estimated 3.22443e-12 with accuracy 80%. Messages:
2026-06-27 23:06:24 INFO        | Unused arguments (n_rdwr_ports, global_cycle_seconds) provided for ['SRAM', 'sram'].__init__. Arguments used: (technology, width, depth, n_banks)
2026-06-27 23:06:24 INFO        | Unused arguments (global_cycle_seconds) provided for ['SRAM', 'sram'].read. Arguments used: (data_delta, address_delta)
2026-06-27 23:06:24 INFO        | Calling CACTI with cache_size=16384 n_rw_ports=1 block_size=16 tech_node_um=0.045 n_banks=1 tag_size=0 associativity=1
2026-06-27 23:06:24 INFO        | Calling CACTI with input path /usr/local/share/accelergy/estimation_plug_ins/accelergy-cacti-plug-in/cacti_inputs_outputs/tmpe90f7ojc
2026-06-27 23:06:24 INFO        | CACTI output will be written to /usr/local/share/accelergy/estimation_plug_ins/accelergy-cacti-plug-in/cacti_inputs_outputs/tmppwksthmk
2026-06-27 23:06:24 INFO        | CACTI executable not found at /usr/local/share/accelergy/estimation_plug_ins/accelergy-cacti-plug-in/cacti/cacti
2026-06-27 23:06:24 INFO        | Calling: cd /usr/local/share/accelergy/estimation_plug_ins/accelergy-cacti-plug-in ; ./cacti -infile /usr/local/share/accelergy/estimation_plug_ins/accelergy-cacti-plug-in/cacti_inputs_outputs/tmpe90f7ojc >> /usr/local/share/accelergy/estimation_plug_ins/accelergy-cacti-plug-in/cacti_inputs_outputs/tmppwksthmk 2>&1
2026-06-27 23:06:24 INFO        | Cache bandwidth: 16.0 bytes/cycle
2026-06-27 23:06:24 INFO        | Cache bandwidth: 113563773156.36313 bits/second
2026-06-27 23:06:24 INFO        
2026-06-27 23:06:24 INFO        ENERGY ESTIMATION for intadder(technology=45nm, width=6.931471805599453, global_cycle_seconds=5e-10).add(global_cycle_seconds=5e-10)
2026-06-27 23:06:24 INFO        dummy estimated 1p with accuracy 1%. 
2026-06-27 23:06:24 INFO        Plug-ins provided accuracy, but failed to estimate:
2026-06-27 23:06:24 INFO        | Aladdin_table with accuracy 70% estimating value: KeyError: 'action_latency_cycles'
2026-06-27 23:06:24 INFO        
2026-06-27 23:06:24 INFO        ENERGY ESTIMATION for intadder(technology=45nm, width=6.931471805599453, global_cycle_seconds=5e-10).idle(global_cycle_seconds=5e-10)
2026-06-27 23:06:24 INFO        dummy estimated 1p with accuracy 1%. 
2026-06-27 23:06:24 INFO        Plug-ins provided accuracy, but failed to estimate:
2026-06-27 23:06:24 INFO        | Aladdin_table with accuracy 70% estimating value: KeyError: 'action_latency_cycles'
2026-06-27 23:06:24 INFO        
2026-06-27 23:06:24 INFO        ENERGY ESTIMATION for SRAM(technology=45nm, width=128, depth=1024, n_rdwr_ports=2, n_banks=1, global_cycle_seconds=5e-10).read(data_delta=1, address_delta=1, global_cycle_seconds=5e-10)
2026-06-27 23:06:24 INFO        CactiSRAM estimated 1.07481e-11 with accuracy 80%. Messages:
2026-06-27 23:06:24 INFO        | Unused arguments (n_rdwr_ports, global_cycle_seconds) provided for ['SRAM', 'sram'].__init__. Arguments used: (technology, width, depth, n_banks)
2026-06-27 23:06:24 INFO        | Unused arguments (global_cycle_seconds) provided for ['SRAM', 'sram'].read. Arguments used: (data_delta, address_delta)
2026-06-27 23:06:24 INFO        | Calling CACTI with cache_size=16384 n_rw_ports=1 block_size=16 tech_node_um=0.045 n_banks=1 tag_size=0 associativity=1
2026-06-27 23:06:24 INFO        | Calling CACTI with input path /usr/local/share/accelergy/estimation_plug_ins/accelergy-cacti-plug-in/cacti_inputs_outputs/tmp3_sf4r61
2026-06-27 23:06:24 INFO        | CACTI output will be written to /usr/local/share/accelergy/estimation_plug_ins/accelergy-cacti-plug-in/cacti_inputs_outputs/tmpl54jqs2g
2026-06-27 23:06:24 INFO        | CACTI executable not found at /usr/local/share/accelergy/estimation_plug_ins/accelergy-cacti-plug-in/cacti/cacti
2026-06-27 23:06:24 INFO        | Calling: cd /usr/local/share/accelergy/estimation_plug_ins/accelergy-cacti-plug-in ; ./cacti -infile /usr/local/share/accelergy/estimation_plug_ins/accelergy-cacti-plug-in/cacti_inputs_outputs/tmp3_sf4r61 >> /usr/local/share/accelergy/estimation_plug_ins/accelergy-cacti-plug-in/cacti_inputs_outputs/tmpl54jqs2g 2>&1
2026-06-27 23:06:24 INFO        | Cache bandwidth: 16.0 bytes/cycle
2026-06-27 23:06:24 INFO        | Cache bandwidth: 113563773156.36313 bits/second
2026-06-27 23:06:24 INFO        
2026-06-27 23:06:24 INFO        ENERGY ESTIMATION for intadder(technology=45nm, width=6.931471805599453, global_cycle_seconds=5e-10).add(global_cycle_seconds=5e-10)
2026-06-27 23:06:24 INFO        dummy estimated 1p with accuracy 1%. 
2026-06-27 23:06:24 INFO        Plug-ins provided accuracy, but failed to estimate:
2026-06-27 23:06:24 INFO        | Aladdin_table with accuracy 70% estimating value: KeyError: 'action_latency_cycles'
2026-06-27 23:06:24 INFO        
2026-06-27 23:06:24 INFO        ENERGY ESTIMATION for intadder(technology=45nm, width=6.931471805599453, global_cycle_seconds=5e-10).idle(global_cycle_seconds=5e-10)
2026-06-27 23:06:24 INFO        dummy estimated 1p with accuracy 1%. 
2026-06-27 23:06:24 INFO        Plug-ins provided accuracy, but failed to estimate:
2026-06-27 23:06:24 INFO        | Aladdin_table with accuracy 70% estimating value: KeyError: 'action_latency_cycles'
2026-06-27 23:06:24 INFO        
2026-06-27 23:06:24 INFO        ENERGY ESTIMATION for SRAM(technology=45nm, width=128, depth=1024, n_rdwr_ports=2, n_banks=1, global_cycle_seconds=5e-10).idle(global_cycle_seconds=5e-10)
2026-06-27 23:06:24 INFO        CactiSRAM estimated 0 with accuracy 80%. Messages:
2026-06-27 23:06:24 INFO        | Unused arguments (n_rdwr_ports, global_cycle_seconds) provided for ['SRAM', 'sram'].__init__. Arguments used: (technology, width, depth, n_banks)
2026-06-27 23:06:24 INFO        | Unused arguments (global_cycle_seconds) provided for ['SRAM', 'sram'].idle. Arguments used: ()
2026-06-27 23:06:24 INFO        
2026-06-27 23:06:24 INFO        ENERGY ESTIMATION for intadder(technology=45nm, width=6.931471805599453, global_cycle_seconds=5e-10).idle(global_cycle_seconds=5e-10)
2026-06-27 23:06:24 INFO        dummy estimated 1p with accuracy 1%. 
2026-06-27 23:06:24 INFO        Plug-ins provided accuracy, but failed to estimate:
2026-06-27 23:06:24 INFO        | Aladdin_table with accuracy 70% estimating value: KeyError: 'action_latency_cycles'
2026-06-27 23:06:24 INFO        
2026-06-27 23:06:24 INFO        ENERGY ESTIMATION for SRAM(technology=45nm, width=128, depth=512, n_rdwr_ports=2, n_banks=1, global_cycle_seconds=5e-10).write(data_delta=0, address_delta=0, global_cycle_seconds=5e-10)
2026-06-27 23:06:24 INFO        CactiSRAM estimated 0.0 with accuracy 80%. Messages:
2026-06-27 23:06:24 INFO        | Unused arguments (n_rdwr_ports, global_cycle_seconds) provided for ['SRAM', 'sram'].__init__. Arguments used: (technology, width, depth, n_banks)
2026-06-27 23:06:24 INFO        | Unused arguments (global_cycle_seconds) provided for ['SRAM', 'sram'].write. Arguments used: (data_delta, address_delta)
2026-06-27 23:06:24 INFO        | Calling CACTI with cache_size=8192 n_rw_ports=1 block_size=16 tech_node_um=0.045 n_banks=1 tag_size=0 associativity=1
2026-06-27 23:06:24 INFO        | Calling CACTI with input path /usr/local/share/accelergy/estimation_plug_ins/accelergy-cacti-plug-in/cacti_inputs_outputs/tmpjm98cq4r
2026-06-27 23:06:24 INFO        | CACTI output will be written to /usr/local/share/accelergy/estimation_plug_ins/accelergy-cacti-plug-in/cacti_inputs_outputs/tmpqrz53kw9
2026-06-27 23:06:24 INFO        | CACTI executable not found at /usr/local/share/accelergy/estimation_plug_ins/accelergy-cacti-plug-in/cacti/cacti
2026-06-27 23:06:24 INFO        | Calling: cd /usr/local/share/accelergy/estimation_plug_ins/accelergy-cacti-plug-in ; ./cacti -infile /usr/local/share/accelergy/estimation_plug_ins/accelergy-cacti-plug-in/cacti_inputs_outputs/tmpjm98cq4r >> /usr/local/share/accelergy/estimation_plug_ins/accelergy-cacti-plug-in/cacti_inputs_outputs/tmpqrz53kw9 2>&1
2026-06-27 23:06:24 INFO        | Cache bandwidth: 16.0 bytes/cycle
2026-06-27 23:06:24 INFO        | Cache bandwidth: 144426980313.92557 bits/second
2026-06-27 23:06:24 INFO        
2026-06-27 23:06:24 INFO        ENERGY ESTIMATION for intadder(technology=45nm, width=6.238324625039508, global_cycle_seconds=5e-10).count(global_cycle_seconds=5e-10)
2026-06-27 23:06:24 INFO        dummy estimated 1p with accuracy 1%. 
2026-06-27 23:06:24 INFO        Plug-ins provided accuracy, but failed to estimate:
2026-06-27 23:06:24 INFO        | Aladdin_table with accuracy 70% estimating value: KeyError: 'action_latency_cycles'
2026-06-27 23:06:24 INFO        
2026-06-27 23:06:24 INFO        ENERGY ESTIMATION for intadder(technology=45nm, width=6.238324625039508, global_cycle_seconds=5e-10).idle(global_cycle_seconds=5e-10)
2026-06-27 23:06:24 INFO        dummy estimated 1p with accuracy 1%. 
2026-06-27 23:06:24 INFO        Plug-ins provided accuracy, but failed to estimate:
2026-06-27 23:06:24 INFO        | Aladdin_table with accuracy 70% estimating value: KeyError: 'action_latency_cycles'
2026-06-27 23:06:24 INFO        
2026-06-27 23:06:24 INFO        ENERGY ESTIMATION for SRAM(technology=45nm, width=128, depth=512, n_rdwr_ports=2, n_banks=1, global_cycle_seconds=5e-10).write(data_delta=1, address_delta=0, global_cycle_seconds=5e-10)
2026-06-27 23:06:24 INFO        CactiSRAM estimated 9.83668e-12 with accuracy 80%. Messages:
2026-06-27 23:06:24 INFO        | Unused arguments (n_rdwr_ports, global_cycle_seconds) provided for ['SRAM', 'sram'].__init__. Arguments used: (technology, width, depth, n_banks)
2026-06-27 23:06:24 INFO        | Unused arguments (global_cycle_seconds) provided for ['SRAM', 'sram'].write. Arguments used: (data_delta, address_delta)
2026-06-27 23:06:24 INFO        | Calling CACTI with cache_size=8192 n_rw_ports=1 block_size=16 tech_node_um=0.045 n_banks=1 tag_size=0 associativity=1
2026-06-27 23:06:24 INFO        | Calling CACTI with input path /usr/local/share/accelergy/estimation_plug_ins/accelergy-cacti-plug-in/cacti_inputs_outputs/tmpf897e_0g
2026-06-27 23:06:24 INFO        | CACTI output will be written to /usr/local/share/accelergy/estimation_plug_ins/accelergy-cacti-plug-in/cacti_inputs_outputs/tmp35409vxu
2026-06-27 23:06:24 INFO        | CACTI executable not found at /usr/local/share/accelergy/estimation_plug_ins/accelergy-cacti-plug-in/cacti/cacti
2026-06-27 23:06:24 INFO        | Calling: cd /usr/local/share/accelergy/estimation_plug_ins/accelergy-cacti-plug-in ; ./cacti -infile /usr/local/share/accelergy/estimation_plug_ins/accelergy-cacti-plug-in/cacti_inputs_outputs/tmpf897e_0g >> /usr/local/share/accelergy/estimation_plug_ins/accelergy-cacti-plug-in/cacti_inputs_outputs/tmp35409vxu 2>&1
2026-06-27 23:06:24 INFO        | Cache bandwidth: 16.0 bytes/cycle
2026-06-27 23:06:24 INFO        | Cache bandwidth: 144426980313.92557 bits/second
2026-06-27 23:06:24 INFO        
2026-06-27 23:06:24 INFO        ENERGY ESTIMATION for intadder(technology=45nm, width=6.238324625039508, global_cycle_seconds=5e-10).count(global_cycle_seconds=5e-10)
2026-06-27 23:06:24 INFO        dummy estimated 1p with accuracy 1%. 
2026-06-27 23:06:24 INFO        Plug-ins provided accuracy, but failed to estimate:
2026-06-27 23:06:24 INFO        | Aladdin_table with accuracy 70% estimating value: KeyError: 'action_latency_cycles'
2026-06-27 23:06:24 INFO        
2026-06-27 23:06:24 INFO        ENERGY ESTIMATION for intadder(technology=45nm, width=6.238324625039508, global_cycle_seconds=5e-10).idle(global_cycle_seconds=5e-10)
2026-06-27 23:06:24 INFO        dummy estimated 1p with accuracy 1%. 
2026-06-27 23:06:24 INFO        Plug-ins provided accuracy, but failed to estimate:
2026-06-27 23:06:24 INFO        | Aladdin_table with accuracy 70% estimating value: KeyError: 'action_latency_cycles'
2026-06-27 23:06:24 INFO        
2026-06-27 23:06:24 INFO        ENERGY ESTIMATION for SRAM(technology=45nm, width=128, depth=512, n_rdwr_ports=2, n_banks=1, global_cycle_seconds=5e-10).write(data_delta=0, address_delta=1, global_cycle_seconds=5e-10)
2026-06-27 23:06:24 INFO        CactiSRAM estimated 4.21572e-12 with accuracy 80%. Messages:
2026-06-27 23:06:24 INFO        | Unused arguments (n_rdwr_ports, global_cycle_seconds) provided for ['SRAM', 'sram'].__init__. Arguments used: (technology, width, depth, n_banks)
2026-06-27 23:06:24 INFO        | Unused arguments (global_cycle_seconds) provided for ['SRAM', 'sram'].write. Arguments used: (data_delta, address_delta)
2026-06-27 23:06:24 INFO        | Calling CACTI with cache_size=8192 n_rw_ports=1 block_size=16 tech_node_um=0.045 n_banks=1 tag_size=0 associativity=1
2026-06-27 23:06:24 INFO        | Calling CACTI with input path /usr/local/share/accelergy/estimation_plug_ins/accelergy-cacti-plug-in/cacti_inputs_outputs/tmple4mk8qv
2026-06-27 23:06:24 INFO        | CACTI output will be written to /usr/local/share/accelergy/estimation_plug_ins/accelergy-cacti-plug-in/cacti_inputs_outputs/tmpfw04kure
2026-06-27 23:06:24 INFO        | CACTI executable not found at /usr/local/share/accelergy/estimation_plug_ins/accelergy-cacti-plug-in/cacti/cacti
2026-06-27 23:06:24 INFO        | Calling: cd /usr/local/share/accelergy/estimation_plug_ins/accelergy-cacti-plug-in ; ./cacti -infile /usr/local/share/accelergy/estimation_plug_ins/accelergy-cacti-plug-in/cacti_inputs_outputs/tmple4mk8qv >> /usr/local/share/accelergy/estimation_plug_ins/accelergy-cacti-plug-in/cacti_inputs_outputs/tmpfw04kure 2>&1
2026-06-27 23:06:24 INFO        | Cache bandwidth: 16.0 bytes/cycle
2026-06-27 23:06:24 INFO        | Cache bandwidth: 144426980313.92557 bits/second
2026-06-27 23:06:24 INFO        
2026-06-27 23:06:24 INFO        ENERGY ESTIMATION for intadder(technology=45nm, width=6.238324625039508, global_cycle_seconds=5e-10).count(global_cycle_seconds=5e-10)
2026-06-27 23:06:24 INFO        dummy estimated 1p with accuracy 1%. 
2026-06-27 23:06:24 INFO        Plug-ins provided accuracy, but failed to estimate:
2026-06-27 23:06:24 INFO        | Aladdin_table with accuracy 70% estimating value: KeyError: 'action_latency_cycles'
2026-06-27 23:06:24 INFO        
2026-06-27 23:06:24 INFO        ENERGY ESTIMATION for intadder(technology=45nm, width=6.238324625039508, global_cycle_seconds=5e-10).idle(global_cycle_seconds=5e-10)
2026-06-27 23:06:24 INFO        dummy estimated 1p with accuracy 1%. 
2026-06-27 23:06:24 INFO        Plug-ins provided accuracy, but failed to estimate:
2026-06-27 23:06:24 INFO        | Aladdin_table with accuracy 70% estimating value: KeyError: 'action_latency_cycles'
2026-06-27 23:06:24 INFO        
2026-06-27 23:06:24 INFO        ENERGY ESTIMATION for SRAM(technology=45nm, width=128, depth=512, n_rdwr_ports=2, n_banks=1, global_cycle_seconds=5e-10).write(data_delta=1, address_delta=1, global_cycle_seconds=5e-10)
2026-06-27 23:06:24 INFO        CactiSRAM estimated 1.40524e-11 with accuracy 80%. Messages:
2026-06-27 23:06:24 INFO        | Unused arguments (n_rdwr_ports, global_cycle_seconds) provided for ['SRAM', 'sram'].__init__. Arguments used: (technology, width, depth, n_banks)
2026-06-27 23:06:24 INFO        | Unused arguments (global_cycle_seconds) provided for ['SRAM', 'sram'].write. Arguments used: (data_delta, address_delta)
2026-06-27 23:06:24 INFO        | Calling CACTI with cache_size=8192 n_rw_ports=1 block_size=16 tech_node_um=0.045 n_banks=1 tag_size=0 associativity=1
2026-06-27 23:06:24 INFO        | Calling CACTI with input path /usr/local/share/accelergy/estimation_plug_ins/accelergy-cacti-plug-in/cacti_inputs_outputs/tmpt24i_ia3
2026-06-27 23:06:24 INFO        | CACTI output will be written to /usr/local/share/accelergy/estimation_plug_ins/accelergy-cacti-plug-in/cacti_inputs_outputs/tmpa8ib_iaf
2026-06-27 23:06:24 INFO        | CACTI executable not found at /usr/local/share/accelergy/estimation_plug_ins/accelergy-cacti-plug-in/cacti/cacti
2026-06-27 23:06:24 INFO        | Calling: cd /usr/local/share/accelergy/estimation_plug_ins/accelergy-cacti-plug-in ; ./cacti -infile /usr/local/share/accelergy/estimation_plug_ins/accelergy-cacti-plug-in/cacti_inputs_outputs/tmpt24i_ia3 >> /usr/local/share/accelergy/estimation_plug_ins/accelergy-cacti-plug-in/cacti_inputs_outputs/tmpa8ib_iaf 2>&1
2026-06-27 23:06:24 INFO        | Cache bandwidth: 16.0 bytes/cycle
2026-06-27 23:06:24 INFO        | Cache bandwidth: 144426980313.92557 bits/second
2026-06-27 23:06:24 INFO        
2026-06-27 23:06:24 INFO        ENERGY ESTIMATION for intadder(technology=45nm, width=6.238324625039508, global_cycle_seconds=5e-10).count(global_cycle_seconds=5e-10)
2026-06-27 23:06:24 INFO        dummy estimated 1p with accuracy 1%. 
2026-06-27 23:06:24 INFO        Plug-ins provided accuracy, but failed to estimate:
2026-06-27 23:06:24 INFO        | Aladdin_table with accuracy 70% estimating value: KeyError: 'action_latency_cycles'
2026-06-27 23:06:24 INFO        
2026-06-27 23:06:24 INFO        ENERGY ESTIMATION for intadder(technology=45nm, width=6.238324625039508, global_cycle_seconds=5e-10).idle(global_cycle_seconds=5e-10)
2026-06-27 23:06:24 INFO        dummy estimated 1p with accuracy 1%. 
2026-06-27 23:06:24 INFO        Plug-ins provided accuracy, but failed to estimate:
2026-06-27 23:06:24 INFO        | Aladdin_table with accuracy 70% estimating value: KeyError: 'action_latency_cycles'
2026-06-27 23:06:24 INFO        
2026-06-27 23:06:24 INFO        ENERGY ESTIMATION for SRAM(technology=45nm, width=128, depth=512, n_rdwr_ports=2, n_banks=1, global_cycle_seconds=5e-10).read(data_delta=0, address_delta=0, global_cycle_seconds=5e-10)
2026-06-27 23:06:25 INFO        CactiSRAM estimated 0.0 with accuracy 80%. Messages:
2026-06-27 23:06:25 INFO        | Unused arguments (n_rdwr_ports, global_cycle_seconds) provided for ['SRAM', 'sram'].__init__. Arguments used: (technology, width, depth, n_banks)
2026-06-27 23:06:25 INFO        | Unused arguments (global_cycle_seconds) provided for ['SRAM', 'sram'].read. Arguments used: (data_delta, address_delta)
2026-06-27 23:06:25 INFO        | Calling CACTI with cache_size=8192 n_rw_ports=1 block_size=16 tech_node_um=0.045 n_banks=1 tag_size=0 associativity=1
2026-06-27 23:06:25 INFO        | Calling CACTI with input path /usr/local/share/accelergy/estimation_plug_ins/accelergy-cacti-plug-in/cacti_inputs_outputs/tmp5_wiiidh
2026-06-27 23:06:25 INFO        | CACTI output will be written to /usr/local/share/accelergy/estimation_plug_ins/accelergy-cacti-plug-in/cacti_inputs_outputs/tmpr9_j9nzo
2026-06-27 23:06:25 INFO        | CACTI executable not found at /usr/local/share/accelergy/estimation_plug_ins/accelergy-cacti-plug-in/cacti/cacti
2026-06-27 23:06:25 INFO        | Calling: cd /usr/local/share/accelergy/estimation_plug_ins/accelergy-cacti-plug-in ; ./cacti -infile /usr/local/share/accelergy/estimation_plug_ins/accelergy-cacti-plug-in/cacti_inputs_outputs/tmp5_wiiidh >> /usr/local/share/accelergy/estimation_plug_ins/accelergy-cacti-plug-in/cacti_inputs_outputs/tmpr9_j9nzo 2>&1
2026-06-27 23:06:25 INFO        | Cache bandwidth: 16.0 bytes/cycle
2026-06-27 23:06:25 INFO        | Cache bandwidth: 144426980313.92557 bits/second
2026-06-27 23:06:25 INFO        
2026-06-27 23:06:25 INFO        ENERGY ESTIMATION for intadder(technology=45nm, width=6.238324625039508, global_cycle_seconds=5e-10).add(global_cycle_seconds=5e-10)
2026-06-27 23:06:25 INFO        dummy estimated 1p with accuracy 1%. 
2026-06-27 23:06:25 INFO        Plug-ins provided accuracy, but failed to estimate:
2026-06-27 23:06:25 INFO        | Aladdin_table with accuracy 70% estimating value: KeyError: 'action_latency_cycles'
2026-06-27 23:06:25 INFO        
2026-06-27 23:06:25 INFO        ENERGY ESTIMATION for intadder(technology=45nm, width=6.238324625039508, global_cycle_seconds=5e-10).idle(global_cycle_seconds=5e-10)
2026-06-27 23:06:25 INFO        dummy estimated 1p with accuracy 1%. 
2026-06-27 23:06:25 INFO        Plug-ins provided accuracy, but failed to estimate:
2026-06-27 23:06:25 INFO        | Aladdin_table with accuracy 70% estimating value: KeyError: 'action_latency_cycles'
2026-06-27 23:06:25 INFO        
2026-06-27 23:06:25 INFO        ENERGY ESTIMATION for SRAM(technology=45nm, width=128, depth=512, n_rdwr_ports=2, n_banks=1, global_cycle_seconds=5e-10).read(data_delta=1, address_delta=0, global_cycle_seconds=5e-10)
2026-06-27 23:06:25 INFO        CactiSRAM estimated 5.541445000000001e-12 with accuracy 80%. Messages:
2026-06-27 23:06:25 INFO        | Unused arguments (n_rdwr_ports, global_cycle_seconds) provided for ['SRAM', 'sram'].__init__. Arguments used: (technology, width, depth, n_banks)
2026-06-27 23:06:25 INFO        | Unused arguments (global_cycle_seconds) provided for ['SRAM', 'sram'].read. Arguments used: (data_delta, address_delta)
2026-06-27 23:06:25 INFO        | Calling CACTI with cache_size=8192 n_rw_ports=1 block_size=16 tech_node_um=0.045 n_banks=1 tag_size=0 associativity=1
2026-06-27 23:06:25 INFO        | Calling CACTI with input path /usr/local/share/accelergy/estimation_plug_ins/accelergy-cacti-plug-in/cacti_inputs_outputs/tmpgodw51wm
2026-06-27 23:06:25 INFO        | CACTI output will be written to /usr/local/share/accelergy/estimation_plug_ins/accelergy-cacti-plug-in/cacti_inputs_outputs/tmppxpj7h5f
2026-06-27 23:06:25 INFO        | CACTI executable not found at /usr/local/share/accelergy/estimation_plug_ins/accelergy-cacti-plug-in/cacti/cacti
2026-06-27 23:06:25 INFO        | Calling: cd /usr/local/share/accelergy/estimation_plug_ins/accelergy-cacti-plug-in ; ./cacti -infile /usr/local/share/accelergy/estimation_plug_ins/accelergy-cacti-plug-in/cacti_inputs_outputs/tmpgodw51wm >> /usr/local/share/accelergy/estimation_plug_ins/accelergy-cacti-plug-in/cacti_inputs_outputs/tmppxpj7h5f 2>&1
2026-06-27 23:06:25 INFO        | Cache bandwidth: 16.0 bytes/cycle
2026-06-27 23:06:25 INFO        | Cache bandwidth: 144426980313.92557 bits/second
2026-06-27 23:06:25 INFO        
2026-06-27 23:06:25 INFO        ENERGY ESTIMATION for intadder(technology=45nm, width=6.238324625039508, global_cycle_seconds=5e-10).add(global_cycle_seconds=5e-10)
2026-06-27 23:06:25 INFO        dummy estimated 1p with accuracy 1%. 
2026-06-27 23:06:25 INFO        Plug-ins provided accuracy, but failed to estimate:
2026-06-27 23:06:25 INFO        | Aladdin_table with accuracy 70% estimating value: KeyError: 'action_latency_cycles'
2026-06-27 23:06:25 INFO        
2026-06-27 23:06:25 INFO        ENERGY ESTIMATION for intadder(technology=45nm, width=6.238324625039508, global_cycle_seconds=5e-10).idle(global_cycle_seconds=5e-10)
2026-06-27 23:06:25 INFO        dummy estimated 1p with accuracy 1%. 
2026-06-27 23:06:25 INFO        Plug-ins provided accuracy, but failed to estimate:
2026-06-27 23:06:25 INFO        | Aladdin_table with accuracy 70% estimating value: KeyError: 'action_latency_cycles'
2026-06-27 23:06:25 INFO        
2026-06-27 23:06:25 INFO        ENERGY ESTIMATION for SRAM(technology=45nm, width=128, depth=512, n_rdwr_ports=2, n_banks=1, global_cycle_seconds=5e-10).read(data_delta=0, address_delta=1, global_cycle_seconds=5e-10)
2026-06-27 23:06:25 INFO        CactiSRAM estimated 2.3749050000000004e-12 with accuracy 80%. Messages:
2026-06-27 23:06:25 INFO        | Unused arguments (n_rdwr_ports, global_cycle_seconds) provided for ['SRAM', 'sram'].__init__. Arguments used: (technology, width, depth, n_banks)
2026-06-27 23:06:25 INFO        | Unused arguments (global_cycle_seconds) provided for ['SRAM', 'sram'].read. Arguments used: (data_delta, address_delta)
2026-06-27 23:06:25 INFO        | Calling CACTI with cache_size=8192 n_rw_ports=1 block_size=16 tech_node_um=0.045 n_banks=1 tag_size=0 associativity=1
2026-06-27 23:06:25 INFO        | Calling CACTI with input path /usr/local/share/accelergy/estimation_plug_ins/accelergy-cacti-plug-in/cacti_inputs_outputs/tmplyswl_h_
2026-06-27 23:06:25 INFO        | CACTI output will be written to /usr/local/share/accelergy/estimation_plug_ins/accelergy-cacti-plug-in/cacti_inputs_outputs/tmp63m37163
2026-06-27 23:06:25 INFO        | CACTI executable not found at /usr/local/share/accelergy/estimation_plug_ins/accelergy-cacti-plug-in/cacti/cacti
2026-06-27 23:06:25 INFO        | Calling: cd /usr/local/share/accelergy/estimation_plug_ins/accelergy-cacti-plug-in ; ./cacti -infile /usr/local/share/accelergy/estimation_plug_ins/accelergy-cacti-plug-in/cacti_inputs_outputs/tmplyswl_h_ >> /usr/local/share/accelergy/estimation_plug_ins/accelergy-cacti-plug-in/cacti_inputs_outputs/tmp63m37163 2>&1
2026-06-27 23:06:25 INFO        | Cache bandwidth: 16.0 bytes/cycle
2026-06-27 23:06:25 INFO        | Cache bandwidth: 144426980313.92557 bits/second
2026-06-27 23:06:25 INFO        
2026-06-27 23:06:25 INFO        ENERGY ESTIMATION for intadder(technology=45nm, width=6.238324625039508, global_cycle_seconds=5e-10).add(global_cycle_seconds=5e-10)
2026-06-27 23:06:25 INFO        dummy estimated 1p with accuracy 1%. 
2026-06-27 23:06:25 INFO        Plug-ins provided accuracy, but failed to estimate:
2026-06-27 23:06:25 INFO        | Aladdin_table with accuracy 70% estimating value: KeyError: 'action_latency_cycles'
2026-06-27 23:06:25 INFO        
2026-06-27 23:06:25 INFO        ENERGY ESTIMATION for intadder(technology=45nm, width=6.238324625039508, global_cycle_seconds=5e-10).idle(global_cycle_seconds=5e-10)
2026-06-27 23:06:25 INFO        dummy estimated 1p with accuracy 1%. 
2026-06-27 23:06:25 INFO        Plug-ins provided accuracy, but failed to estimate:
2026-06-27 23:06:25 INFO        | Aladdin_table with accuracy 70% estimating value: KeyError: 'action_latency_cycles'
2026-06-27 23:06:25 INFO        
2026-06-27 23:06:25 INFO        ENERGY ESTIMATION for SRAM(technology=45nm, width=128, depth=512, n_rdwr_ports=2, n_banks=1, global_cycle_seconds=5e-10).read(data_delta=1, address_delta=1, global_cycle_seconds=5e-10)
2026-06-27 23:06:25 INFO        CactiSRAM estimated 7.916350000000002e-12 with accuracy 80%. Messages:
2026-06-27 23:06:25 INFO        | Unused arguments (n_rdwr_ports, global_cycle_seconds) provided for ['SRAM', 'sram'].__init__. Arguments used: (technology, width, depth, n_banks)
2026-06-27 23:06:25 INFO        | Unused arguments (global_cycle_seconds) provided for ['SRAM', 'sram'].read. Arguments used: (data_delta, address_delta)
2026-06-27 23:06:25 INFO        | Calling CACTI with cache_size=8192 n_rw_ports=1 block_size=16 tech_node_um=0.045 n_banks=1 tag_size=0 associativity=1
2026-06-27 23:06:25 INFO        | Calling CACTI with input path /usr/local/share/accelergy/estimation_plug_ins/accelergy-cacti-plug-in/cacti_inputs_outputs/tmp8yvys8w2
2026-06-27 23:06:25 INFO        | CACTI output will be written to /usr/local/share/accelergy/estimation_plug_ins/accelergy-cacti-plug-in/cacti_inputs_outputs/tmp4x5mcdv9
2026-06-27 23:06:25 INFO        | CACTI executable not found at /usr/local/share/accelergy/estimation_plug_ins/accelergy-cacti-plug-in/cacti/cacti
2026-06-27 23:06:25 INFO        | Calling: cd /usr/local/share/accelergy/estimation_plug_ins/accelergy-cacti-plug-in ; ./cacti -infile /usr/local/share/accelergy/estimation_plug_ins/accelergy-cacti-plug-in/cacti_inputs_outputs/tmp8yvys8w2 >> /usr/local/share/accelergy/estimation_plug_ins/accelergy-cacti-plug-in/cacti_inputs_outputs/tmp4x5mcdv9 2>&1
2026-06-27 23:06:25 INFO        | Cache bandwidth: 16.0 bytes/cycle
2026-06-27 23:06:25 INFO        | Cache bandwidth: 144426980313.92557 bits/second
2026-06-27 23:06:25 INFO        
2026-06-27 23:06:25 INFO        ENERGY ESTIMATION for intadder(technology=45nm, width=6.238324625039508, global_cycle_seconds=5e-10).add(global_cycle_seconds=5e-10)
2026-06-27 23:06:25 INFO        dummy estimated 1p with accuracy 1%. 
2026-06-27 23:06:25 INFO        Plug-ins provided accuracy, but failed to estimate:
2026-06-27 23:06:25 INFO        | Aladdin_table with accuracy 70% estimating value: KeyError: 'action_latency_cycles'
2026-06-27 23:06:25 INFO        
2026-06-27 23:06:25 INFO        ENERGY ESTIMATION for intadder(technology=45nm, width=6.238324625039508, global_cycle_seconds=5e-10).idle(global_cycle_seconds=5e-10)
2026-06-27 23:06:25 INFO        dummy estimated 1p with accuracy 1%. 
2026-06-27 23:06:25 INFO        Plug-ins provided accuracy, but failed to estimate:
2026-06-27 23:06:25 INFO        | Aladdin_table with accuracy 70% estimating value: KeyError: 'action_latency_cycles'
2026-06-27 23:06:25 INFO        
2026-06-27 23:06:25 INFO        ENERGY ESTIMATION for SRAM(technology=45nm, width=128, depth=512, n_rdwr_ports=2, n_banks=1, global_cycle_seconds=5e-10).idle(global_cycle_seconds=5e-10)
2026-06-27 23:06:25 INFO        CactiSRAM estimated 0 with accuracy 80%. Messages:
2026-06-27 23:06:25 INFO        | Unused arguments (n_rdwr_ports, global_cycle_seconds) provided for ['SRAM', 'sram'].__init__. Arguments used: (technology, width, depth, n_banks)
2026-06-27 23:06:25 INFO        | Unused arguments (global_cycle_seconds) provided for ['SRAM', 'sram'].idle. Arguments used: ()
2026-06-27 23:06:25 INFO        
2026-06-27 23:06:25 INFO        ENERGY ESTIMATION for intadder(technology=45nm, width=6.238324625039508, global_cycle_seconds=5e-10).idle(global_cycle_seconds=5e-10)
2026-06-27 23:06:25 INFO        dummy estimated 1p with accuracy 1%. 
2026-06-27 23:06:25 INFO        Plug-ins provided accuracy, but failed to estimate:
2026-06-27 23:06:25 INFO        | Aladdin_table with accuracy 70% estimating value: KeyError: 'action_latency_cycles'
2026-06-27 23:06:25 INFO        
2026-06-27 23:06:25 INFO        ENERGY ESTIMATION for SRAM(technology=45nm, width=64, depth=64, n_rdwr_ports=2, n_banks=1, global_cycle_seconds=5e-10).write(data_delta=0, address_delta=0, global_cycle_seconds=5e-10)
2026-06-27 23:06:25 INFO        CactiSRAM estimated 0.0 with accuracy 80%. Messages:
2026-06-27 23:06:25 INFO        | Unused arguments (n_rdwr_ports, global_cycle_seconds) provided for ['SRAM', 'sram'].__init__. Arguments used: (technology, width, depth, n_banks)
2026-06-27 23:06:25 INFO        | Unused arguments (global_cycle_seconds) provided for ['SRAM', 'sram'].write. Arguments used: (data_delta, address_delta)
2026-06-27 23:06:25 INFO        | Calling CACTI with cache_size=512 n_rw_ports=1 block_size=8 tech_node_um=0.045 n_banks=1 tag_size=0 associativity=1
2026-06-27 23:06:25 INFO        | Calling CACTI with input path /usr/local/share/accelergy/estimation_plug_ins/accelergy-cacti-plug-in/cacti_inputs_outputs/tmpca_bpfin
2026-06-27 23:06:25 INFO        | CACTI output will be written to /usr/local/share/accelergy/estimation_plug_ins/accelergy-cacti-plug-in/cacti_inputs_outputs/tmp8sy6st8e
2026-06-27 23:06:25 INFO        | CACTI executable not found at /usr/local/share/accelergy/estimation_plug_ins/accelergy-cacti-plug-in/cacti/cacti
2026-06-27 23:06:25 INFO        | Calling: cd /usr/local/share/accelergy/estimation_plug_ins/accelergy-cacti-plug-in ; ./cacti -infile /usr/local/share/accelergy/estimation_plug_ins/accelergy-cacti-plug-in/cacti_inputs_outputs/tmpca_bpfin >> /usr/local/share/accelergy/estimation_plug_ins/accelergy-cacti-plug-in/cacti_inputs_outputs/tmp8sy6st8e 2>&1
2026-06-27 23:06:25 INFO        | Cache bandwidth: 8.0 bytes/cycle
2026-06-27 23:06:25 INFO        | Cache bandwidth: 112577947035.59398 bits/second
2026-06-27 23:06:25 INFO        
2026-06-27 23:06:25 INFO        ENERGY ESTIMATION for intadder(technology=45nm, width=4.1588830833596715, global_cycle_seconds=5e-10).count(global_cycle_seconds=5e-10)
2026-06-27 23:06:25 INFO        dummy estimated 1p with accuracy 1%. 
2026-06-27 23:06:25 INFO        Plug-ins provided accuracy, but failed to estimate:
2026-06-27 23:06:25 INFO        | Aladdin_table with accuracy 70% estimating value: KeyError: 'action_latency_cycles'
2026-06-27 23:06:25 INFO        
2026-06-27 23:06:25 INFO        ENERGY ESTIMATION for intadder(technology=45nm, width=4.1588830833596715, global_cycle_seconds=5e-10).idle(global_cycle_seconds=5e-10)
2026-06-27 23:06:25 INFO        dummy estimated 1p with accuracy 1%. 
2026-06-27 23:06:25 INFO        Plug-ins provided accuracy, but failed to estimate:
2026-06-27 23:06:25 INFO        | Aladdin_table with accuracy 70% estimating value: KeyError: 'action_latency_cycles'
2026-06-27 23:06:25 INFO        
2026-06-27 23:06:25 INFO        ENERGY ESTIMATION for SRAM(technology=45nm, width=64, depth=64, n_rdwr_ports=2, n_banks=1, global_cycle_seconds=5e-10).write(data_delta=1, address_delta=0, global_cycle_seconds=5e-10)
2026-06-27 23:06:25 INFO        CactiSRAM estimated 1.59656e-12 with accuracy 80%. Messages:
2026-06-27 23:06:25 INFO        | Unused arguments (n_rdwr_ports, global_cycle_seconds) provided for ['SRAM', 'sram'].__init__. Arguments used: (technology, width, depth, n_banks)
2026-06-27 23:06:25 INFO        | Unused arguments (global_cycle_seconds) provided for ['SRAM', 'sram'].write. Arguments used: (data_delta, address_delta)
2026-06-27 23:06:25 INFO        | Calling CACTI with cache_size=512 n_rw_ports=1 block_size=8 tech_node_um=0.045 n_banks=1 tag_size=0 associativity=1
2026-06-27 23:06:25 INFO        | Calling CACTI with input path /usr/local/share/accelergy/estimation_plug_ins/accelergy-cacti-plug-in/cacti_inputs_outputs/tmpu2_s1ymu
2026-06-27 23:06:25 INFO        | CACTI output will be written to /usr/local/share/accelergy/estimation_plug_ins/accelergy-cacti-plug-in/cacti_inputs_outputs/tmpz1cq8lcv
2026-06-27 23:06:25 INFO        | CACTI executable not found at /usr/local/share/accelergy/estimation_plug_ins/accelergy-cacti-plug-in/cacti/cacti
2026-06-27 23:06:25 INFO        | Calling: cd /usr/local/share/accelergy/estimation_plug_ins/accelergy-cacti-plug-in ; ./cacti -infile /usr/local/share/accelergy/estimation_plug_ins/accelergy-cacti-plug-in/cacti_inputs_outputs/tmpu2_s1ymu >> /usr/local/share/accelergy/estimation_plug_ins/accelergy-cacti-plug-in/cacti_inputs_outputs/tmpz1cq8lcv 2>&1
2026-06-27 23:06:25 INFO        | Cache bandwidth: 8.0 bytes/cycle
2026-06-27 23:06:25 INFO        | Cache bandwidth: 112577947035.59398 bits/second
2026-06-27 23:06:25 INFO        
2026-06-27 23:06:25 INFO        ENERGY ESTIMATION for intadder(technology=45nm, width=4.1588830833596715, global_cycle_seconds=5e-10).count(global_cycle_seconds=5e-10)
2026-06-27 23:06:25 INFO        dummy estimated 1p with accuracy 1%. 
2026-06-27 23:06:25 INFO        Plug-ins provided accuracy, but failed to estimate:
2026-06-27 23:06:25 INFO        | Aladdin_table with accuracy 70% estimating value: KeyError: 'action_latency_cycles'
2026-06-27 23:06:25 INFO        
2026-06-27 23:06:25 INFO        ENERGY ESTIMATION for intadder(technology=45nm, width=4.1588830833596715, global_cycle_seconds=5e-10).idle(global_cycle_seconds=5e-10)
2026-06-27 23:06:25 INFO        dummy estimated 1p with accuracy 1%. 
2026-06-27 23:06:25 INFO        Plug-ins provided accuracy, but failed to estimate:
2026-06-27 23:06:25 INFO        | Aladdin_table with accuracy 70% estimating value: KeyError: 'action_latency_cycles'
2026-06-27 23:06:25 INFO        
2026-06-27 23:06:25 INFO        ENERGY ESTIMATION for SRAM(technology=45nm, width=64, depth=64, n_rdwr_ports=2, n_banks=1, global_cycle_seconds=5e-10).write(data_delta=0, address_delta=1, global_cycle_seconds=5e-10)
2026-06-27 23:06:25 INFO        CactiSRAM estimated 6.8424e-13 with accuracy 80%. Messages:
2026-06-27 23:06:25 INFO        | Unused arguments (n_rdwr_ports, global_cycle_seconds) provided for ['SRAM', 'sram'].__init__. Arguments used: (technology, width, depth, n_banks)
2026-06-27 23:06:25 INFO        | Unused arguments (global_cycle_seconds) provided for ['SRAM', 'sram'].write. Arguments used: (data_delta, address_delta)
2026-06-27 23:06:25 INFO        | Calling CACTI with cache_size=512 n_rw_ports=1 block_size=8 tech_node_um=0.045 n_banks=1 tag_size=0 associativity=1
2026-06-27 23:06:25 INFO        | Calling CACTI with input path /usr/local/share/accelergy/estimation_plug_ins/accelergy-cacti-plug-in/cacti_inputs_outputs/tmpq_3hy63j
2026-06-27 23:06:25 INFO        | CACTI output will be written to /usr/local/share/accelergy/estimation_plug_ins/accelergy-cacti-plug-in/cacti_inputs_outputs/tmpmvpyqkji
2026-06-27 23:06:25 INFO        | CACTI executable not found at /usr/local/share/accelergy/estimation_plug_ins/accelergy-cacti-plug-in/cacti/cacti
2026-06-27 23:06:25 INFO        | Calling: cd /usr/local/share/accelergy/estimation_plug_ins/accelergy-cacti-plug-in ; ./cacti -infile /usr/local/share/accelergy/estimation_plug_ins/accelergy-cacti-plug-in/cacti_inputs_outputs/tmpq_3hy63j >> /usr/local/share/accelergy/estimation_plug_ins/accelergy-cacti-plug-in/cacti_inputs_outputs/tmpmvpyqkji 2>&1
2026-06-27 23:06:25 INFO        | Cache bandwidth: 8.0 bytes/cycle
2026-06-27 23:06:25 INFO        | Cache bandwidth: 112577947035.59398 bits/second
2026-06-27 23:06:25 INFO        
2026-06-27 23:06:25 INFO        ENERGY ESTIMATION for intadder(technology=45nm, width=4.1588830833596715, global_cycle_seconds=5e-10).count(global_cycle_seconds=5e-10)
2026-06-27 23:06:25 INFO        dummy estimated 1p with accuracy 1%. 
2026-06-27 23:06:25 INFO        Plug-ins provided accuracy, but failed to estimate:
2026-06-27 23:06:25 INFO        | Aladdin_table with accuracy 70% estimating value: KeyError: 'action_latency_cycles'
2026-06-27 23:06:25 INFO        
2026-06-27 23:06:25 INFO        ENERGY ESTIMATION for intadder(technology=45nm, width=4.1588830833596715, global_cycle_seconds=5e-10).idle(global_cycle_seconds=5e-10)
2026-06-27 23:06:25 INFO        dummy estimated 1p with accuracy 1%. 
2026-06-27 23:06:25 INFO        Plug-ins provided accuracy, but failed to estimate:
2026-06-27 23:06:25 INFO        | Aladdin_table with accuracy 70% estimating value: KeyError: 'action_latency_cycles'
2026-06-27 23:06:25 INFO        
2026-06-27 23:06:25 INFO        ENERGY ESTIMATION for SRAM(technology=45nm, width=64, depth=64, n_rdwr_ports=2, n_banks=1, global_cycle_seconds=5e-10).write(data_delta=1, address_delta=1, global_cycle_seconds=5e-10)
2026-06-27 23:06:25 INFO        CactiSRAM estimated 2.2808e-12 with accuracy 80%. Messages:
2026-06-27 23:06:25 INFO        | Unused arguments (n_rdwr_ports, global_cycle_seconds) provided for ['SRAM', 'sram'].__init__. Arguments used: (technology, width, depth, n_banks)
2026-06-27 23:06:25 INFO        | Unused arguments (global_cycle_seconds) provided for ['SRAM', 'sram'].write. Arguments used: (data_delta, address_delta)
2026-06-27 23:06:25 INFO        | Calling CACTI with cache_size=512 n_rw_ports=1 block_size=8 tech_node_um=0.045 n_banks=1 tag_size=0 associativity=1
2026-06-27 23:06:25 INFO        | Calling CACTI with input path /usr/local/share/accelergy/estimation_plug_ins/accelergy-cacti-plug-in/cacti_inputs_outputs/tmp1g95qszl
2026-06-27 23:06:25 INFO        | CACTI output will be written to /usr/local/share/accelergy/estimation_plug_ins/accelergy-cacti-plug-in/cacti_inputs_outputs/tmp87j2dqz6
2026-06-27 23:06:25 INFO        | CACTI executable not found at /usr/local/share/accelergy/estimation_plug_ins/accelergy-cacti-plug-in/cacti/cacti
2026-06-27 23:06:25 INFO        | Calling: cd /usr/local/share/accelergy/estimation_plug_ins/accelergy-cacti-plug-in ; ./cacti -infile /usr/local/share/accelergy/estimation_plug_ins/accelergy-cacti-plug-in/cacti_inputs_outputs/tmp1g95qszl >> /usr/local/share/accelergy/estimation_plug_ins/accelergy-cacti-plug-in/cacti_inputs_outputs/tmp87j2dqz6 2>&1
2026-06-27 23:06:25 INFO        | Cache bandwidth: 8.0 bytes/cycle
2026-06-27 23:06:25 INFO        | Cache bandwidth: 112577947035.59398 bits/second
2026-06-27 23:06:25 INFO        
2026-06-27 23:06:25 INFO        ENERGY ESTIMATION for intadder(technology=45nm, width=4.1588830833596715, global_cycle_seconds=5e-10).count(global_cycle_seconds=5e-10)
2026-06-27 23:06:25 INFO        dummy estimated 1p with accuracy 1%. 
2026-06-27 23:06:25 INFO        Plug-ins provided accuracy, but failed to estimate:
2026-06-27 23:06:25 INFO        | Aladdin_table with accuracy 70% estimating value: KeyError: 'action_latency_cycles'
2026-06-27 23:06:25 INFO        
2026-06-27 23:06:25 INFO        ENERGY ESTIMATION for intadder(technology=45nm, width=4.1588830833596715, global_cycle_seconds=5e-10).idle(global_cycle_seconds=5e-10)
2026-06-27 23:06:25 INFO        dummy estimated 1p with accuracy 1%. 
2026-06-27 23:06:25 INFO        Plug-ins provided accuracy, but failed to estimate:
2026-06-27 23:06:25 INFO        | Aladdin_table with accuracy 70% estimating value: KeyError: 'action_latency_cycles'
2026-06-27 23:06:25 INFO        
2026-06-27 23:06:25 INFO        ENERGY ESTIMATION for SRAM(technology=45nm, width=64, depth=64, n_rdwr_ports=2, n_banks=1, global_cycle_seconds=5e-10).read(data_delta=0, address_delta=0, global_cycle_seconds=5e-10)
2026-06-27 23:06:26 INFO        CactiSRAM estimated 0.0 with accuracy 80%. Messages:
2026-06-27 23:06:26 INFO        | Unused arguments (n_rdwr_ports, global_cycle_seconds) provided for ['SRAM', 'sram'].__init__. Arguments used: (technology, width, depth, n_banks)
2026-06-27 23:06:26 INFO        | Unused arguments (global_cycle_seconds) provided for ['SRAM', 'sram'].read. Arguments used: (data_delta, address_delta)
2026-06-27 23:06:26 INFO        | Calling CACTI with cache_size=512 n_rw_ports=1 block_size=8 tech_node_um=0.045 n_banks=1 tag_size=0 associativity=1
2026-06-27 23:06:26 INFO        | Calling CACTI with input path /usr/local/share/accelergy/estimation_plug_ins/accelergy-cacti-plug-in/cacti_inputs_outputs/tmpz20ys0c2
2026-06-27 23:06:26 INFO        | CACTI output will be written to /usr/local/share/accelergy/estimation_plug_ins/accelergy-cacti-plug-in/cacti_inputs_outputs/tmpscelrnb2
2026-06-27 23:06:26 INFO        | CACTI executable not found at /usr/local/share/accelergy/estimation_plug_ins/accelergy-cacti-plug-in/cacti/cacti
2026-06-27 23:06:26 INFO        | Calling: cd /usr/local/share/accelergy/estimation_plug_ins/accelergy-cacti-plug-in ; ./cacti -infile /usr/local/share/accelergy/estimation_plug_ins/accelergy-cacti-plug-in/cacti_inputs_outputs/tmpz20ys0c2 >> /usr/local/share/accelergy/estimation_plug_ins/accelergy-cacti-plug-in/cacti_inputs_outputs/tmpscelrnb2 2>&1
2026-06-27 23:06:26 INFO        | Cache bandwidth: 8.0 bytes/cycle
2026-06-27 23:06:26 INFO        | Cache bandwidth: 112577947035.59398 bits/second
2026-06-27 23:06:26 INFO        
2026-06-27 23:06:26 INFO        ENERGY ESTIMATION for intadder(technology=45nm, width=4.1588830833596715, global_cycle_seconds=5e-10).add(global_cycle_seconds=5e-10)
2026-06-27 23:06:26 INFO        dummy estimated 1p with accuracy 1%. 
2026-06-27 23:06:26 INFO        Plug-ins provided accuracy, but failed to estimate:
2026-06-27 23:06:26 INFO        | Aladdin_table with accuracy 70% estimating value: KeyError: 'action_latency_cycles'
2026-06-27 23:06:26 INFO        
2026-06-27 23:06:26 INFO        ENERGY ESTIMATION for intadder(technology=45nm, width=4.1588830833596715, global_cycle_seconds=5e-10).idle(global_cycle_seconds=5e-10)
2026-06-27 23:06:26 INFO        dummy estimated 1p with accuracy 1%. 
2026-06-27 23:06:26 INFO        Plug-ins provided accuracy, but failed to estimate:
2026-06-27 23:06:26 INFO        | Aladdin_table with accuracy 70% estimating value: KeyError: 'action_latency_cycles'
2026-06-27 23:06:26 INFO        
2026-06-27 23:06:26 INFO        ENERGY ESTIMATION for SRAM(technology=45nm, width=64, depth=64, n_rdwr_ports=2, n_banks=1, global_cycle_seconds=5e-10).read(data_delta=1, address_delta=0, global_cycle_seconds=5e-10)
2026-06-27 23:06:26 INFO        CactiSRAM estimated 9.89555e-13 with accuracy 80%. Messages:
2026-06-27 23:06:26 INFO        | Unused arguments (n_rdwr_ports, global_cycle_seconds) provided for ['SRAM', 'sram'].__init__. Arguments used: (technology, width, depth, n_banks)
2026-06-27 23:06:26 INFO        | Unused arguments (global_cycle_seconds) provided for ['SRAM', 'sram'].read. Arguments used: (data_delta, address_delta)
2026-06-27 23:06:26 INFO        | Calling CACTI with cache_size=512 n_rw_ports=1 block_size=8 tech_node_um=0.045 n_banks=1 tag_size=0 associativity=1
2026-06-27 23:06:26 INFO        | Calling CACTI with input path /usr/local/share/accelergy/estimation_plug_ins/accelergy-cacti-plug-in/cacti_inputs_outputs/tmpwvhequ6e
2026-06-27 23:06:26 INFO        | CACTI output will be written to /usr/local/share/accelergy/estimation_plug_ins/accelergy-cacti-plug-in/cacti_inputs_outputs/tmpe1ou0p9y
2026-06-27 23:06:26 INFO        | CACTI executable not found at /usr/local/share/accelergy/estimation_plug_ins/accelergy-cacti-plug-in/cacti/cacti
2026-06-27 23:06:26 INFO        | Calling: cd /usr/local/share/accelergy/estimation_plug_ins/accelergy-cacti-plug-in ; ./cacti -infile /usr/local/share/accelergy/estimation_plug_ins/accelergy-cacti-plug-in/cacti_inputs_outputs/tmpwvhequ6e >> /usr/local/share/accelergy/estimation_plug_ins/accelergy-cacti-plug-in/cacti_inputs_outputs/tmpe1ou0p9y 2>&1
2026-06-27 23:06:26 INFO        | Cache bandwidth: 8.0 bytes/cycle
2026-06-27 23:06:26 INFO        | Cache bandwidth: 112577947035.59398 bits/second
2026-06-27 23:06:26 INFO        
2026-06-27 23:06:26 INFO        ENERGY ESTIMATION for intadder(technology=45nm, width=4.1588830833596715, global_cycle_seconds=5e-10).add(global_cycle_seconds=5e-10)
2026-06-27 23:06:26 INFO        dummy estimated 1p with accuracy 1%. 
2026-06-27 23:06:26 INFO        Plug-ins provided accuracy, but failed to estimate:
2026-06-27 23:06:26 INFO        | Aladdin_table with accuracy 70% estimating value: KeyError: 'action_latency_cycles'
2026-06-27 23:06:26 INFO        
2026-06-27 23:06:26 INFO        ENERGY ESTIMATION for intadder(technology=45nm, width=4.1588830833596715, global_cycle_seconds=5e-10).idle(global_cycle_seconds=5e-10)
2026-06-27 23:06:26 INFO        dummy estimated 1p with accuracy 1%. 
2026-06-27 23:06:26 INFO        Plug-ins provided accuracy, but failed to estimate:
2026-06-27 23:06:26 INFO        | Aladdin_table with accuracy 70% estimating value: KeyError: 'action_latency_cycles'
2026-06-27 23:06:26 INFO        
2026-06-27 23:06:26 INFO        ENERGY ESTIMATION for SRAM(technology=45nm, width=64, depth=64, n_rdwr_ports=2, n_banks=1, global_cycle_seconds=5e-10).read(data_delta=0, address_delta=1, global_cycle_seconds=5e-10)
2026-06-27 23:06:26 INFO        CactiSRAM estimated 4.24095e-13 with accuracy 80%. Messages:
2026-06-27 23:06:26 INFO        | Unused arguments (n_rdwr_ports, global_cycle_seconds) provided for ['SRAM', 'sram'].__init__. Arguments used: (technology, width, depth, n_banks)
2026-06-27 23:06:26 INFO        | Unused arguments (global_cycle_seconds) provided for ['SRAM', 'sram'].read. Arguments used: (data_delta, address_delta)
2026-06-27 23:06:26 INFO        | Calling CACTI with cache_size=512 n_rw_ports=1 block_size=8 tech_node_um=0.045 n_banks=1 tag_size=0 associativity=1
2026-06-27 23:06:26 INFO        | Calling CACTI with input path /usr/local/share/accelergy/estimation_plug_ins/accelergy-cacti-plug-in/cacti_inputs_outputs/tmp5jj5qiv_
2026-06-27 23:06:26 INFO        | CACTI output will be written to /usr/local/share/accelergy/estimation_plug_ins/accelergy-cacti-plug-in/cacti_inputs_outputs/tmpeqo1c1hx
2026-06-27 23:06:26 INFO        | CACTI executable not found at /usr/local/share/accelergy/estimation_plug_ins/accelergy-cacti-plug-in/cacti/cacti
2026-06-27 23:06:26 INFO        | Calling: cd /usr/local/share/accelergy/estimation_plug_ins/accelergy-cacti-plug-in ; ./cacti -infile /usr/local/share/accelergy/estimation_plug_ins/accelergy-cacti-plug-in/cacti_inputs_outputs/tmp5jj5qiv_ >> /usr/local/share/accelergy/estimation_plug_ins/accelergy-cacti-plug-in/cacti_inputs_outputs/tmpeqo1c1hx 2>&1
2026-06-27 23:06:26 INFO        | Cache bandwidth: 8.0 bytes/cycle
2026-06-27 23:06:26 INFO        | Cache bandwidth: 112577947035.59398 bits/second
2026-06-27 23:06:26 INFO        
2026-06-27 23:06:26 INFO        ENERGY ESTIMATION for intadder(technology=45nm, width=4.1588830833596715, global_cycle_seconds=5e-10).add(global_cycle_seconds=5e-10)
2026-06-27 23:06:26 INFO        dummy estimated 1p with accuracy 1%. 
2026-06-27 23:06:26 INFO        Plug-ins provided accuracy, but failed to estimate:
2026-06-27 23:06:26 INFO        | Aladdin_table with accuracy 70% estimating value: KeyError: 'action_latency_cycles'
2026-06-27 23:06:26 INFO        
2026-06-27 23:06:26 INFO        ENERGY ESTIMATION for intadder(technology=45nm, width=4.1588830833596715, global_cycle_seconds=5e-10).idle(global_cycle_seconds=5e-10)
2026-06-27 23:06:26 INFO        dummy estimated 1p with accuracy 1%. 
2026-06-27 23:06:26 INFO        Plug-ins provided accuracy, but failed to estimate:
2026-06-27 23:06:26 INFO        | Aladdin_table with accuracy 70% estimating value: KeyError: 'action_latency_cycles'
2026-06-27 23:06:26 INFO        
2026-06-27 23:06:26 INFO        ENERGY ESTIMATION for SRAM(technology=45nm, width=64, depth=64, n_rdwr_ports=2, n_banks=1, global_cycle_seconds=5e-10).read(data_delta=1, address_delta=1, global_cycle_seconds=5e-10)
2026-06-27 23:06:26 INFO        CactiSRAM estimated 1.4136500000000001e-12 with accuracy 80%. Messages:
2026-06-27 23:06:26 INFO        | Unused arguments (n_rdwr_ports, global_cycle_seconds) provided for ['SRAM', 'sram'].__init__. Arguments used: (technology, width, depth, n_banks)
2026-06-27 23:06:26 INFO        | Unused arguments (global_cycle_seconds) provided for ['SRAM', 'sram'].read. Arguments used: (data_delta, address_delta)
2026-06-27 23:06:26 INFO        | Calling CACTI with cache_size=512 n_rw_ports=1 block_size=8 tech_node_um=0.045 n_banks=1 tag_size=0 associativity=1
2026-06-27 23:06:26 INFO        | Calling CACTI with input path /usr/local/share/accelergy/estimation_plug_ins/accelergy-cacti-plug-in/cacti_inputs_outputs/tmpoekrsc4k
2026-06-27 23:06:26 INFO        | CACTI output will be written to /usr/local/share/accelergy/estimation_plug_ins/accelergy-cacti-plug-in/cacti_inputs_outputs/tmpqxzcqjit
2026-06-27 23:06:26 INFO        | CACTI executable not found at /usr/local/share/accelergy/estimation_plug_ins/accelergy-cacti-plug-in/cacti/cacti
2026-06-27 23:06:26 INFO        | Calling: cd /usr/local/share/accelergy/estimation_plug_ins/accelergy-cacti-plug-in ; ./cacti -infile /usr/local/share/accelergy/estimation_plug_ins/accelergy-cacti-plug-in/cacti_inputs_outputs/tmpoekrsc4k >> /usr/local/share/accelergy/estimation_plug_ins/accelergy-cacti-plug-in/cacti_inputs_outputs/tmpqxzcqjit 2>&1
2026-06-27 23:06:26 INFO        | Cache bandwidth: 8.0 bytes/cycle
2026-06-27 23:06:26 INFO        | Cache bandwidth: 112577947035.59398 bits/second
2026-06-27 23:06:26 INFO        
2026-06-27 23:06:26 INFO        ENERGY ESTIMATION for intadder(technology=45nm, width=4.1588830833596715, global_cycle_seconds=5e-10).add(global_cycle_seconds=5e-10)
2026-06-27 23:06:26 INFO        dummy estimated 1p with accuracy 1%. 
2026-06-27 23:06:26 INFO        Plug-ins provided accuracy, but failed to estimate:
2026-06-27 23:06:26 INFO        | Aladdin_table with accuracy 70% estimating value: KeyError: 'action_latency_cycles'
2026-06-27 23:06:26 INFO        
2026-06-27 23:06:26 INFO        ENERGY ESTIMATION for intadder(technology=45nm, width=4.1588830833596715, global_cycle_seconds=5e-10).idle(global_cycle_seconds=5e-10)
2026-06-27 23:06:26 INFO        dummy estimated 1p with accuracy 1%. 
2026-06-27 23:06:26 INFO        Plug-ins provided accuracy, but failed to estimate:
2026-06-27 23:06:26 INFO        | Aladdin_table with accuracy 70% estimating value: KeyError: 'action_latency_cycles'
2026-06-27 23:06:26 INFO        
2026-06-27 23:06:26 INFO        ENERGY ESTIMATION for SRAM(technology=45nm, width=64, depth=64, n_rdwr_ports=2, n_banks=1, global_cycle_seconds=5e-10).idle(global_cycle_seconds=5e-10)
2026-06-27 23:06:26 INFO        CactiSRAM estimated 0 with accuracy 80%. Messages:
2026-06-27 23:06:26 INFO        | Unused arguments (n_rdwr_ports, global_cycle_seconds) provided for ['SRAM', 'sram'].__init__. Arguments used: (technology, width, depth, n_banks)
2026-06-27 23:06:26 INFO        | Unused arguments (global_cycle_seconds) provided for ['SRAM', 'sram'].idle. Arguments used: ()
2026-06-27 23:06:26 INFO        
2026-06-27 23:06:26 INFO        ENERGY ESTIMATION for intadder(technology=45nm, width=4.1588830833596715, global_cycle_seconds=5e-10).idle(global_cycle_seconds=5e-10)
2026-06-27 23:06:26 INFO        dummy estimated 1p with accuracy 1%. 
2026-06-27 23:06:26 INFO        Plug-ins provided accuracy, but failed to estimate:
2026-06-27 23:06:26 INFO        | Aladdin_table with accuracy 70% estimating value: KeyError: 'action_latency_cycles'
2026-06-27 23:06:26 INFO        
2026-06-27 23:06:26 INFO        ENERGY ESTIMATION for SRAM(technology=45nm, width=32, depth=1, n_rdwr_ports=2, n_banks=1, global_cycle_seconds=5e-10).write(data_delta=0, address_delta=0, global_cycle_seconds=5e-10)
2026-06-27 23:06:26 INFO        CactiSRAM estimated 0.0 with accuracy 80%. Messages:
2026-06-27 23:06:26 INFO        | Unused arguments (n_rdwr_ports, global_cycle_seconds) provided for ['SRAM', 'sram'].__init__. Arguments used: (technology, width, depth, n_banks)
2026-06-27 23:06:26 INFO        | Unused arguments (global_cycle_seconds) provided for ['SRAM', 'sram'].write. Arguments used: (data_delta, address_delta)
2026-06-27 23:06:26 INFO        | Calling CACTI with cache_size=256 n_rw_ports=1 block_size=4 tech_node_um=0.045 n_banks=1 tag_size=0 associativity=1
2026-06-27 23:06:26 INFO        | Calling CACTI with input path /usr/local/share/accelergy/estimation_plug_ins/accelergy-cacti-plug-in/cacti_inputs_outputs/tmpd4o31z3v
2026-06-27 23:06:26 INFO        | CACTI output will be written to /usr/local/share/accelergy/estimation_plug_ins/accelergy-cacti-plug-in/cacti_inputs_outputs/tmpmhk4sik6
2026-06-27 23:06:26 INFO        | CACTI executable not found at /usr/local/share/accelergy/estimation_plug_ins/accelergy-cacti-plug-in/cacti/cacti
2026-06-27 23:06:26 INFO        | Calling: cd /usr/local/share/accelergy/estimation_plug_ins/accelergy-cacti-plug-in ; ./cacti -infile /usr/local/share/accelergy/estimation_plug_ins/accelergy-cacti-plug-in/cacti_inputs_outputs/tmpd4o31z3v >> /usr/local/share/accelergy/estimation_plug_ins/accelergy-cacti-plug-in/cacti_inputs_outputs/tmpmhk4sik6 2>&1
2026-06-27 23:06:26 INFO        | Cache bandwidth: 4.0 bytes/cycle
2026-06-27 23:06:26 INFO        | Cache bandwidth: 65421210374.168434 bits/second
2026-06-27 23:06:26 INFO        
2026-06-27 23:06:26 INFO        ENERGY ESTIMATION for intadder(technology=45nm, width=0, global_cycle_seconds=5e-10).count(global_cycle_seconds=5e-10)
2026-06-27 23:06:26 INFO        dummy estimated 1p with accuracy 1%. 
2026-06-27 23:06:26 INFO        Plug-ins provided accuracy, but failed to estimate:
2026-06-27 23:06:26 INFO        | Aladdin_table with accuracy 70% estimating value: KeyError: 'action_latency_cycles'
2026-06-27 23:06:26 INFO        
2026-06-27 23:06:26 INFO        ENERGY ESTIMATION for intadder(technology=45nm, width=0, global_cycle_seconds=5e-10).idle(global_cycle_seconds=5e-10)
2026-06-27 23:06:26 INFO        dummy estimated 1p with accuracy 1%. 
2026-06-27 23:06:26 INFO        Plug-ins provided accuracy, but failed to estimate:
2026-06-27 23:06:26 INFO        | Aladdin_table with accuracy 70% estimating value: KeyError: 'action_latency_cycles'
2026-06-27 23:06:26 INFO        
2026-06-27 23:06:26 INFO        ENERGY ESTIMATION for SRAM(technology=45nm, width=32, depth=1, n_rdwr_ports=2, n_banks=1, global_cycle_seconds=5e-10).write(data_delta=1, address_delta=0, global_cycle_seconds=5e-10)
2026-06-27 23:06:26 INFO        CactiSRAM estimated 3.017831299903715e-14 with accuracy 80%. Messages:
2026-06-27 23:06:26 INFO        | Unused arguments (n_rdwr_ports, global_cycle_seconds) provided for ['SRAM', 'sram'].__init__. Arguments used: (technology, width, depth, n_banks)
2026-06-27 23:06:26 INFO        | Unused arguments (global_cycle_seconds) provided for ['SRAM', 'sram'].write. Arguments used: (data_delta, address_delta)
2026-06-27 23:06:26 INFO        | Calling CACTI with cache_size=256 n_rw_ports=1 block_size=4 tech_node_um=0.045 n_banks=1 tag_size=0 associativity=1
2026-06-27 23:06:26 INFO        | Calling CACTI with input path /usr/local/share/accelergy/estimation_plug_ins/accelergy-cacti-plug-in/cacti_inputs_outputs/tmpyycjdbsw
2026-06-27 23:06:26 INFO        | CACTI output will be written to /usr/local/share/accelergy/estimation_plug_ins/accelergy-cacti-plug-in/cacti_inputs_outputs/tmpegx3zieb
2026-06-27 23:06:26 INFO        | CACTI executable not found at /usr/local/share/accelergy/estimation_plug_ins/accelergy-cacti-plug-in/cacti/cacti
2026-06-27 23:06:26 INFO        | Calling: cd /usr/local/share/accelergy/estimation_plug_ins/accelergy-cacti-plug-in ; ./cacti -infile /usr/local/share/accelergy/estimation_plug_ins/accelergy-cacti-plug-in/cacti_inputs_outputs/tmpyycjdbsw >> /usr/local/share/accelergy/estimation_plug_ins/accelergy-cacti-plug-in/cacti_inputs_outputs/tmpegx3zieb 2>&1
2026-06-27 23:06:26 INFO        | Cache bandwidth: 4.0 bytes/cycle
2026-06-27 23:06:26 INFO        | Cache bandwidth: 65421210374.168434 bits/second
2026-06-27 23:06:26 INFO        
2026-06-27 23:06:26 INFO        ENERGY ESTIMATION for intadder(technology=45nm, width=0, global_cycle_seconds=5e-10).count(global_cycle_seconds=5e-10)
2026-06-27 23:06:26 INFO        dummy estimated 1p with accuracy 1%. 
2026-06-27 23:06:26 INFO        Plug-ins provided accuracy, but failed to estimate:
2026-06-27 23:06:26 INFO        | Aladdin_table with accuracy 70% estimating value: KeyError: 'action_latency_cycles'
2026-06-27 23:06:26 INFO        
2026-06-27 23:06:26 INFO        ENERGY ESTIMATION for intadder(technology=45nm, width=0, global_cycle_seconds=5e-10).idle(global_cycle_seconds=5e-10)
2026-06-27 23:06:26 INFO        dummy estimated 1p with accuracy 1%. 
2026-06-27 23:06:26 INFO        Plug-ins provided accuracy, but failed to estimate:
2026-06-27 23:06:26 INFO        | Aladdin_table with accuracy 70% estimating value: KeyError: 'action_latency_cycles'
2026-06-27 23:06:26 INFO        
2026-06-27 23:06:26 INFO        ENERGY ESTIMATION for SRAM(technology=45nm, width=32, depth=1, n_rdwr_ports=2, n_banks=1, global_cycle_seconds=5e-10).write(data_delta=0, address_delta=1, global_cycle_seconds=5e-10)
2026-06-27 23:06:26 INFO        CactiSRAM estimated 1.2933562713873066e-14 with accuracy 80%. Messages:
2026-06-27 23:06:26 INFO        | Unused arguments (n_rdwr_ports, global_cycle_seconds) provided for ['SRAM', 'sram'].__init__. Arguments used: (technology, width, depth, n_banks)
2026-06-27 23:06:26 INFO        | Unused arguments (global_cycle_seconds) provided for ['SRAM', 'sram'].write. Arguments used: (data_delta, address_delta)
2026-06-27 23:06:26 INFO        | Calling CACTI with cache_size=256 n_rw_ports=1 block_size=4 tech_node_um=0.045 n_banks=1 tag_size=0 associativity=1
2026-06-27 23:06:26 INFO        | Calling CACTI with input path /usr/local/share/accelergy/estimation_plug_ins/accelergy-cacti-plug-in/cacti_inputs_outputs/tmpwxhcrwnt
2026-06-27 23:06:26 INFO        | CACTI output will be written to /usr/local/share/accelergy/estimation_plug_ins/accelergy-cacti-plug-in/cacti_inputs_outputs/tmpad4hx5ju
2026-06-27 23:06:26 INFO        | CACTI executable not found at /usr/local/share/accelergy/estimation_plug_ins/accelergy-cacti-plug-in/cacti/cacti
2026-06-27 23:06:26 INFO        | Calling: cd /usr/local/share/accelergy/estimation_plug_ins/accelergy-cacti-plug-in ; ./cacti -infile /usr/local/share/accelergy/estimation_plug_ins/accelergy-cacti-plug-in/cacti_inputs_outputs/tmpwxhcrwnt >> /usr/local/share/accelergy/estimation_plug_ins/accelergy-cacti-plug-in/cacti_inputs_outputs/tmpad4hx5ju 2>&1
2026-06-27 23:06:26 INFO        | Cache bandwidth: 4.0 bytes/cycle
2026-06-27 23:06:26 INFO        | Cache bandwidth: 65421210374.168434 bits/second
2026-06-27 23:06:26 INFO        
2026-06-27 23:06:26 INFO        ENERGY ESTIMATION for intadder(technology=45nm, width=0, global_cycle_seconds=5e-10).count(global_cycle_seconds=5e-10)
2026-06-27 23:06:26 INFO        dummy estimated 1p with accuracy 1%. 
2026-06-27 23:06:26 INFO        Plug-ins provided accuracy, but failed to estimate:
2026-06-27 23:06:26 INFO        | Aladdin_table with accuracy 70% estimating value: KeyError: 'action_latency_cycles'
2026-06-27 23:06:26 INFO        
2026-06-27 23:06:26 INFO        ENERGY ESTIMATION for intadder(technology=45nm, width=0, global_cycle_seconds=5e-10).idle(global_cycle_seconds=5e-10)
2026-06-27 23:06:26 INFO        dummy estimated 1p with accuracy 1%. 
2026-06-27 23:06:26 INFO        Plug-ins provided accuracy, but failed to estimate:
2026-06-27 23:06:26 INFO        | Aladdin_table with accuracy 70% estimating value: KeyError: 'action_latency_cycles'
2026-06-27 23:06:26 INFO        
2026-06-27 23:06:26 INFO        ENERGY ESTIMATION for SRAM(technology=45nm, width=32, depth=1, n_rdwr_ports=2, n_banks=1, global_cycle_seconds=5e-10).write(data_delta=1, address_delta=1, global_cycle_seconds=5e-10)
2026-06-27 23:06:26 INFO        CactiSRAM estimated 4.3111875712910225e-14 with accuracy 80%. Messages:
2026-06-27 23:06:26 INFO        | Unused arguments (n_rdwr_ports, global_cycle_seconds) provided for ['SRAM', 'sram'].__init__. Arguments used: (technology, width, depth, n_banks)
2026-06-27 23:06:26 INFO        | Unused arguments (global_cycle_seconds) provided for ['SRAM', 'sram'].write. Arguments used: (data_delta, address_delta)
2026-06-27 23:06:26 INFO        | Calling CACTI with cache_size=256 n_rw_ports=1 block_size=4 tech_node_um=0.045 n_banks=1 tag_size=0 associativity=1
2026-06-27 23:06:26 INFO        | Calling CACTI with input path /usr/local/share/accelergy/estimation_plug_ins/accelergy-cacti-plug-in/cacti_inputs_outputs/tmp525n8uhj
2026-06-27 23:06:26 INFO        | CACTI output will be written to /usr/local/share/accelergy/estimation_plug_ins/accelergy-cacti-plug-in/cacti_inputs_outputs/tmp0z_jksph
2026-06-27 23:06:26 INFO        | CACTI executable not found at /usr/local/share/accelergy/estimation_plug_ins/accelergy-cacti-plug-in/cacti/cacti
2026-06-27 23:06:26 INFO        | Calling: cd /usr/local/share/accelergy/estimation_plug_ins/accelergy-cacti-plug-in ; ./cacti -infile /usr/local/share/accelergy/estimation_plug_ins/accelergy-cacti-plug-in/cacti_inputs_outputs/tmp525n8uhj >> /usr/local/share/accelergy/estimation_plug_ins/accelergy-cacti-plug-in/cacti_inputs_outputs/tmp0z_jksph 2>&1
2026-06-27 23:06:26 INFO        | Cache bandwidth: 4.0 bytes/cycle
2026-06-27 23:06:26 INFO        | Cache bandwidth: 65421210374.168434 bits/second
2026-06-27 23:06:26 INFO        
2026-06-27 23:06:26 INFO        ENERGY ESTIMATION for intadder(technology=45nm, width=0, global_cycle_seconds=5e-10).count(global_cycle_seconds=5e-10)
2026-06-27 23:06:26 INFO        dummy estimated 1p with accuracy 1%. 
2026-06-27 23:06:26 INFO        Plug-ins provided accuracy, but failed to estimate:
2026-06-27 23:06:26 INFO        | Aladdin_table with accuracy 70% estimating value: KeyError: 'action_latency_cycles'
2026-06-27 23:06:26 INFO        
2026-06-27 23:06:26 INFO        ENERGY ESTIMATION for intadder(technology=45nm, width=0, global_cycle_seconds=5e-10).idle(global_cycle_seconds=5e-10)
2026-06-27 23:06:26 INFO        dummy estimated 1p with accuracy 1%. 
2026-06-27 23:06:26 INFO        Plug-ins provided accuracy, but failed to estimate:
2026-06-27 23:06:26 INFO        | Aladdin_table with accuracy 70% estimating value: KeyError: 'action_latency_cycles'
2026-06-27 23:06:26 INFO        
2026-06-27 23:06:26 INFO        ENERGY ESTIMATION for SRAM(technology=45nm, width=32, depth=1, n_rdwr_ports=2, n_banks=1, global_cycle_seconds=5e-10).read(data_delta=0, address_delta=0, global_cycle_seconds=5e-10)
2026-06-27 23:06:26 INFO        CactiSRAM estimated 0.0 with accuracy 80%. Messages:
2026-06-27 23:06:26 INFO        | Unused arguments (n_rdwr_ports, global_cycle_seconds) provided for ['SRAM', 'sram'].__init__. Arguments used: (technology, width, depth, n_banks)
2026-06-27 23:06:26 INFO        | Unused arguments (global_cycle_seconds) provided for ['SRAM', 'sram'].read. Arguments used: (data_delta, address_delta)
2026-06-27 23:06:26 INFO        | Calling CACTI with cache_size=256 n_rw_ports=1 block_size=4 tech_node_um=0.045 n_banks=1 tag_size=0 associativity=1
2026-06-27 23:06:26 INFO        | Calling CACTI with input path /usr/local/share/accelergy/estimation_plug_ins/accelergy-cacti-plug-in/cacti_inputs_outputs/tmp_d5a85sc
2026-06-27 23:06:26 INFO        | CACTI output will be written to /usr/local/share/accelergy/estimation_plug_ins/accelergy-cacti-plug-in/cacti_inputs_outputs/tmpbgg82vig
2026-06-27 23:06:26 INFO        | CACTI executable not found at /usr/local/share/accelergy/estimation_plug_ins/accelergy-cacti-plug-in/cacti/cacti
2026-06-27 23:06:26 INFO        | Calling: cd /usr/local/share/accelergy/estimation_plug_ins/accelergy-cacti-plug-in ; ./cacti -infile /usr/local/share/accelergy/estimation_plug_ins/accelergy-cacti-plug-in/cacti_inputs_outputs/tmp_d5a85sc >> /usr/local/share/accelergy/estimation_plug_ins/accelergy-cacti-plug-in/cacti_inputs_outputs/tmpbgg82vig 2>&1
2026-06-27 23:06:26 INFO        | Cache bandwidth: 4.0 bytes/cycle
2026-06-27 23:06:26 INFO        | Cache bandwidth: 65421210374.168434 bits/second
2026-06-27 23:06:26 INFO        
2026-06-27 23:06:26 INFO        ENERGY ESTIMATION for intadder(technology=45nm, width=0, global_cycle_seconds=5e-10).add(global_cycle_seconds=5e-10)
2026-06-27 23:06:26 INFO        dummy estimated 1p with accuracy 1%. 
2026-06-27 23:06:26 INFO        Plug-ins provided accuracy, but failed to estimate:
2026-06-27 23:06:26 INFO        | Aladdin_table with accuracy 70% estimating value: KeyError: 'action_latency_cycles'
2026-06-27 23:06:26 INFO        
2026-06-27 23:06:26 INFO        ENERGY ESTIMATION for intadder(technology=45nm, width=0, global_cycle_seconds=5e-10).idle(global_cycle_seconds=5e-10)
2026-06-27 23:06:26 INFO        dummy estimated 1p with accuracy 1%. 
2026-06-27 23:06:26 INFO        Plug-ins provided accuracy, but failed to estimate:
2026-06-27 23:06:26 INFO        | Aladdin_table with accuracy 70% estimating value: KeyError: 'action_latency_cycles'
2026-06-27 23:06:26 INFO        
2026-06-27 23:06:26 INFO        ENERGY ESTIMATION for SRAM(technology=45nm, width=32, depth=1, n_rdwr_ports=2, n_banks=1, global_cycle_seconds=5e-10).read(data_delta=1, address_delta=0, global_cycle_seconds=5e-10)
2026-06-27 23:06:26 INFO        CactiSRAM estimated 1.8338580423474302e-14 with accuracy 80%. Messages:
2026-06-27 23:06:26 INFO        | Unused arguments (n_rdwr_ports, global_cycle_seconds) provided for ['SRAM', 'sram'].__init__. Arguments used: (technology, width, depth, n_banks)
2026-06-27 23:06:26 INFO        | Unused arguments (global_cycle_seconds) provided for ['SRAM', 'sram'].read. Arguments used: (data_delta, address_delta)
2026-06-27 23:06:26 INFO        | Calling CACTI with cache_size=256 n_rw_ports=1 block_size=4 tech_node_um=0.045 n_banks=1 tag_size=0 associativity=1
2026-06-27 23:06:26 INFO        | Calling CACTI with input path /usr/local/share/accelergy/estimation_plug_ins/accelergy-cacti-plug-in/cacti_inputs_outputs/tmpg0naqzxj
2026-06-27 23:06:26 INFO        | CACTI output will be written to /usr/local/share/accelergy/estimation_plug_ins/accelergy-cacti-plug-in/cacti_inputs_outputs/tmpke_at63w
2026-06-27 23:06:26 INFO        | CACTI executable not found at /usr/local/share/accelergy/estimation_plug_ins/accelergy-cacti-plug-in/cacti/cacti
2026-06-27 23:06:26 INFO        | Calling: cd /usr/local/share/accelergy/estimation_plug_ins/accelergy-cacti-plug-in ; ./cacti -infile /usr/local/share/accelergy/estimation_plug_ins/accelergy-cacti-plug-in/cacti_inputs_outputs/tmpg0naqzxj >> /usr/local/share/accelergy/estimation_plug_ins/accelergy-cacti-plug-in/cacti_inputs_outputs/tmpke_at63w 2>&1
2026-06-27 23:06:26 INFO        | Cache bandwidth: 4.0 bytes/cycle
2026-06-27 23:06:26 INFO        | Cache bandwidth: 65421210374.168434 bits/second
2026-06-27 23:06:26 INFO        
2026-06-27 23:06:26 INFO        ENERGY ESTIMATION for intadder(technology=45nm, width=0, global_cycle_seconds=5e-10).add(global_cycle_seconds=5e-10)
2026-06-27 23:06:26 INFO        dummy estimated 1p with accuracy 1%. 
2026-06-27 23:06:26 INFO        Plug-ins provided accuracy, but failed to estimate:
2026-06-27 23:06:26 INFO        | Aladdin_table with accuracy 70% estimating value: KeyError: 'action_latency_cycles'
2026-06-27 23:06:26 INFO        
2026-06-27 23:06:26 INFO        ENERGY ESTIMATION for intadder(technology=45nm, width=0, global_cycle_seconds=5e-10).idle(global_cycle_seconds=5e-10)
2026-06-27 23:06:26 INFO        dummy estimated 1p with accuracy 1%. 
2026-06-27 23:06:26 INFO        Plug-ins provided accuracy, but failed to estimate:
2026-06-27 23:06:26 INFO        | Aladdin_table with accuracy 70% estimating value: KeyError: 'action_latency_cycles'
2026-06-27 23:06:26 INFO        
2026-06-27 23:06:26 INFO        ENERGY ESTIMATION for SRAM(technology=45nm, width=32, depth=1, n_rdwr_ports=2, n_banks=1, global_cycle_seconds=5e-10).read(data_delta=0, address_delta=1, global_cycle_seconds=5e-10)
2026-06-27 23:06:26 INFO        CactiSRAM estimated 7.859391610060416e-15 with accuracy 80%. Messages:
2026-06-27 23:06:26 INFO        | Unused arguments (n_rdwr_ports, global_cycle_seconds) provided for ['SRAM', 'sram'].__init__. Arguments used: (technology, width, depth, n_banks)
2026-06-27 23:06:26 INFO        | Unused arguments (global_cycle_seconds) provided for ['SRAM', 'sram'].read. Arguments used: (data_delta, address_delta)
2026-06-27 23:06:26 INFO        | Calling CACTI with cache_size=256 n_rw_ports=1 block_size=4 tech_node_um=0.045 n_banks=1 tag_size=0 associativity=1
2026-06-27 23:06:26 INFO        | Calling CACTI with input path /usr/local/share/accelergy/estimation_plug_ins/accelergy-cacti-plug-in/cacti_inputs_outputs/tmp8ido1syb
2026-06-27 23:06:26 INFO        | CACTI output will be written to /usr/local/share/accelergy/estimation_plug_ins/accelergy-cacti-plug-in/cacti_inputs_outputs/tmpl9nqhq4a
2026-06-27 23:06:26 INFO        | CACTI executable not found at /usr/local/share/accelergy/estimation_plug_ins/accelergy-cacti-plug-in/cacti/cacti
2026-06-27 23:06:26 INFO        | Calling: cd /usr/local/share/accelergy/estimation_plug_ins/accelergy-cacti-plug-in ; ./cacti -infile /usr/local/share/accelergy/estimation_plug_ins/accelergy-cacti-plug-in/cacti_inputs_outputs/tmp8ido1syb >> /usr/local/share/accelergy/estimation_plug_ins/accelergy-cacti-plug-in/cacti_inputs_outputs/tmpl9nqhq4a 2>&1
2026-06-27 23:06:26 INFO        | Cache bandwidth: 4.0 bytes/cycle
2026-06-27 23:06:26 INFO        | Cache bandwidth: 65421210374.168434 bits/second
2026-06-27 23:06:26 INFO        
2026-06-27 23:06:26 INFO        ENERGY ESTIMATION for intadder(technology=45nm, width=0, global_cycle_seconds=5e-10).add(global_cycle_seconds=5e-10)
2026-06-27 23:06:26 INFO        dummy estimated 1p with accuracy 1%. 
2026-06-27 23:06:26 INFO        Plug-ins provided accuracy, but failed to estimate:
2026-06-27 23:06:26 INFO        | Aladdin_table with accuracy 70% estimating value: KeyError: 'action_latency_cycles'
2026-06-27 23:06:26 INFO        
2026-06-27 23:06:26 INFO        ENERGY ESTIMATION for intadder(technology=45nm, width=0, global_cycle_seconds=5e-10).idle(global_cycle_seconds=5e-10)
2026-06-27 23:06:26 INFO        dummy estimated 1p with accuracy 1%. 
2026-06-27 23:06:26 INFO        Plug-ins provided accuracy, but failed to estimate:
2026-06-27 23:06:26 INFO        | Aladdin_table with accuracy 70% estimating value: KeyError: 'action_latency_cycles'
2026-06-27 23:06:26 INFO        
2026-06-27 23:06:26 INFO        ENERGY ESTIMATION for SRAM(technology=45nm, width=32, depth=1, n_rdwr_ports=2, n_banks=1, global_cycle_seconds=5e-10).read(data_delta=1, address_delta=1, global_cycle_seconds=5e-10)
2026-06-27 23:06:26 INFO        CactiSRAM estimated 2.619797203353472e-14 with accuracy 80%. Messages:
2026-06-27 23:06:26 INFO        | Unused arguments (n_rdwr_ports, global_cycle_seconds) provided for ['SRAM', 'sram'].__init__. Arguments used: (technology, width, depth, n_banks)
2026-06-27 23:06:26 INFO        | Unused arguments (global_cycle_seconds) provided for ['SRAM', 'sram'].read. Arguments used: (data_delta, address_delta)
2026-06-27 23:06:26 INFO        | Calling CACTI with cache_size=256 n_rw_ports=1 block_size=4 tech_node_um=0.045 n_banks=1 tag_size=0 associativity=1
2026-06-27 23:06:26 INFO        | Calling CACTI with input path /usr/local/share/accelergy/estimation_plug_ins/accelergy-cacti-plug-in/cacti_inputs_outputs/tmp6an_yiad
2026-06-27 23:06:26 INFO        | CACTI output will be written to /usr/local/share/accelergy/estimation_plug_ins/accelergy-cacti-plug-in/cacti_inputs_outputs/tmpaak545we
2026-06-27 23:06:26 INFO        | CACTI executable not found at /usr/local/share/accelergy/estimation_plug_ins/accelergy-cacti-plug-in/cacti/cacti
2026-06-27 23:06:26 INFO        | Calling: cd /usr/local/share/accelergy/estimation_plug_ins/accelergy-cacti-plug-in ; ./cacti -infile /usr/local/share/accelergy/estimation_plug_ins/accelergy-cacti-plug-in/cacti_inputs_outputs/tmp6an_yiad >> /usr/local/share/accelergy/estimation_plug_ins/accelergy-cacti-plug-in/cacti_inputs_outputs/tmpaak545we 2>&1
2026-06-27 23:06:26 INFO        | Cache bandwidth: 4.0 bytes/cycle
2026-06-27 23:06:26 INFO        | Cache bandwidth: 65421210374.168434 bits/second
2026-06-27 23:06:26 INFO        
2026-06-27 23:06:26 INFO        ENERGY ESTIMATION for intadder(technology=45nm, width=0, global_cycle_seconds=5e-10).add(global_cycle_seconds=5e-10)
2026-06-27 23:06:26 INFO        dummy estimated 1p with accuracy 1%. 
2026-06-27 23:06:26 INFO        Plug-ins provided accuracy, but failed to estimate:
2026-06-27 23:06:26 INFO        | Aladdin_table with accuracy 70% estimating value: KeyError: 'action_latency_cycles'
2026-06-27 23:06:26 INFO        
2026-06-27 23:06:26 INFO        ENERGY ESTIMATION for intadder(technology=45nm, width=0, global_cycle_seconds=5e-10).idle(global_cycle_seconds=5e-10)
2026-06-27 23:06:26 INFO        dummy estimated 1p with accuracy 1%. 
2026-06-27 23:06:26 INFO        Plug-ins provided accuracy, but failed to estimate:
2026-06-27 23:06:26 INFO        | Aladdin_table with accuracy 70% estimating value: KeyError: 'action_latency_cycles'
2026-06-27 23:06:26 INFO        
2026-06-27 23:06:26 INFO        ENERGY ESTIMATION for SRAM(technology=45nm, width=32, depth=1, n_rdwr_ports=2, n_banks=1, global_cycle_seconds=5e-10).idle(global_cycle_seconds=5e-10)
2026-06-27 23:06:26 INFO        CactiSRAM estimated 0 with accuracy 80%. Messages:
2026-06-27 23:06:26 INFO        | Unused arguments (n_rdwr_ports, global_cycle_seconds) provided for ['SRAM', 'sram'].__init__. Arguments used: (technology, width, depth, n_banks)
2026-06-27 23:06:26 INFO        | Unused arguments (global_cycle_seconds) provided for ['SRAM', 'sram'].idle. Arguments used: ()
2026-06-27 23:06:26 INFO        
2026-06-27 23:06:26 INFO        ENERGY ESTIMATION for intadder(technology=45nm, width=0, global_cycle_seconds=5e-10).idle(global_cycle_seconds=5e-10)
2026-06-27 23:06:26 INFO        dummy estimated 1p with accuracy 1%. 
2026-06-27 23:06:26 INFO        Plug-ins provided accuracy, but failed to estimate:
2026-06-27 23:06:26 INFO        | Aladdin_table with accuracy 70% estimating value: KeyError: 'action_latency_cycles'
2026-06-27 23:06:26 INFO        
2026-06-27 23:06:26 INFO        ENERGY ESTIMATION for intmac(technology=45nm, datawidth=16, global_cycle_seconds=5e-10).mac_random(global_cycle_seconds=5e-10)
2026-06-27 23:06:26 INFO        dummy estimated 1p with accuracy 1%. 
2026-06-27 23:06:26 INFO        Plug-ins provided accuracy, but failed to estimate:
2026-06-27 23:06:26 INFO        | Aladdin_table with accuracy 70% estimating value: KeyError: 'width'
2026-06-27 23:06:26 INFO        
2026-06-27 23:06:26 INFO        ENERGY ESTIMATION for SRAM(technology=45nm, width=512, depth=2048, n_rdwr_ports=2, n_banks=1, global_cycle_seconds=5e-10).write(data_delta=0, address_delta=0, global_cycle_seconds=5e-10)
2026-06-27 23:06:27 INFO        CactiSRAM estimated 0.0 with accuracy 80%. Messages:
2026-06-27 23:06:27 INFO        | Unused arguments (n_rdwr_ports, global_cycle_seconds) provided for ['SRAM', 'sram'].__init__. Arguments used: (technology, width, depth, n_banks)
2026-06-27 23:06:27 INFO        | Unused arguments (global_cycle_seconds) provided for ['SRAM', 'sram'].write. Arguments used: (data_delta, address_delta)
2026-06-27 23:06:27 INFO        | Calling CACTI with cache_size=131072 n_rw_ports=1 block_size=64 tech_node_um=0.045 n_banks=1 tag_size=0 associativity=1
2026-06-27 23:06:27 INFO        | Calling CACTI with input path /usr/local/share/accelergy/estimation_plug_ins/accelergy-cacti-plug-in/cacti_inputs_outputs/tmpohgmqq1l
2026-06-27 23:06:27 INFO        | CACTI output will be written to /usr/local/share/accelergy/estimation_plug_ins/accelergy-cacti-plug-in/cacti_inputs_outputs/tmpj0jdeotj
2026-06-27 23:06:27 INFO        | CACTI executable not found at /usr/local/share/accelergy/estimation_plug_ins/accelergy-cacti-plug-in/cacti/cacti
2026-06-27 23:06:27 INFO        | Calling: cd /usr/local/share/accelergy/estimation_plug_ins/accelergy-cacti-plug-in ; ./cacti -infile /usr/local/share/accelergy/estimation_plug_ins/accelergy-cacti-plug-in/cacti_inputs_outputs/tmpohgmqq1l >> /usr/local/share/accelergy/estimation_plug_ins/accelergy-cacti-plug-in/cacti_inputs_outputs/tmpj0jdeotj 2>&1
2026-06-27 23:06:27 INFO        | Cache bandwidth: 64.0 bytes/cycle
2026-06-27 23:06:27 INFO        | Cache bandwidth: 215697921801.07767 bits/second
2026-06-27 23:06:27 INFO        
2026-06-27 23:06:27 INFO        ENERGY ESTIMATION for intadder(technology=45nm, width=7.6246189861593985, global_cycle_seconds=5e-10).count(global_cycle_seconds=5e-10)
2026-06-27 23:06:27 INFO        dummy estimated 1p with accuracy 1%. 
2026-06-27 23:06:27 INFO        Plug-ins provided accuracy, but failed to estimate:
2026-06-27 23:06:27 INFO        | Aladdin_table with accuracy 70% estimating value: KeyError: 'action_latency_cycles'
2026-06-27 23:06:27 INFO        
2026-06-27 23:06:27 INFO        ENERGY ESTIMATION for intadder(technology=45nm, width=7.6246189861593985, global_cycle_seconds=5e-10).idle(global_cycle_seconds=5e-10)
2026-06-27 23:06:27 INFO        dummy estimated 1p with accuracy 1%. 
2026-06-27 23:06:27 INFO        Plug-ins provided accuracy, but failed to estimate:
2026-06-27 23:06:27 INFO        | Aladdin_table with accuracy 70% estimating value: KeyError: 'action_latency_cycles'
2026-06-27 23:06:27 INFO        
2026-06-27 23:06:27 INFO        ENERGY ESTIMATION for SRAM(technology=45nm, width=512, depth=2048, n_rdwr_ports=2, n_banks=1, global_cycle_seconds=5e-10).write(data_delta=1, address_delta=0, global_cycle_seconds=5e-10)
2026-06-27 23:06:28 INFO        CactiSRAM estimated 1.388625e-10 with accuracy 80%. Messages:
2026-06-27 23:06:28 INFO        | Unused arguments (n_rdwr_ports, global_cycle_seconds) provided for ['SRAM', 'sram'].__init__. Arguments used: (technology, width, depth, n_banks)
2026-06-27 23:06:28 INFO        | Unused arguments (global_cycle_seconds) provided for ['SRAM', 'sram'].write. Arguments used: (data_delta, address_delta)
2026-06-27 23:06:28 INFO        | Calling CACTI with cache_size=131072 n_rw_ports=1 block_size=64 tech_node_um=0.045 n_banks=1 tag_size=0 associativity=1
2026-06-27 23:06:28 INFO        | Calling CACTI with input path /usr/local/share/accelergy/estimation_plug_ins/accelergy-cacti-plug-in/cacti_inputs_outputs/tmpx0vlpx_3
2026-06-27 23:06:28 INFO        | CACTI output will be written to /usr/local/share/accelergy/estimation_plug_ins/accelergy-cacti-plug-in/cacti_inputs_outputs/tmp_o6euel7
2026-06-27 23:06:28 INFO        | CACTI executable not found at /usr/local/share/accelergy/estimation_plug_ins/accelergy-cacti-plug-in/cacti/cacti
2026-06-27 23:06:28 INFO        | Calling: cd /usr/local/share/accelergy/estimation_plug_ins/accelergy-cacti-plug-in ; ./cacti -infile /usr/local/share/accelergy/estimation_plug_ins/accelergy-cacti-plug-in/cacti_inputs_outputs/tmpx0vlpx_3 >> /usr/local/share/accelergy/estimation_plug_ins/accelergy-cacti-plug-in/cacti_inputs_outputs/tmp_o6euel7 2>&1
2026-06-27 23:06:28 INFO        | Cache bandwidth: 64.0 bytes/cycle
2026-06-27 23:06:28 INFO        | Cache bandwidth: 215697921801.07767 bits/second
2026-06-27 23:06:28 INFO        
2026-06-27 23:06:28 INFO        ENERGY ESTIMATION for intadder(technology=45nm, width=7.6246189861593985, global_cycle_seconds=5e-10).count(global_cycle_seconds=5e-10)
2026-06-27 23:06:28 INFO        dummy estimated 1p with accuracy 1%. 
2026-06-27 23:06:28 INFO        Plug-ins provided accuracy, but failed to estimate:
2026-06-27 23:06:28 INFO        | Aladdin_table with accuracy 70% estimating value: KeyError: 'action_latency_cycles'
2026-06-27 23:06:28 INFO        
2026-06-27 23:06:28 INFO        ENERGY ESTIMATION for intadder(technology=45nm, width=7.6246189861593985, global_cycle_seconds=5e-10).idle(global_cycle_seconds=5e-10)
2026-06-27 23:06:28 INFO        dummy estimated 1p with accuracy 1%. 
2026-06-27 23:06:28 INFO        Plug-ins provided accuracy, but failed to estimate:
2026-06-27 23:06:28 INFO        | Aladdin_table with accuracy 70% estimating value: KeyError: 'action_latency_cycles'
2026-06-27 23:06:28 INFO        
2026-06-27 23:06:28 INFO        ENERGY ESTIMATION for SRAM(technology=45nm, width=512, depth=2048, n_rdwr_ports=2, n_banks=1, global_cycle_seconds=5e-10).write(data_delta=0, address_delta=1, global_cycle_seconds=5e-10)
2026-06-27 23:06:29 INFO        CactiSRAM estimated 5.951249999999999e-11 with accuracy 80%. Messages:
2026-06-27 23:06:29 INFO        | Unused arguments (n_rdwr_ports, global_cycle_seconds) provided for ['SRAM', 'sram'].__init__. Arguments used: (technology, width, depth, n_banks)
2026-06-27 23:06:29 INFO        | Unused arguments (global_cycle_seconds) provided for ['SRAM', 'sram'].write. Arguments used: (data_delta, address_delta)
2026-06-27 23:06:29 INFO        | Calling CACTI with cache_size=131072 n_rw_ports=1 block_size=64 tech_node_um=0.045 n_banks=1 tag_size=0 associativity=1
2026-06-27 23:06:29 INFO        | Calling CACTI with input path /usr/local/share/accelergy/estimation_plug_ins/accelergy-cacti-plug-in/cacti_inputs_outputs/tmp_0igdp0u
2026-06-27 23:06:29 INFO        | CACTI output will be written to /usr/local/share/accelergy/estimation_plug_ins/accelergy-cacti-plug-in/cacti_inputs_outputs/tmpjdxlyx1u
2026-06-27 23:06:29 INFO        | CACTI executable not found at /usr/local/share/accelergy/estimation_plug_ins/accelergy-cacti-plug-in/cacti/cacti
2026-06-27 23:06:29 INFO        | Calling: cd /usr/local/share/accelergy/estimation_plug_ins/accelergy-cacti-plug-in ; ./cacti -infile /usr/local/share/accelergy/estimation_plug_ins/accelergy-cacti-plug-in/cacti_inputs_outputs/tmp_0igdp0u >> /usr/local/share/accelergy/estimation_plug_ins/accelergy-cacti-plug-in/cacti_inputs_outputs/tmpjdxlyx1u 2>&1
2026-06-27 23:06:29 INFO        | Cache bandwidth: 64.0 bytes/cycle
2026-06-27 23:06:29 INFO        | Cache bandwidth: 215697921801.07767 bits/second
2026-06-27 23:06:29 INFO        
2026-06-27 23:06:29 INFO        ENERGY ESTIMATION for intadder(technology=45nm, width=7.6246189861593985, global_cycle_seconds=5e-10).count(global_cycle_seconds=5e-10)
2026-06-27 23:06:29 INFO        dummy estimated 1p with accuracy 1%. 
2026-06-27 23:06:29 INFO        Plug-ins provided accuracy, but failed to estimate:
2026-06-27 23:06:29 INFO        | Aladdin_table with accuracy 70% estimating value: KeyError: 'action_latency_cycles'
2026-06-27 23:06:29 INFO        
2026-06-27 23:06:29 INFO        ENERGY ESTIMATION for intadder(technology=45nm, width=7.6246189861593985, global_cycle_seconds=5e-10).idle(global_cycle_seconds=5e-10)
2026-06-27 23:06:29 INFO        dummy estimated 1p with accuracy 1%. 
2026-06-27 23:06:29 INFO        Plug-ins provided accuracy, but failed to estimate:
2026-06-27 23:06:29 INFO        | Aladdin_table with accuracy 70% estimating value: KeyError: 'action_latency_cycles'
2026-06-27 23:06:29 INFO        
2026-06-27 23:06:29 INFO        ENERGY ESTIMATION for SRAM(technology=45nm, width=512, depth=2048, n_rdwr_ports=2, n_banks=1, global_cycle_seconds=5e-10).write(data_delta=1, address_delta=1, global_cycle_seconds=5e-10)
2026-06-27 23:06:30 INFO        CactiSRAM estimated 1.98375e-10 with accuracy 80%. Messages:
2026-06-27 23:06:30 INFO        | Unused arguments (n_rdwr_ports, global_cycle_seconds) provided for ['SRAM', 'sram'].__init__. Arguments used: (technology, width, depth, n_banks)
2026-06-27 23:06:30 INFO        | Unused arguments (global_cycle_seconds) provided for ['SRAM', 'sram'].write. Arguments used: (data_delta, address_delta)
2026-06-27 23:06:30 INFO        | Calling CACTI with cache_size=131072 n_rw_ports=1 block_size=64 tech_node_um=0.045 n_banks=1 tag_size=0 associativity=1
2026-06-27 23:06:30 INFO        | Calling CACTI with input path /usr/local/share/accelergy/estimation_plug_ins/accelergy-cacti-plug-in/cacti_inputs_outputs/tmp3snk47lk
2026-06-27 23:06:30 INFO        | CACTI output will be written to /usr/local/share/accelergy/estimation_plug_ins/accelergy-cacti-plug-in/cacti_inputs_outputs/tmp471_dcrn
2026-06-27 23:06:30 INFO        | CACTI executable not found at /usr/local/share/accelergy/estimation_plug_ins/accelergy-cacti-plug-in/cacti/cacti
2026-06-27 23:06:30 INFO        | Calling: cd /usr/local/share/accelergy/estimation_plug_ins/accelergy-cacti-plug-in ; ./cacti -infile /usr/local/share/accelergy/estimation_plug_ins/accelergy-cacti-plug-in/cacti_inputs_outputs/tmp3snk47lk >> /usr/local/share/accelergy/estimation_plug_ins/accelergy-cacti-plug-in/cacti_inputs_outputs/tmp471_dcrn 2>&1
2026-06-27 23:06:30 INFO        | Cache bandwidth: 64.0 bytes/cycle
2026-06-27 23:06:30 INFO        | Cache bandwidth: 215697921801.07767 bits/second
2026-06-27 23:06:30 INFO        
2026-06-27 23:06:30 INFO        ENERGY ESTIMATION for intadder(technology=45nm, width=7.6246189861593985, global_cycle_seconds=5e-10).count(global_cycle_seconds=5e-10)
2026-06-27 23:06:30 INFO        dummy estimated 1p with accuracy 1%. 
2026-06-27 23:06:30 INFO        Plug-ins provided accuracy, but failed to estimate:
2026-06-27 23:06:30 INFO        | Aladdin_table with accuracy 70% estimating value: KeyError: 'action_latency_cycles'
2026-06-27 23:06:30 INFO        
2026-06-27 23:06:30 INFO        ENERGY ESTIMATION for intadder(technology=45nm, width=7.6246189861593985, global_cycle_seconds=5e-10).idle(global_cycle_seconds=5e-10)
2026-06-27 23:06:30 INFO        dummy estimated 1p with accuracy 1%. 
2026-06-27 23:06:30 INFO        Plug-ins provided accuracy, but failed to estimate:
2026-06-27 23:06:30 INFO        | Aladdin_table with accuracy 70% estimating value: KeyError: 'action_latency_cycles'
2026-06-27 23:06:30 INFO        
2026-06-27 23:06:30 INFO        ENERGY ESTIMATION for SRAM(technology=45nm, width=512, depth=2048, n_rdwr_ports=2, n_banks=1, global_cycle_seconds=5e-10).read(data_delta=0, address_delta=0, global_cycle_seconds=5e-10)
2026-06-27 23:06:31 INFO        CactiSRAM estimated 0.0 with accuracy 80%. Messages:
2026-06-27 23:06:31 INFO        | Unused arguments (n_rdwr_ports, global_cycle_seconds) provided for ['SRAM', 'sram'].__init__. Arguments used: (technology, width, depth, n_banks)
2026-06-27 23:06:31 INFO        | Unused arguments (global_cycle_seconds) provided for ['SRAM', 'sram'].read. Arguments used: (data_delta, address_delta)
2026-06-27 23:06:31 INFO        | Calling CACTI with cache_size=131072 n_rw_ports=1 block_size=64 tech_node_um=0.045 n_banks=1 tag_size=0 associativity=1
2026-06-27 23:06:31 INFO        | Calling CACTI with input path /usr/local/share/accelergy/estimation_plug_ins/accelergy-cacti-plug-in/cacti_inputs_outputs/tmpg_y80su3
2026-06-27 23:06:31 INFO        | CACTI output will be written to /usr/local/share/accelergy/estimation_plug_ins/accelergy-cacti-plug-in/cacti_inputs_outputs/tmp0fjxriok
2026-06-27 23:06:31 INFO        | CACTI executable not found at /usr/local/share/accelergy/estimation_plug_ins/accelergy-cacti-plug-in/cacti/cacti
2026-06-27 23:06:31 INFO        | Calling: cd /usr/local/share/accelergy/estimation_plug_ins/accelergy-cacti-plug-in ; ./cacti -infile /usr/local/share/accelergy/estimation_plug_ins/accelergy-cacti-plug-in/cacti_inputs_outputs/tmpg_y80su3 >> /usr/local/share/accelergy/estimation_plug_ins/accelergy-cacti-plug-in/cacti_inputs_outputs/tmp0fjxriok 2>&1
2026-06-27 23:06:31 INFO        | Cache bandwidth: 64.0 bytes/cycle
2026-06-27 23:06:31 INFO        | Cache bandwidth: 215697921801.07767 bits/second
2026-06-27 23:06:31 INFO        
2026-06-27 23:06:31 INFO        ENERGY ESTIMATION for intadder(technology=45nm, width=7.6246189861593985, global_cycle_seconds=5e-10).add(global_cycle_seconds=5e-10)
2026-06-27 23:06:31 INFO        dummy estimated 1p with accuracy 1%. 
2026-06-27 23:06:31 INFO        Plug-ins provided accuracy, but failed to estimate:
2026-06-27 23:06:31 INFO        | Aladdin_table with accuracy 70% estimating value: KeyError: 'action_latency_cycles'
2026-06-27 23:06:31 INFO        
2026-06-27 23:06:31 INFO        ENERGY ESTIMATION for intadder(technology=45nm, width=7.6246189861593985, global_cycle_seconds=5e-10).idle(global_cycle_seconds=5e-10)
2026-06-27 23:06:31 INFO        dummy estimated 1p with accuracy 1%. 
2026-06-27 23:06:31 INFO        Plug-ins provided accuracy, but failed to estimate:
2026-06-27 23:06:31 INFO        | Aladdin_table with accuracy 70% estimating value: KeyError: 'action_latency_cycles'
2026-06-27 23:06:31 INFO        
2026-06-27 23:06:31 INFO        ENERGY ESTIMATION for SRAM(technology=45nm, width=512, depth=2048, n_rdwr_ports=2, n_banks=1, global_cycle_seconds=5e-10).read(data_delta=1, address_delta=0, global_cycle_seconds=5e-10)
2026-06-27 23:06:31 INFO        CactiSRAM estimated 6.844075e-11 with accuracy 80%. Messages:
2026-06-27 23:06:31 INFO        | Unused arguments (n_rdwr_ports, global_cycle_seconds) provided for ['SRAM', 'sram'].__init__. Arguments used: (technology, width, depth, n_banks)
2026-06-27 23:06:31 INFO        | Unused arguments (global_cycle_seconds) provided for ['SRAM', 'sram'].read. Arguments used: (data_delta, address_delta)
2026-06-27 23:06:31 INFO        | Calling CACTI with cache_size=131072 n_rw_ports=1 block_size=64 tech_node_um=0.045 n_banks=1 tag_size=0 associativity=1
2026-06-27 23:06:31 INFO        | Calling CACTI with input path /usr/local/share/accelergy/estimation_plug_ins/accelergy-cacti-plug-in/cacti_inputs_outputs/tmpdfsh4l8n
2026-06-27 23:06:31 INFO        | CACTI output will be written to /usr/local/share/accelergy/estimation_plug_ins/accelergy-cacti-plug-in/cacti_inputs_outputs/tmp2yg8hfje
2026-06-27 23:06:31 INFO        | CACTI executable not found at /usr/local/share/accelergy/estimation_plug_ins/accelergy-cacti-plug-in/cacti/cacti
2026-06-27 23:06:31 INFO        | Calling: cd /usr/local/share/accelergy/estimation_plug_ins/accelergy-cacti-plug-in ; ./cacti -infile /usr/local/share/accelergy/estimation_plug_ins/accelergy-cacti-plug-in/cacti_inputs_outputs/tmpdfsh4l8n >> /usr/local/share/accelergy/estimation_plug_ins/accelergy-cacti-plug-in/cacti_inputs_outputs/tmp2yg8hfje 2>&1
2026-06-27 23:06:31 INFO        | Cache bandwidth: 64.0 bytes/cycle
2026-06-27 23:06:31 INFO        | Cache bandwidth: 215697921801.07767 bits/second
2026-06-27 23:06:31 INFO        
2026-06-27 23:06:31 INFO        ENERGY ESTIMATION for intadder(technology=45nm, width=7.6246189861593985, global_cycle_seconds=5e-10).add(global_cycle_seconds=5e-10)
2026-06-27 23:06:31 INFO        dummy estimated 1p with accuracy 1%. 
2026-06-27 23:06:31 INFO        Plug-ins provided accuracy, but failed to estimate:
2026-06-27 23:06:31 INFO        | Aladdin_table with accuracy 70% estimating value: KeyError: 'action_latency_cycles'
2026-06-27 23:06:31 INFO        
2026-06-27 23:06:31 INFO        ENERGY ESTIMATION for intadder(technology=45nm, width=7.6246189861593985, global_cycle_seconds=5e-10).idle(global_cycle_seconds=5e-10)
2026-06-27 23:06:31 INFO        dummy estimated 1p with accuracy 1%. 
2026-06-27 23:06:31 INFO        Plug-ins provided accuracy, but failed to estimate:
2026-06-27 23:06:31 INFO        | Aladdin_table with accuracy 70% estimating value: KeyError: 'action_latency_cycles'
2026-06-27 23:06:31 INFO        
2026-06-27 23:06:31 INFO        ENERGY ESTIMATION for SRAM(technology=45nm, width=512, depth=2048, n_rdwr_ports=2, n_banks=1, global_cycle_seconds=5e-10).read(data_delta=0, address_delta=1, global_cycle_seconds=5e-10)
2026-06-27 23:06:32 INFO        CactiSRAM estimated 2.933175e-11 with accuracy 80%. Messages:
2026-06-27 23:06:32 INFO        | Unused arguments (n_rdwr_ports, global_cycle_seconds) provided for ['SRAM', 'sram'].__init__. Arguments used: (technology, width, depth, n_banks)
2026-06-27 23:06:32 INFO        | Unused arguments (global_cycle_seconds) provided for ['SRAM', 'sram'].read. Arguments used: (data_delta, address_delta)
2026-06-27 23:06:32 INFO        | Calling CACTI with cache_size=131072 n_rw_ports=1 block_size=64 tech_node_um=0.045 n_banks=1 tag_size=0 associativity=1
2026-06-27 23:06:32 INFO        | Calling CACTI with input path /usr/local/share/accelergy/estimation_plug_ins/accelergy-cacti-plug-in/cacti_inputs_outputs/tmpwlau26dj
2026-06-27 23:06:32 INFO        | CACTI output will be written to /usr/local/share/accelergy/estimation_plug_ins/accelergy-cacti-plug-in/cacti_inputs_outputs/tmpke2vk6th
2026-06-27 23:06:32 INFO        | CACTI executable not found at /usr/local/share/accelergy/estimation_plug_ins/accelergy-cacti-plug-in/cacti/cacti
2026-06-27 23:06:32 INFO        | Calling: cd /usr/local/share/accelergy/estimation_plug_ins/accelergy-cacti-plug-in ; ./cacti -infile /usr/local/share/accelergy/estimation_plug_ins/accelergy-cacti-plug-in/cacti_inputs_outputs/tmpwlau26dj >> /usr/local/share/accelergy/estimation_plug_ins/accelergy-cacti-plug-in/cacti_inputs_outputs/tmpke2vk6th 2>&1
2026-06-27 23:06:32 INFO        | Cache bandwidth: 64.0 bytes/cycle
2026-06-27 23:06:32 INFO        | Cache bandwidth: 215697921801.07767 bits/second
2026-06-27 23:06:32 INFO        
2026-06-27 23:06:32 INFO        ENERGY ESTIMATION for intadder(technology=45nm, width=7.6246189861593985, global_cycle_seconds=5e-10).add(global_cycle_seconds=5e-10)
2026-06-27 23:06:32 INFO        dummy estimated 1p with accuracy 1%. 
2026-06-27 23:06:32 INFO        Plug-ins provided accuracy, but failed to estimate:
2026-06-27 23:06:32 INFO        | Aladdin_table with accuracy 70% estimating value: KeyError: 'action_latency_cycles'
2026-06-27 23:06:32 INFO        
2026-06-27 23:06:32 INFO        ENERGY ESTIMATION for intadder(technology=45nm, width=7.6246189861593985, global_cycle_seconds=5e-10).idle(global_cycle_seconds=5e-10)
2026-06-27 23:06:32 INFO        dummy estimated 1p with accuracy 1%. 
2026-06-27 23:06:32 INFO        Plug-ins provided accuracy, but failed to estimate:
2026-06-27 23:06:32 INFO        | Aladdin_table with accuracy 70% estimating value: KeyError: 'action_latency_cycles'
2026-06-27 23:06:32 INFO        
2026-06-27 23:06:32 INFO        ENERGY ESTIMATION for SRAM(technology=45nm, width=512, depth=2048, n_rdwr_ports=2, n_banks=1, global_cycle_seconds=5e-10).read(data_delta=1, address_delta=1, global_cycle_seconds=5e-10)
2026-06-27 23:06:32 INFO        CactiSRAM estimated 9.777250000000001e-11 with accuracy 80%. Messages:
2026-06-27 23:06:32 INFO        | Unused arguments (n_rdwr_ports, global_cycle_seconds) provided for ['SRAM', 'sram'].__init__. Arguments used: (technology, width, depth, n_banks)
2026-06-27 23:06:32 INFO        | Unused arguments (global_cycle_seconds) provided for ['SRAM', 'sram'].read. Arguments used: (data_delta, address_delta)
2026-06-27 23:06:32 INFO        | Calling CACTI with cache_size=131072 n_rw_ports=1 block_size=64 tech_node_um=0.045 n_banks=1 tag_size=0 associativity=1
2026-06-27 23:06:32 INFO        | Calling CACTI with input path /usr/local/share/accelergy/estimation_plug_ins/accelergy-cacti-plug-in/cacti_inputs_outputs/tmp2sbz2zq5
2026-06-27 23:06:32 INFO        | CACTI output will be written to /usr/local/share/accelergy/estimation_plug_ins/accelergy-cacti-plug-in/cacti_inputs_outputs/tmpslqnc8pp
2026-06-27 23:06:32 INFO        | CACTI executable not found at /usr/local/share/accelergy/estimation_plug_ins/accelergy-cacti-plug-in/cacti/cacti
2026-06-27 23:06:32 INFO        | Calling: cd /usr/local/share/accelergy/estimation_plug_ins/accelergy-cacti-plug-in ; ./cacti -infile /usr/local/share/accelergy/estimation_plug_ins/accelergy-cacti-plug-in/cacti_inputs_outputs/tmp2sbz2zq5 >> /usr/local/share/accelergy/estimation_plug_ins/accelergy-cacti-plug-in/cacti_inputs_outputs/tmpslqnc8pp 2>&1
2026-06-27 23:06:32 INFO        | Cache bandwidth: 64.0 bytes/cycle
2026-06-27 23:06:32 INFO        | Cache bandwidth: 215697921801.07767 bits/second
2026-06-27 23:06:32 INFO        
2026-06-27 23:06:32 INFO        ENERGY ESTIMATION for intadder(technology=45nm, width=7.6246189861593985, global_cycle_seconds=5e-10).add(global_cycle_seconds=5e-10)
2026-06-27 23:06:32 INFO        dummy estimated 1p with accuracy 1%. 
2026-06-27 23:06:32 INFO        Plug-ins provided accuracy, but failed to estimate:
2026-06-27 23:06:32 INFO        | Aladdin_table with accuracy 70% estimating value: KeyError: 'action_latency_cycles'
2026-06-27 23:06:32 INFO        
2026-06-27 23:06:32 INFO        ENERGY ESTIMATION for intadder(technology=45nm, width=7.6246189861593985, global_cycle_seconds=5e-10).idle(global_cycle_seconds=5e-10)
2026-06-27 23:06:32 INFO        dummy estimated 1p with accuracy 1%. 
2026-06-27 23:06:32 INFO        Plug-ins provided accuracy, but failed to estimate:
2026-06-27 23:06:32 INFO        | Aladdin_table with accuracy 70% estimating value: KeyError: 'action_latency_cycles'
2026-06-27 23:06:32 INFO        
2026-06-27 23:06:32 INFO        ENERGY ESTIMATION for SRAM(technology=45nm, width=512, depth=2048, n_rdwr_ports=2, n_banks=1, global_cycle_seconds=5e-10).idle(global_cycle_seconds=5e-10)
2026-06-27 23:06:32 INFO        CactiSRAM estimated 0 with accuracy 80%. Messages:
2026-06-27 23:06:32 INFO        | Unused arguments (n_rdwr_ports, global_cycle_seconds) provided for ['SRAM', 'sram'].__init__. Arguments used: (technology, width, depth, n_banks)
2026-06-27 23:06:32 INFO        | Unused arguments (global_cycle_seconds) provided for ['SRAM', 'sram'].idle. Arguments used: ()
2026-06-27 23:06:32 INFO        
2026-06-27 23:06:32 INFO        ENERGY ESTIMATION for intadder(technology=45nm, width=7.6246189861593985, global_cycle_seconds=5e-10).idle(global_cycle_seconds=5e-10)
2026-06-27 23:06:32 INFO        dummy estimated 1p with accuracy 1%. 
2026-06-27 23:06:32 INFO        Plug-ins provided accuracy, but failed to estimate:
2026-06-27 23:06:32 INFO        | Aladdin_table with accuracy 70% estimating value: KeyError: 'action_latency_cycles'
2026-06-27 23:06:32 WARNING     No action counts are specified as yaml input
2026-06-27 23:06:32 INFO        
2026-06-27 23:06:32 INFO        AREA ESTIMATION for DRAM(type=DDR4, width=16, block-size=1, word-bits=16, shared_bandwidth=6, datawidth=16, technology=45nm, latency=0.5ns, global_cycle_seconds=5e-10)
2026-06-27 23:06:32 INFO        dummy estimated 1u^2 with accuracy 1%. Messages:
2026-06-27 23:06:32 INFO        | Multiplying by n_instances 1
2026-06-27 23:06:32 INFO        Plug-ins provided accuracy, but failed to estimate:
2026-06-27 23:06:32 INFO        | CactiDRAM with accuracy 80% estimating value: AssertionError: DRAM type DDR4 is not supported. Must be one of ['LPDDR4', 'LPDDR', 'DDR3', 'GDDR5', 'HBM2', 'HMC'].
2026-06-27 23:06:32 INFO        
2026-06-27 23:06:32 INFO        AREA ESTIMATION for SRAM(technology=45nm, width=128, depth=1024, n_rdwr_ports=2, n_banks=1, global_cycle_seconds=5e-10)
2026-06-27 23:06:32 INFO        CactiSRAM estimated 5.0649399999999994e-08 with accuracy 80%. Messages:
2026-06-27 23:06:32 INFO        | Unused arguments (n_rdwr_ports, global_cycle_seconds) provided for ['SRAM', 'sram'].__init__. Arguments used: (technology, width, depth, n_banks)
2026-06-27 23:06:32 INFO        | Calling CACTI with cache_size=16384 n_rw_ports=1 block_size=16 tech_node_um=0.045 n_banks=1 tag_size=0 associativity=1
2026-06-27 23:06:32 INFO        | Calling CACTI with input path /usr/local/share/accelergy/estimation_plug_ins/accelergy-cacti-plug-in/cacti_inputs_outputs/tmp4fd3hd_7
2026-06-27 23:06:32 INFO        | CACTI output will be written to /usr/local/share/accelergy/estimation_plug_ins/accelergy-cacti-plug-in/cacti_inputs_outputs/tmph6afr8fx
2026-06-27 23:06:32 INFO        | CACTI executable not found at /usr/local/share/accelergy/estimation_plug_ins/accelergy-cacti-plug-in/cacti/cacti
2026-06-27 23:06:32 INFO        | Calling: cd /usr/local/share/accelergy/estimation_plug_ins/accelergy-cacti-plug-in ; ./cacti -infile /usr/local/share/accelergy/estimation_plug_ins/accelergy-cacti-plug-in/cacti_inputs_outputs/tmp4fd3hd_7 >> /usr/local/share/accelergy/estimation_plug_ins/accelergy-cacti-plug-in/cacti_inputs_outputs/tmph6afr8fx 2>&1
2026-06-27 23:06:32 INFO        | Cache bandwidth: 16.0 bytes/cycle
2026-06-27 23:06:32 INFO        | Cache bandwidth: 113563773156.36313 bits/second
2026-06-27 23:06:32 INFO        | Multiplying by n_instances 1
2026-06-27 23:06:32 INFO        
2026-06-27 23:06:32 INFO        AREA ESTIMATION for intadder(technology=45nm, width=6.931471805599453, global_cycle_seconds=5e-10)
2026-06-27 23:06:32 INFO        Aladdin_table estimated 82.09461919756852u^2 with accuracy 70%. Messages:
2026-06-27 23:06:32 INFO        | Multiplying by n_instances 1
2026-06-27 23:06:32 INFO        
2026-06-27 23:06:32 INFO        AREA ESTIMATION for SRAM(technology=45nm, width=128, depth=512, n_rdwr_ports=2, n_banks=1, global_cycle_seconds=5e-10)
2026-06-27 23:06:33 INFO        CactiSRAM estimated 2.77058e-08 with accuracy 80%. Messages:
2026-06-27 23:06:33 INFO        | Unused arguments (n_rdwr_ports, global_cycle_seconds) provided for ['SRAM', 'sram'].__init__. Arguments used: (technology, width, depth, n_banks)
2026-06-27 23:06:33 INFO        | Calling CACTI with cache_size=8192 n_rw_ports=1 block_size=16 tech_node_um=0.045 n_banks=1 tag_size=0 associativity=1
2026-06-27 23:06:33 INFO        | Calling CACTI with input path /usr/local/share/accelergy/estimation_plug_ins/accelergy-cacti-plug-in/cacti_inputs_outputs/tmp7k0_gden
2026-06-27 23:06:33 INFO        | CACTI output will be written to /usr/local/share/accelergy/estimation_plug_ins/accelergy-cacti-plug-in/cacti_inputs_outputs/tmpd2r46lw1
2026-06-27 23:06:33 INFO        | CACTI executable not found at /usr/local/share/accelergy/estimation_plug_ins/accelergy-cacti-plug-in/cacti/cacti
2026-06-27 23:06:33 INFO        | Calling: cd /usr/local/share/accelergy/estimation_plug_ins/accelergy-cacti-plug-in ; ./cacti -infile /usr/local/share/accelergy/estimation_plug_ins/accelergy-cacti-plug-in/cacti_inputs_outputs/tmp7k0_gden >> /usr/local/share/accelergy/estimation_plug_ins/accelergy-cacti-plug-in/cacti_inputs_outputs/tmpd2r46lw1 2>&1
2026-06-27 23:06:33 INFO        | Cache bandwidth: 16.0 bytes/cycle
2026-06-27 23:06:33 INFO        | Cache bandwidth: 144426980313.92557 bits/second
2026-06-27 23:06:33 INFO        | Multiplying by n_instances 1
2026-06-27 23:06:33 INFO        
2026-06-27 23:06:33 INFO        AREA ESTIMATION for intadder(technology=45nm, width=6.238324625039508, global_cycle_seconds=5e-10)
2026-06-27 23:06:33 INFO        Aladdin_table estimated 73.88515727781167u^2 with accuracy 70%. Messages:
2026-06-27 23:06:33 INFO        | Multiplying by n_instances 1
2026-06-27 23:06:33 INFO        
2026-06-27 23:06:33 INFO        AREA ESTIMATION for SRAM(technology=45nm, width=64, depth=64, n_rdwr_ports=2, n_banks=1, global_cycle_seconds=5e-10)
2026-06-27 23:06:33 INFO        CactiSRAM estimated 2.14376e-09 with accuracy 80%. Messages:
2026-06-27 23:06:33 INFO        | Unused arguments (n_rdwr_ports, global_cycle_seconds) provided for ['SRAM', 'sram'].__init__. Arguments used: (technology, width, depth, n_banks)
2026-06-27 23:06:33 INFO        | Calling CACTI with cache_size=512 n_rw_ports=1 block_size=8 tech_node_um=0.045 n_banks=1 tag_size=0 associativity=1
2026-06-27 23:06:33 INFO        | Calling CACTI with input path /usr/local/share/accelergy/estimation_plug_ins/accelergy-cacti-plug-in/cacti_inputs_outputs/tmpqsf0zyk_
2026-06-27 23:06:33 INFO        | CACTI output will be written to /usr/local/share/accelergy/estimation_plug_ins/accelergy-cacti-plug-in/cacti_inputs_outputs/tmprw4pj6ab
2026-06-27 23:06:33 INFO        | CACTI executable not found at /usr/local/share/accelergy/estimation_plug_ins/accelergy-cacti-plug-in/cacti/cacti
2026-06-27 23:06:33 INFO        | Calling: cd /usr/local/share/accelergy/estimation_plug_ins/accelergy-cacti-plug-in ; ./cacti -infile /usr/local/share/accelergy/estimation_plug_ins/accelergy-cacti-plug-in/cacti_inputs_outputs/tmpqsf0zyk_ >> /usr/local/share/accelergy/estimation_plug_ins/accelergy-cacti-plug-in/cacti_inputs_outputs/tmprw4pj6ab 2>&1
2026-06-27 23:06:33 INFO        | Cache bandwidth: 8.0 bytes/cycle
2026-06-27 23:06:33 INFO        | Cache bandwidth: 112577947035.59398 bits/second
2026-06-27 23:06:33 INFO        | Multiplying by n_instances 1
2026-06-27 23:06:33 INFO        
2026-06-27 23:06:33 INFO        AREA ESTIMATION for intadder(technology=45nm, width=4.1588830833596715, global_cycle_seconds=5e-10)
2026-06-27 23:06:33 INFO        Aladdin_table estimated 49.25677151854111u^2 with accuracy 70%. Messages:
2026-06-27 23:06:33 INFO        | Multiplying by n_instances 1
2026-06-27 23:06:33 INFO        
2026-06-27 23:06:33 INFO        AREA ESTIMATION for SRAM(technology=45nm, width=32, depth=1, n_rdwr_ports=2, n_banks=1, global_cycle_seconds=5e-10)
2026-06-27 23:06:33 INFO        CactiSRAM estimated 1.649e-11 with accuracy 80%. Messages:
2026-06-27 23:06:33 INFO        | Unused arguments (n_rdwr_ports, global_cycle_seconds) provided for ['SRAM', 'sram'].__init__. Arguments used: (technology, width, depth, n_banks)
2026-06-27 23:06:33 INFO        | Calling CACTI with cache_size=256 n_rw_ports=1 block_size=4 tech_node_um=0.045 n_banks=1 tag_size=0 associativity=1
2026-06-27 23:06:33 INFO        | Calling CACTI with input path /usr/local/share/accelergy/estimation_plug_ins/accelergy-cacti-plug-in/cacti_inputs_outputs/tmpe4d4dcg8
2026-06-27 23:06:33 INFO        | CACTI output will be written to /usr/local/share/accelergy/estimation_plug_ins/accelergy-cacti-plug-in/cacti_inputs_outputs/tmp145sohqc
2026-06-27 23:06:33 INFO        | CACTI executable not found at /usr/local/share/accelergy/estimation_plug_ins/accelergy-cacti-plug-in/cacti/cacti
2026-06-27 23:06:33 INFO        | Calling: cd /usr/local/share/accelergy/estimation_plug_ins/accelergy-cacti-plug-in ; ./cacti -infile /usr/local/share/accelergy/estimation_plug_ins/accelergy-cacti-plug-in/cacti_inputs_outputs/tmpe4d4dcg8 >> /usr/local/share/accelergy/estimation_plug_ins/accelergy-cacti-plug-in/cacti_inputs_outputs/tmp145sohqc 2>&1
2026-06-27 23:06:33 INFO        | Cache bandwidth: 4.0 bytes/cycle
2026-06-27 23:06:33 INFO        | Cache bandwidth: 65421210374.168434 bits/second
2026-06-27 23:06:33 INFO        | Multiplying by n_instances 1
2026-06-27 23:06:33 INFO        
2026-06-27 23:06:33 INFO        AREA ESTIMATION for intadder(technology=45nm, width=0, global_cycle_seconds=5e-10)
2026-06-27 23:06:33 INFO        Aladdin_table estimated 0.0u^2 with accuracy 70%. Messages:
2026-06-27 23:06:33 INFO        | Multiplying by n_instances 1
2026-06-27 23:06:33 INFO        
2026-06-27 23:06:33 INFO        AREA ESTIMATION for intmac(technology=45nm, datawidth=16, global_cycle_seconds=5e-10)
2026-06-27 23:06:33 INFO        dummy estimated 1u^2 with accuracy 1%. Messages:
2026-06-27 23:06:33 INFO        | Multiplying by n_instances 1
2026-06-27 23:06:33 INFO        Plug-ins provided accuracy, but failed to estimate:
2026-06-27 23:06:33 INFO        | Aladdin_table with accuracy 70% estimating value: KeyError: 'width'
2026-06-27 23:06:33 INFO        
2026-06-27 23:06:33 INFO        AREA ESTIMATION for SRAM(technology=45nm, width=512, depth=2048, n_rdwr_ports=2, n_banks=1, global_cycle_seconds=5e-10)
2026-06-27 23:06:33 INFO        CactiSRAM estimated 3.91346e-07 with accuracy 80%. Messages:
2026-06-27 23:06:33 INFO        | Unused arguments (n_rdwr_ports, global_cycle_seconds) provided for ['SRAM', 'sram'].__init__. Arguments used: (technology, width, depth, n_banks)
2026-06-27 23:06:33 INFO        | Calling CACTI with cache_size=131072 n_rw_ports=1 block_size=64 tech_node_um=0.045 n_banks=1 tag_size=0 associativity=1
2026-06-27 23:06:33 INFO        | Calling CACTI with input path /usr/local/share/accelergy/estimation_plug_ins/accelergy-cacti-plug-in/cacti_inputs_outputs/tmp7vyki8v1
2026-06-27 23:06:33 INFO        | CACTI output will be written to /usr/local/share/accelergy/estimation_plug_ins/accelergy-cacti-plug-in/cacti_inputs_outputs/tmplcn6vos5
2026-06-27 23:06:33 INFO        | CACTI executable not found at /usr/local/share/accelergy/estimation_plug_ins/accelergy-cacti-plug-in/cacti/cacti
2026-06-27 23:06:33 INFO        | Calling: cd /usr/local/share/accelergy/estimation_plug_ins/accelergy-cacti-plug-in ; ./cacti -infile /usr/local/share/accelergy/estimation_plug_ins/accelergy-cacti-plug-in/cacti_inputs_outputs/tmp7vyki8v1 >> /usr/local/share/accelergy/estimation_plug_ins/accelergy-cacti-plug-in/cacti_inputs_outputs/tmplcn6vos5 2>&1
2026-06-27 23:06:33 INFO        | Cache bandwidth: 64.0 bytes/cycle
2026-06-27 23:06:33 INFO        | Cache bandwidth: 215697921801.07767 bits/second
2026-06-27 23:06:33 INFO        | Multiplying by n_instances 1
2026-06-27 23:06:33 INFO        
2026-06-27 23:06:33 INFO        AREA ESTIMATION for intadder(technology=45nm, width=7.6246189861593985, global_cycle_seconds=5e-10)
2026-06-27 23:06:33 INFO        Aladdin_table estimated 90.30408111732538u^2 with accuracy 70%. Messages:
2026-06-27 23:06:33 INFO        | Multiplying by n_instances 1
2026-06-27 23:06:33 INFO        flattened architecture is saved to:
2026-06-27 23:06:33 INFO        ./timeloop-mapper.flattened_architecture.yaml
2026-06-27 23:06:34 INFO        energy reference table is saved to:
2026-06-27 23:06:34 INFO        ./timeloop-mapper.ERT.yaml
2026-06-27 23:06:34 INFO        energy reference table summary is saved to:
2026-06-27 23:06:34 INFO        ./timeloop-mapper.ERT_summary.yaml
2026-06-27 23:06:34 WARNING     no runtime energy estimations are generated... not generating energy_estimation.yaml
2026-06-27 23:06:34 INFO        area reference table is saved to:
2026-06-27 23:06:34 INFO        ./timeloop-mapper.ART.yaml
2026-06-27 23:06:34 INFO        area reference table summary is saved to:
2026-06-27 23:06:34 INFO        ./timeloop-mapper.ART_summary.yaml
