2026-06-28 19:20:46 INFO            _                _                      
2026-06-28 19:20:46 INFO           / \   ___ ___ ___| | ___ _ __ __ _ _   _ 
2026-06-28 19:20:46 INFO          / _ \ / __/ __/ _ \ |/ _ \ '__/ _` | | | |
2026-06-28 19:20:46 INFO         / ___ \ (_| (_|  __/ |  __/ | | (_| | |_| |
2026-06-28 19:20:46 INFO        /_/   \_\___\___\___|_|\___|_|  \__, |\__, |
2026-06-28 19:20:46 INFO                                        |___/ |___/ 
2026-06-28 19:20:46 INFO        generating outputs according to the following specified output flags... 
2026-06-28 19:20:46 INFO         Please use the -f flag to update the preference (default to all output files)
2026-06-28 19:20:46 INFO        {'ERT': 1, 'ERT_summary': 1, 'ART': 1, 'ART_summary': 1, 'energy_estimation': 1, 'flattened_arch': 1}
2026-06-28 19:20:46 INFO        Located config file at /root/.config/accelergy/accelergy_config.yaml.
2026-06-28 19:20:46 INFO        config file located:
2026-06-28 19:20:46 INFO        /root/.config/accelergy/accelergy_config.yaml
2026-06-28 19:20:46 INFO        Parsing file /app/Examples/AlexNet_Simba/simba_like/arch/simba_like.yaml for architecture info
2026-06-28 19:20:46 WARNING     File /app/Examples/AlexNet_Simba/simba_like/arch/simba_like.yaml is outdated. File version is 0.3, while the latest version is 0.4. 
2026-06-28 19:20:46 WARNING      Please update the file to the latest version.
2026-06-28 19:20:46 WARNING     Evaluation of "45nm" failed.
2026-06-28 19:20:46 WARNING     Failed to evaluate: 45nm
2026-06-28 19:20:46 WARNING     Location: arch attribute "technology"
2026-06-28 19:20:46 WARNING     Problem encountered: SyntaxError: invalid decimal literal (<string>, line 1)
2026-06-28 19:20:46 WARNING     Available bindings: 
2026-06-28 19:20:46 WARNING     	datawidth = 16
2026-06-28 19:20:46 WARNING     	word-bits = 16
2026-06-28 19:20:46 WARNING     Failed to evaluate: 45nm
2026-06-28 19:20:46 WARNING     Location: arch attribute "technology"
2026-06-28 19:20:46 WARNING     Problem encountered: SyntaxError: invalid decimal literal (<string>, line 1)
2026-06-28 19:20:46 WARNING     Please ensure that the expression used is a valid Python expression.
2026-06-28 19:20:46 WARNING     The following may have been used in the expression:
2026-06-28 19:20:46 WARNING     	nm = UNDEFINED
2026-06-28 19:20:46 WARNING     Strings are allowed here. If you meant to enter a string, please wrap the
2026-06-28 19:20:46 WARNING     expression in single or double quotes:
2026-06-28 19:20:46 WARNING         Found expression: 45nm
2026-06-28 19:20:46 WARNING         Expression as valid string: "45nm"
2026-06-28 19:20:46 WARNING     Expression will be treated as a string. This will be deprecated in version
2026-06-28 19:20:46 WARNING     0.4. Please wrap quotes around the expression to specify a string.
2026-06-28 19:20:46 WARNING     Evaluation of "0.5ns" failed.
2026-06-28 19:20:46 WARNING     Failed to evaluate: 0.5ns
2026-06-28 19:20:46 WARNING     Location: arch attribute "latency"
2026-06-28 19:20:46 WARNING     Problem encountered: SyntaxError: invalid decimal literal (<string>, line 1)
2026-06-28 19:20:46 WARNING     Available bindings: 
2026-06-28 19:20:46 WARNING     	datawidth = 16
2026-06-28 19:20:46 WARNING     	word-bits = 16
2026-06-28 19:20:46 WARNING     	technology = 45nm
2026-06-28 19:20:46 WARNING     Failed to evaluate: 0.5ns
2026-06-28 19:20:46 WARNING     Location: arch attribute "latency"
2026-06-28 19:20:46 WARNING     Problem encountered: SyntaxError: invalid decimal literal (<string>, line 1)
2026-06-28 19:20:46 WARNING     Please ensure that the expression used is a valid Python expression.
2026-06-28 19:20:46 WARNING     The following may have been used in the expression:
2026-06-28 19:20:46 WARNING     	ns = UNDEFINED
2026-06-28 19:20:46 WARNING     Strings are allowed here. If you meant to enter a string, please wrap the
2026-06-28 19:20:46 WARNING     expression in single or double quotes:
2026-06-28 19:20:46 WARNING         Found expression: 0.5ns
2026-06-28 19:20:46 WARNING         Expression as valid string: "0.5ns"
2026-06-28 19:20:46 WARNING     Expression will be treated as a string. This will be deprecated in version
2026-06-28 19:20:46 WARNING     0.4. Please wrap quotes around the expression to specify a string.
2026-06-28 19:20:46 WARNING     Evaluation of "45nm" failed.
2026-06-28 19:20:46 WARNING     Failed to evaluate: 45nm
2026-06-28 19:20:46 WARNING     Location: arch attribute "technology"
2026-06-28 19:20:46 WARNING     Problem encountered: SyntaxError: invalid decimal literal (<string>, line 1)
2026-06-28 19:20:46 WARNING     Available bindings: 
2026-06-28 19:20:46 WARNING     	datawidth = 16
2026-06-28 19:20:46 WARNING     	word-bits = 16
2026-06-28 19:20:46 WARNING     Failed to evaluate: 45nm
2026-06-28 19:20:46 WARNING     Location: arch attribute "technology"
2026-06-28 19:20:46 WARNING     Problem encountered: SyntaxError: invalid decimal literal (<string>, line 1)
2026-06-28 19:20:46 WARNING     Please ensure that the expression used is a valid Python expression.
2026-06-28 19:20:46 WARNING     The following may have been used in the expression:
2026-06-28 19:20:46 WARNING     	nm = UNDEFINED
2026-06-28 19:20:46 WARNING     Strings are allowed here. If you meant to enter a string, please wrap the
2026-06-28 19:20:46 WARNING     expression in single or double quotes:
2026-06-28 19:20:46 WARNING         Found expression: 45nm
2026-06-28 19:20:46 WARNING         Expression as valid string: "45nm"
2026-06-28 19:20:46 WARNING     Expression will be treated as a string. This will be deprecated in version
2026-06-28 19:20:46 WARNING     0.4. Please wrap quotes around the expression to specify a string.
2026-06-28 19:20:46 WARNING     Evaluation of "0.5ns" failed.
2026-06-28 19:20:46 WARNING     Failed to evaluate: 0.5ns
2026-06-28 19:20:46 WARNING     Location: arch attribute "latency"
2026-06-28 19:20:46 WARNING     Problem encountered: SyntaxError: invalid decimal literal (<string>, line 1)
2026-06-28 19:20:46 WARNING     Available bindings: 
2026-06-28 19:20:46 WARNING     	datawidth = 16
2026-06-28 19:20:46 WARNING     	word-bits = 16
2026-06-28 19:20:46 WARNING     	technology = 45nm
2026-06-28 19:20:46 WARNING     Failed to evaluate: 0.5ns
2026-06-28 19:20:46 WARNING     Location: arch attribute "latency"
2026-06-28 19:20:46 WARNING     Problem encountered: SyntaxError: invalid decimal literal (<string>, line 1)
2026-06-28 19:20:46 WARNING     Please ensure that the expression used is a valid Python expression.
2026-06-28 19:20:46 WARNING     The following may have been used in the expression:
2026-06-28 19:20:46 WARNING     	ns = UNDEFINED
2026-06-28 19:20:46 WARNING     Strings are allowed here. If you meant to enter a string, please wrap the
2026-06-28 19:20:46 WARNING     expression in single or double quotes:
2026-06-28 19:20:46 WARNING         Found expression: 0.5ns
2026-06-28 19:20:46 WARNING         Expression as valid string: "0.5ns"
2026-06-28 19:20:46 WARNING     Expression will be treated as a string. This will be deprecated in version
2026-06-28 19:20:46 WARNING     0.4. Please wrap quotes around the expression to specify a string.
2026-06-28 19:20:46 INFO        Calculated arch attribute "global_cycle_seconds" as "0.5e-9" = 5e-10.
2026-06-28 19:20:46 WARNING     Evaluation of "45nm" failed.
2026-06-28 19:20:46 WARNING     Failed to evaluate: 45nm
2026-06-28 19:20:46 WARNING     Location: arch attribute "technology"
2026-06-28 19:20:46 WARNING     Problem encountered: SyntaxError: invalid decimal literal (<string>, line 1)
2026-06-28 19:20:46 WARNING     Available bindings: 
2026-06-28 19:20:46 WARNING     	datawidth = 16
2026-06-28 19:20:46 WARNING     	word-bits = 16
2026-06-28 19:20:46 WARNING     Failed to evaluate: 45nm
2026-06-28 19:20:46 WARNING     Location: arch attribute "technology"
2026-06-28 19:20:46 WARNING     Problem encountered: SyntaxError: invalid decimal literal (<string>, line 1)
2026-06-28 19:20:46 WARNING     Please ensure that the expression used is a valid Python expression.
2026-06-28 19:20:46 WARNING     The following may have been used in the expression:
2026-06-28 19:20:46 WARNING     	nm = UNDEFINED
2026-06-28 19:20:46 WARNING     Strings are allowed here. If you meant to enter a string, please wrap the
2026-06-28 19:20:46 WARNING     expression in single or double quotes:
2026-06-28 19:20:46 WARNING         Found expression: 45nm
2026-06-28 19:20:46 WARNING         Expression as valid string: "45nm"
2026-06-28 19:20:46 WARNING     Expression will be treated as a string. This will be deprecated in version
2026-06-28 19:20:46 WARNING     0.4. Please wrap quotes around the expression to specify a string.
2026-06-28 19:20:46 WARNING     Evaluation of "0.5ns" failed.
2026-06-28 19:20:46 WARNING     Failed to evaluate: 0.5ns
2026-06-28 19:20:46 WARNING     Location: arch attribute "latency"
2026-06-28 19:20:46 WARNING     Problem encountered: SyntaxError: invalid decimal literal (<string>, line 1)
2026-06-28 19:20:46 WARNING     Available bindings: 
2026-06-28 19:20:46 WARNING     	datawidth = 16
2026-06-28 19:20:46 WARNING     	word-bits = 16
2026-06-28 19:20:46 WARNING     	technology = 45nm
2026-06-28 19:20:46 WARNING     Failed to evaluate: 0.5ns
2026-06-28 19:20:46 WARNING     Location: arch attribute "latency"
2026-06-28 19:20:46 WARNING     Problem encountered: SyntaxError: invalid decimal literal (<string>, line 1)
2026-06-28 19:20:46 WARNING     Please ensure that the expression used is a valid Python expression.
2026-06-28 19:20:46 WARNING     The following may have been used in the expression:
2026-06-28 19:20:46 WARNING     	ns = UNDEFINED
2026-06-28 19:20:46 WARNING     Strings are allowed here. If you meant to enter a string, please wrap the
2026-06-28 19:20:46 WARNING     expression in single or double quotes:
2026-06-28 19:20:46 WARNING         Found expression: 0.5ns
2026-06-28 19:20:46 WARNING         Expression as valid string: "0.5ns"
2026-06-28 19:20:46 WARNING     Expression will be treated as a string. This will be deprecated in version
2026-06-28 19:20:46 WARNING     0.4. Please wrap quotes around the expression to specify a string.
2026-06-28 19:20:46 WARNING     Evaluation of "45nm" failed.
2026-06-28 19:20:46 WARNING     Failed to evaluate: 45nm
2026-06-28 19:20:46 WARNING     Location: arch attribute "technology"
2026-06-28 19:20:46 WARNING     Problem encountered: SyntaxError: invalid decimal literal (<string>, line 1)
2026-06-28 19:20:46 WARNING     Available bindings: 
2026-06-28 19:20:46 WARNING     	memory_depth = 1024
2026-06-28 19:20:46 WARNING     	memory_width = 128
2026-06-28 19:20:46 WARNING     	word-bits = 16
2026-06-28 19:20:46 WARNING     	cluster-size = 1
2026-06-28 19:20:46 WARNING     	meshX = 16
2026-06-28 19:20:46 WARNING     	datawidth = 16
2026-06-28 19:20:46 WARNING     Failed to evaluate: 45nm
2026-06-28 19:20:46 WARNING     Location: arch attribute "technology"
2026-06-28 19:20:46 WARNING     Problem encountered: SyntaxError: invalid decimal literal (<string>, line 1)
2026-06-28 19:20:46 WARNING     Please ensure that the expression used is a valid Python expression.
2026-06-28 19:20:46 WARNING     The following may have been used in the expression:
2026-06-28 19:20:46 WARNING     	nm = UNDEFINED
2026-06-28 19:20:46 WARNING     Strings are allowed here. If you meant to enter a string, please wrap the
2026-06-28 19:20:46 WARNING     expression in single or double quotes:
2026-06-28 19:20:46 WARNING         Found expression: 45nm
2026-06-28 19:20:46 WARNING         Expression as valid string: "45nm"
2026-06-28 19:20:46 WARNING     Expression will be treated as a string. This will be deprecated in version
2026-06-28 19:20:46 WARNING     0.4. Please wrap quotes around the expression to specify a string.
2026-06-28 19:20:46 WARNING     Evaluation of "0.5ns" failed.
2026-06-28 19:20:46 WARNING     Failed to evaluate: 0.5ns
2026-06-28 19:20:46 WARNING     Location: arch attribute "latency"
2026-06-28 19:20:46 WARNING     Problem encountered: SyntaxError: invalid decimal literal (<string>, line 1)
2026-06-28 19:20:46 WARNING     Available bindings: 
2026-06-28 19:20:46 WARNING     	memory_depth = 1024
2026-06-28 19:20:46 WARNING     	memory_width = 128
2026-06-28 19:20:46 WARNING     	word-bits = 16
2026-06-28 19:20:46 WARNING     	cluster-size = 1
2026-06-28 19:20:46 WARNING     	meshX = 16
2026-06-28 19:20:46 WARNING     	datawidth = 16
2026-06-28 19:20:46 WARNING     	technology = 45nm
2026-06-28 19:20:46 WARNING     Failed to evaluate: 0.5ns
2026-06-28 19:20:46 WARNING     Location: arch attribute "latency"
2026-06-28 19:20:46 WARNING     Problem encountered: SyntaxError: invalid decimal literal (<string>, line 1)
2026-06-28 19:20:46 WARNING     Please ensure that the expression used is a valid Python expression.
2026-06-28 19:20:46 WARNING     The following may have been used in the expression:
2026-06-28 19:20:46 WARNING     	ns = UNDEFINED
2026-06-28 19:20:46 WARNING     Strings are allowed here. If you meant to enter a string, please wrap the
2026-06-28 19:20:46 WARNING     expression in single or double quotes:
2026-06-28 19:20:46 WARNING         Found expression: 0.5ns
2026-06-28 19:20:46 WARNING         Expression as valid string: "0.5ns"
2026-06-28 19:20:46 WARNING     Expression will be treated as a string. This will be deprecated in version
2026-06-28 19:20:46 WARNING     0.4. Please wrap quotes around the expression to specify a string.
2026-06-28 19:20:46 WARNING     Evaluation of "45nm" failed.
2026-06-28 19:20:46 WARNING     Failed to evaluate: 45nm
2026-06-28 19:20:46 WARNING     Location: arch attribute "technology"
2026-06-28 19:20:46 WARNING     Problem encountered: SyntaxError: invalid decimal literal (<string>, line 1)
2026-06-28 19:20:46 WARNING     Available bindings: 
2026-06-28 19:20:46 WARNING     	memory_depth = 512
2026-06-28 19:20:46 WARNING     	memory_width = 128
2026-06-28 19:20:46 WARNING     	word-bits = 16
2026-06-28 19:20:46 WARNING     	meshX = 16
2026-06-28 19:20:46 WARNING     	cluster-size = 1
2026-06-28 19:20:46 WARNING     	n_banks = 1
2026-06-28 19:20:46 WARNING     	datawidth = 16
2026-06-28 19:20:46 WARNING     Failed to evaluate: 45nm
2026-06-28 19:20:46 WARNING     Location: arch attribute "technology"
2026-06-28 19:20:46 WARNING     Problem encountered: SyntaxError: invalid decimal literal (<string>, line 1)
2026-06-28 19:20:46 WARNING     Please ensure that the expression used is a valid Python expression.
2026-06-28 19:20:46 WARNING     The following may have been used in the expression:
2026-06-28 19:20:46 WARNING     	nm = UNDEFINED
2026-06-28 19:20:46 WARNING     Strings are allowed here. If you meant to enter a string, please wrap the
2026-06-28 19:20:46 WARNING     expression in single or double quotes:
2026-06-28 19:20:46 WARNING         Found expression: 45nm
2026-06-28 19:20:46 WARNING         Expression as valid string: "45nm"
2026-06-28 19:20:46 WARNING     Expression will be treated as a string. This will be deprecated in version
2026-06-28 19:20:46 WARNING     0.4. Please wrap quotes around the expression to specify a string.
2026-06-28 19:20:46 WARNING     Evaluation of "0.5ns" failed.
2026-06-28 19:20:46 WARNING     Failed to evaluate: 0.5ns
2026-06-28 19:20:46 WARNING     Location: arch attribute "latency"
2026-06-28 19:20:46 WARNING     Problem encountered: SyntaxError: invalid decimal literal (<string>, line 1)
2026-06-28 19:20:46 WARNING     Available bindings: 
2026-06-28 19:20:46 WARNING     	memory_depth = 512
2026-06-28 19:20:46 WARNING     	memory_width = 128
2026-06-28 19:20:46 WARNING     	word-bits = 16
2026-06-28 19:20:46 WARNING     	meshX = 16
2026-06-28 19:20:46 WARNING     	cluster-size = 1
2026-06-28 19:20:46 WARNING     	n_banks = 1
2026-06-28 19:20:46 WARNING     	datawidth = 16
2026-06-28 19:20:46 WARNING     	technology = 45nm
2026-06-28 19:20:46 WARNING     Failed to evaluate: 0.5ns
2026-06-28 19:20:46 WARNING     Location: arch attribute "latency"
2026-06-28 19:20:46 WARNING     Problem encountered: SyntaxError: invalid decimal literal (<string>, line 1)
2026-06-28 19:20:46 WARNING     Please ensure that the expression used is a valid Python expression.
2026-06-28 19:20:46 WARNING     The following may have been used in the expression:
2026-06-28 19:20:46 WARNING     	ns = UNDEFINED
2026-06-28 19:20:46 WARNING     Strings are allowed here. If you meant to enter a string, please wrap the
2026-06-28 19:20:46 WARNING     expression in single or double quotes:
2026-06-28 19:20:46 WARNING         Found expression: 0.5ns
2026-06-28 19:20:46 WARNING         Expression as valid string: "0.5ns"
2026-06-28 19:20:46 WARNING     Expression will be treated as a string. This will be deprecated in version
2026-06-28 19:20:46 WARNING     0.4. Please wrap quotes around the expression to specify a string.
2026-06-28 19:20:46 WARNING     Evaluation of "45nm" failed.
2026-06-28 19:20:46 WARNING     Failed to evaluate: 45nm
2026-06-28 19:20:46 WARNING     Location: arch attribute "technology"
2026-06-28 19:20:46 WARNING     Problem encountered: SyntaxError: invalid decimal literal (<string>, line 1)
2026-06-28 19:20:46 WARNING     Available bindings: 
2026-06-28 19:20:46 WARNING     	memory_depth = 64
2026-06-28 19:20:46 WARNING     	memory_width = 64
2026-06-28 19:20:46 WARNING     	cluster-size = 1
2026-06-28 19:20:46 WARNING     	word-bits = 32
2026-06-28 19:20:46 WARNING     	meshX = 16
2026-06-28 19:20:46 WARNING     	datawidth = 16
2026-06-28 19:20:46 WARNING     Failed to evaluate: 45nm
2026-06-28 19:20:46 WARNING     Location: arch attribute "technology"
2026-06-28 19:20:46 WARNING     Problem encountered: SyntaxError: invalid decimal literal (<string>, line 1)
2026-06-28 19:20:46 WARNING     Please ensure that the expression used is a valid Python expression.
2026-06-28 19:20:46 WARNING     The following may have been used in the expression:
2026-06-28 19:20:46 WARNING     	nm = UNDEFINED
2026-06-28 19:20:46 WARNING     Strings are allowed here. If you meant to enter a string, please wrap the
2026-06-28 19:20:46 WARNING     expression in single or double quotes:
2026-06-28 19:20:46 WARNING         Found expression: 45nm
2026-06-28 19:20:46 WARNING         Expression as valid string: "45nm"
2026-06-28 19:20:46 WARNING     Expression will be treated as a string. This will be deprecated in version
2026-06-28 19:20:46 WARNING     0.4. Please wrap quotes around the expression to specify a string.
2026-06-28 19:20:46 WARNING     Evaluation of "0.5ns" failed.
2026-06-28 19:20:46 WARNING     Failed to evaluate: 0.5ns
2026-06-28 19:20:46 WARNING     Location: arch attribute "latency"
2026-06-28 19:20:46 WARNING     Problem encountered: SyntaxError: invalid decimal literal (<string>, line 1)
2026-06-28 19:20:46 WARNING     Available bindings: 
2026-06-28 19:20:46 WARNING     	memory_depth = 64
2026-06-28 19:20:46 WARNING     	memory_width = 64
2026-06-28 19:20:46 WARNING     	cluster-size = 1
2026-06-28 19:20:46 WARNING     	word-bits = 32
2026-06-28 19:20:46 WARNING     	meshX = 16
2026-06-28 19:20:46 WARNING     	datawidth = 16
2026-06-28 19:20:46 WARNING     	technology = 45nm
2026-06-28 19:20:46 WARNING     Failed to evaluate: 0.5ns
2026-06-28 19:20:46 WARNING     Location: arch attribute "latency"
2026-06-28 19:20:46 WARNING     Problem encountered: SyntaxError: invalid decimal literal (<string>, line 1)
2026-06-28 19:20:46 WARNING     Please ensure that the expression used is a valid Python expression.
2026-06-28 19:20:46 WARNING     The following may have been used in the expression:
2026-06-28 19:20:46 WARNING     	ns = UNDEFINED
2026-06-28 19:20:46 WARNING     Strings are allowed here. If you meant to enter a string, please wrap the
2026-06-28 19:20:46 WARNING     expression in single or double quotes:
2026-06-28 19:20:46 WARNING         Found expression: 0.5ns
2026-06-28 19:20:46 WARNING         Expression as valid string: "0.5ns"
2026-06-28 19:20:46 WARNING     Expression will be treated as a string. This will be deprecated in version
2026-06-28 19:20:46 WARNING     0.4. Please wrap quotes around the expression to specify a string.
2026-06-28 19:20:46 WARNING     Evaluation of "45nm" failed.
2026-06-28 19:20:46 WARNING     Failed to evaluate: 45nm
2026-06-28 19:20:46 WARNING     Location: arch attribute "technology"
2026-06-28 19:20:46 WARNING     Problem encountered: SyntaxError: invalid decimal literal (<string>, line 1)
2026-06-28 19:20:46 WARNING     Available bindings: 
2026-06-28 19:20:46 WARNING     	memory_depth = 1
2026-06-28 19:20:46 WARNING     	memory_width = 32
2026-06-28 19:20:46 WARNING     	word-bits = 16
2026-06-28 19:20:46 WARNING     	cluster-size = 1
2026-06-28 19:20:46 WARNING     	num-ports = 2
2026-06-28 19:20:46 WARNING     	meshX = 16
2026-06-28 19:20:46 WARNING     	datawidth = 16
2026-06-28 19:20:46 WARNING     Failed to evaluate: 45nm
2026-06-28 19:20:46 WARNING     Location: arch attribute "technology"
2026-06-28 19:20:46 WARNING     Problem encountered: SyntaxError: invalid decimal literal (<string>, line 1)
2026-06-28 19:20:46 WARNING     Please ensure that the expression used is a valid Python expression.
2026-06-28 19:20:46 WARNING     The following may have been used in the expression:
2026-06-28 19:20:46 WARNING     	nm = UNDEFINED
2026-06-28 19:20:46 WARNING     Strings are allowed here. If you meant to enter a string, please wrap the
2026-06-28 19:20:46 WARNING     expression in single or double quotes:
2026-06-28 19:20:46 WARNING         Found expression: 45nm
2026-06-28 19:20:46 WARNING         Expression as valid string: "45nm"
2026-06-28 19:20:46 WARNING     Expression will be treated as a string. This will be deprecated in version
2026-06-28 19:20:46 WARNING     0.4. Please wrap quotes around the expression to specify a string.
2026-06-28 19:20:46 WARNING     Evaluation of "0.5ns" failed.
2026-06-28 19:20:46 WARNING     Failed to evaluate: 0.5ns
2026-06-28 19:20:46 WARNING     Location: arch attribute "latency"
2026-06-28 19:20:46 WARNING     Problem encountered: SyntaxError: invalid decimal literal (<string>, line 1)
2026-06-28 19:20:46 WARNING     Available bindings: 
2026-06-28 19:20:46 WARNING     	memory_depth = 1
2026-06-28 19:20:46 WARNING     	memory_width = 32
2026-06-28 19:20:46 WARNING     	word-bits = 16
2026-06-28 19:20:46 WARNING     	cluster-size = 1
2026-06-28 19:20:46 WARNING     	num-ports = 2
2026-06-28 19:20:46 WARNING     	meshX = 16
2026-06-28 19:20:46 WARNING     	datawidth = 16
2026-06-28 19:20:46 WARNING     	technology = 45nm
2026-06-28 19:20:46 WARNING     Failed to evaluate: 0.5ns
2026-06-28 19:20:46 WARNING     Location: arch attribute "latency"
2026-06-28 19:20:46 WARNING     Problem encountered: SyntaxError: invalid decimal literal (<string>, line 1)
2026-06-28 19:20:46 WARNING     Please ensure that the expression used is a valid Python expression.
2026-06-28 19:20:46 WARNING     The following may have been used in the expression:
2026-06-28 19:20:46 WARNING     	ns = UNDEFINED
2026-06-28 19:20:46 WARNING     Strings are allowed here. If you meant to enter a string, please wrap the
2026-06-28 19:20:46 WARNING     expression in single or double quotes:
2026-06-28 19:20:46 WARNING         Found expression: 0.5ns
2026-06-28 19:20:46 WARNING         Expression as valid string: "0.5ns"
2026-06-28 19:20:46 WARNING     Expression will be treated as a string. This will be deprecated in version
2026-06-28 19:20:46 WARNING     0.4. Please wrap quotes around the expression to specify a string.
2026-06-28 19:20:46 WARNING     Evaluation of "0.5ns" failed.
2026-06-28 19:20:46 WARNING     Failed to evaluate: 0.5ns
2026-06-28 19:20:46 WARNING     Location: arch attribute "latency"
2026-06-28 19:20:46 WARNING     Problem encountered: SyntaxError: invalid decimal literal (<string>, line 1)
2026-06-28 19:20:46 WARNING     Available bindings: 
2026-06-28 19:20:46 WARNING     Failed to evaluate: 0.5ns
2026-06-28 19:20:46 WARNING     Location: arch attribute "latency"
2026-06-28 19:20:46 WARNING     Problem encountered: SyntaxError: invalid decimal literal (<string>, line 1)
2026-06-28 19:20:46 WARNING     Please ensure that the expression used is a valid Python expression.
2026-06-28 19:20:46 WARNING     The following may have been used in the expression:
2026-06-28 19:20:46 WARNING     	ns = UNDEFINED
2026-06-28 19:20:46 WARNING     Strings are allowed here. If you meant to enter a string, please wrap the
2026-06-28 19:20:46 WARNING     expression in single or double quotes:
2026-06-28 19:20:46 WARNING         Found expression: 0.5ns
2026-06-28 19:20:46 WARNING         Expression as valid string: "0.5ns"
2026-06-28 19:20:46 WARNING     Expression will be treated as a string. This will be deprecated in version
2026-06-28 19:20:46 WARNING     0.4. Please wrap quotes around the expression to specify a string.
2026-06-28 19:20:46 WARNING     Evaluation of "45nm" failed.
2026-06-28 19:20:46 WARNING     Failed to evaluate: 45nm
2026-06-28 19:20:46 WARNING     Location: arch attribute "technology"
2026-06-28 19:20:46 WARNING     Problem encountered: SyntaxError: invalid decimal literal (<string>, line 1)
2026-06-28 19:20:46 WARNING     Available bindings: 
2026-06-28 19:20:46 WARNING     	latency = 0.5ns
2026-06-28 19:20:46 WARNING     	datawidth = 16
2026-06-28 19:20:46 WARNING     	meshX = 16
2026-06-28 19:20:46 WARNING     	word-bits = 16
2026-06-28 19:20:46 WARNING     Failed to evaluate: 45nm
2026-06-28 19:20:46 WARNING     Location: arch attribute "technology"
2026-06-28 19:20:46 WARNING     Problem encountered: SyntaxError: invalid decimal literal (<string>, line 1)
2026-06-28 19:20:46 WARNING     Please ensure that the expression used is a valid Python expression.
2026-06-28 19:20:46 WARNING     The following may have been used in the expression:
2026-06-28 19:20:46 WARNING     	nm = UNDEFINED
2026-06-28 19:20:46 WARNING     Strings are allowed here. If you meant to enter a string, please wrap the
2026-06-28 19:20:46 WARNING     expression in single or double quotes:
2026-06-28 19:20:46 WARNING         Found expression: 45nm
2026-06-28 19:20:46 WARNING         Expression as valid string: "45nm"
2026-06-28 19:20:46 WARNING     Expression will be treated as a string. This will be deprecated in version
2026-06-28 19:20:46 WARNING     0.4. Please wrap quotes around the expression to specify a string.
2026-06-28 19:20:46 WARNING     Evaluation of "45nm" failed.
2026-06-28 19:20:46 WARNING     Failed to evaluate: 45nm
2026-06-28 19:20:46 WARNING     Location: arch attribute "technology"
2026-06-28 19:20:46 WARNING     Problem encountered: SyntaxError: invalid decimal literal (<string>, line 1)
2026-06-28 19:20:46 WARNING     Available bindings: 
2026-06-28 19:20:46 WARNING     	memory_depth = 2048
2026-06-28 19:20:46 WARNING     	memory_width = 512
2026-06-28 19:20:46 WARNING     	word-bits = 16
2026-06-28 19:20:46 WARNING     	cluster-size = 1
2026-06-28 19:20:46 WARNING     	nports = 2
2026-06-28 19:20:46 WARNING     	meshX = 1
2026-06-28 19:20:46 WARNING     	datawidth = 16
2026-06-28 19:20:46 WARNING     Failed to evaluate: 45nm
2026-06-28 19:20:46 WARNING     Location: arch attribute "technology"
2026-06-28 19:20:46 WARNING     Problem encountered: SyntaxError: invalid decimal literal (<string>, line 1)
2026-06-28 19:20:46 WARNING     Please ensure that the expression used is a valid Python expression.
2026-06-28 19:20:46 WARNING     The following may have been used in the expression:
2026-06-28 19:20:46 WARNING     	nm = UNDEFINED
2026-06-28 19:20:46 WARNING     Strings are allowed here. If you meant to enter a string, please wrap the
2026-06-28 19:20:46 WARNING     expression in single or double quotes:
2026-06-28 19:20:46 WARNING         Found expression: 45nm
2026-06-28 19:20:46 WARNING         Expression as valid string: "45nm"
2026-06-28 19:20:46 WARNING     Expression will be treated as a string. This will be deprecated in version
2026-06-28 19:20:46 WARNING     0.4. Please wrap quotes around the expression to specify a string.
2026-06-28 19:20:46 WARNING     Evaluation of "0.5ns" failed.
2026-06-28 19:20:46 WARNING     Failed to evaluate: 0.5ns
2026-06-28 19:20:46 WARNING     Location: arch attribute "latency"
2026-06-28 19:20:46 WARNING     Problem encountered: SyntaxError: invalid decimal literal (<string>, line 1)
2026-06-28 19:20:46 WARNING     Available bindings: 
2026-06-28 19:20:46 WARNING     	memory_depth = 2048
2026-06-28 19:20:46 WARNING     	memory_width = 512
2026-06-28 19:20:46 WARNING     	word-bits = 16
2026-06-28 19:20:46 WARNING     	cluster-size = 1
2026-06-28 19:20:46 WARNING     	nports = 2
2026-06-28 19:20:46 WARNING     	meshX = 1
2026-06-28 19:20:46 WARNING     	datawidth = 16
2026-06-28 19:20:46 WARNING     	technology = 45nm
2026-06-28 19:20:46 WARNING     Failed to evaluate: 0.5ns
2026-06-28 19:20:46 WARNING     Location: arch attribute "latency"
2026-06-28 19:20:46 WARNING     Problem encountered: SyntaxError: invalid decimal literal (<string>, line 1)
2026-06-28 19:20:46 WARNING     Please ensure that the expression used is a valid Python expression.
2026-06-28 19:20:46 WARNING     The following may have been used in the expression:
2026-06-28 19:20:46 WARNING     	ns = UNDEFINED
2026-06-28 19:20:46 WARNING     Strings are allowed here. If you meant to enter a string, please wrap the
2026-06-28 19:20:46 WARNING     expression in single or double quotes:
2026-06-28 19:20:46 WARNING         Found expression: 0.5ns
2026-06-28 19:20:46 WARNING         Expression as valid string: "0.5ns"
2026-06-28 19:20:46 WARNING     Expression will be treated as a string. This will be deprecated in version
2026-06-28 19:20:46 WARNING     0.4. Please wrap quotes around the expression to specify a string.
2026-06-28 19:20:46 WARNING     Evaluation of "DDR4" failed.
2026-06-28 19:20:46 WARNING     Failed to evaluate: DDR4
2026-06-28 19:20:46 WARNING     Location: arch attribute "type"
2026-06-28 19:20:46 WARNING     Problem encountered: NameError: Name 'DDR4' is not defined.
2026-06-28 19:20:46 WARNING     Available bindings: 
2026-06-28 19:20:46 WARNING     Failed to evaluate: DDR4
2026-06-28 19:20:46 WARNING     Location: arch attribute "type"
2026-06-28 19:20:46 WARNING     Problem encountered: NameError: Name 'DDR4' is not defined.
2026-06-28 19:20:46 WARNING     Please ensure that the expression used is a valid Python expression.
2026-06-28 19:20:46 WARNING     The following may have been used in the expression:
2026-06-28 19:20:46 WARNING     	DDR4 = UNDEFINED
2026-06-28 19:20:46 WARNING     Strings are allowed here. If you meant to enter a string, please wrap the
2026-06-28 19:20:46 WARNING     expression in single or double quotes:
2026-06-28 19:20:46 WARNING         Found expression: DDR4
2026-06-28 19:20:46 WARNING         Expression as valid string: "DDR4"
2026-06-28 19:20:46 WARNING     Expression will be treated as a string. This will be deprecated in version
2026-06-28 19:20:46 WARNING     0.4. Please wrap quotes around the expression to specify a string.
2026-06-28 19:20:46 WARNING     Evaluation of "45nm" failed.
2026-06-28 19:20:46 WARNING     Failed to evaluate: 45nm
2026-06-28 19:20:46 WARNING     Location: arch attribute "technology"
2026-06-28 19:20:46 WARNING     Problem encountered: SyntaxError: invalid decimal literal (<string>, line 1)
2026-06-28 19:20:46 WARNING     Available bindings: 
2026-06-28 19:20:46 WARNING     	type = DDR4
2026-06-28 19:20:46 WARNING     	width = 16
2026-06-28 19:20:46 WARNING     	block-size = 1
2026-06-28 19:20:46 WARNING     	word-bits = 16
2026-06-28 19:20:46 WARNING     	shared_bandwidth = 6
2026-06-28 19:20:46 WARNING     	datawidth = 16
2026-06-28 19:20:46 WARNING     Failed to evaluate: 45nm
2026-06-28 19:20:46 WARNING     Location: arch attribute "technology"
2026-06-28 19:20:46 WARNING     Problem encountered: SyntaxError: invalid decimal literal (<string>, line 1)
2026-06-28 19:20:46 WARNING     Please ensure that the expression used is a valid Python expression.
2026-06-28 19:20:46 WARNING     The following may have been used in the expression:
2026-06-28 19:20:46 WARNING     	nm = UNDEFINED
2026-06-28 19:20:46 WARNING     Strings are allowed here. If you meant to enter a string, please wrap the
2026-06-28 19:20:46 WARNING     expression in single or double quotes:
2026-06-28 19:20:46 WARNING         Found expression: 45nm
2026-06-28 19:20:46 WARNING         Expression as valid string: "45nm"
2026-06-28 19:20:46 WARNING     Expression will be treated as a string. This will be deprecated in version
2026-06-28 19:20:46 WARNING     0.4. Please wrap quotes around the expression to specify a string.
2026-06-28 19:20:46 WARNING     Evaluation of "0.5ns" failed.
2026-06-28 19:20:46 WARNING     Failed to evaluate: 0.5ns
2026-06-28 19:20:46 WARNING     Location: arch attribute "latency"
2026-06-28 19:20:46 WARNING     Problem encountered: SyntaxError: invalid decimal literal (<string>, line 1)
2026-06-28 19:20:46 WARNING     Available bindings: 
2026-06-28 19:20:46 WARNING     	type = DDR4
2026-06-28 19:20:46 WARNING     	width = 16
2026-06-28 19:20:46 WARNING     	block-size = 1
2026-06-28 19:20:46 WARNING     	word-bits = 16
2026-06-28 19:20:46 WARNING     	shared_bandwidth = 6
2026-06-28 19:20:46 WARNING     	datawidth = 16
2026-06-28 19:20:46 WARNING     	technology = 45nm
2026-06-28 19:20:46 WARNING     Failed to evaluate: 0.5ns
2026-06-28 19:20:46 WARNING     Location: arch attribute "latency"
2026-06-28 19:20:46 WARNING     Problem encountered: SyntaxError: invalid decimal literal (<string>, line 1)
2026-06-28 19:20:46 WARNING     Please ensure that the expression used is a valid Python expression.
2026-06-28 19:20:46 WARNING     The following may have been used in the expression:
2026-06-28 19:20:46 WARNING     	ns = UNDEFINED
2026-06-28 19:20:46 WARNING     Strings are allowed here. If you meant to enter a string, please wrap the
2026-06-28 19:20:46 WARNING     expression in single or double quotes:
2026-06-28 19:20:46 WARNING         Found expression: 0.5ns
2026-06-28 19:20:46 WARNING         Expression as valid string: "0.5ns"
2026-06-28 19:20:46 WARNING     Expression will be treated as a string. This will be deprecated in version
2026-06-28 19:20:46 WARNING     0.4. Please wrap quotes around the expression to specify a string.
2026-06-28 19:20:46 INFO        Calculated arch attribute "global_cycle_seconds" as "0.5e-9" = 5e-10.
2026-06-28 19:20:46 INFO        Parsing file /deeper/PolyFuseV2/data/components/smartbuffer_RF.yaml for compound_components info
2026-06-28 19:20:46 WARNING     File /deeper/PolyFuseV2/data/components/smartbuffer_RF.yaml is outdated. File version is 0.3, while the latest version is 0.4. 
2026-06-28 19:20:46 WARNING      Please update the file to the latest version.
2026-06-28 19:20:46 INFO        Parsing file /deeper/PolyFuseV2/data/components/smartbuffer_SRAM.yaml for compound_components info
2026-06-28 19:20:46 WARNING     File /deeper/PolyFuseV2/data/components/smartbuffer_SRAM.yaml is outdated. File version is 0.3, while the latest version is 0.4. 
2026-06-28 19:20:46 WARNING      Please update the file to the latest version.
2026-06-28 19:20:46 INFO        Parsing file /deeper/PolyFuseV2/data/components/reg_storage.yaml for compound_components info
2026-06-28 19:20:46 WARNING     File /deeper/PolyFuseV2/data/components/reg_storage.yaml is outdated. File version is 0.3, while the latest version is 0.4. 
2026-06-28 19:20:46 WARNING      Please update the file to the latest version.
2026-06-28 19:20:46 INFO        Parsing file /deeper/PolyFuseV2/data/components/lmac.yaml for compound_components info
2026-06-28 19:20:46 WARNING     File /deeper/PolyFuseV2/data/components/lmac.yaml is outdated. File version is 0.3, while the latest version is 0.4. 
2026-06-28 19:20:46 WARNING      Please update the file to the latest version.
2026-06-28 19:20:46 WARNING     Evaluation of "45nm" failed.
2026-06-28 19:20:46 WARNING     Failed to evaluate: 45nm
2026-06-28 19:20:46 WARNING     Location: Architecture class smartbuffer_SRAM attributes"technology"
2026-06-28 19:20:46 WARNING     Problem encountered: SyntaxError: invalid decimal literal (<string>, line 1)
2026-06-28 19:20:46 WARNING     Available bindings: 
2026-06-28 19:20:46 WARNING     	memory_depth = 1024
2026-06-28 19:20:46 WARNING     	memory_width = 128
2026-06-28 19:20:46 WARNING     	word-bits = 16
2026-06-28 19:20:46 WARNING     	cluster-size = 1
2026-06-28 19:20:46 WARNING     	meshX = 16
2026-06-28 19:20:46 WARNING     	datawidth = 16
2026-06-28 19:20:46 WARNING     Failed to evaluate: 45nm
2026-06-28 19:20:46 WARNING     Location: Architecture class smartbuffer_SRAM attributes"technology"
2026-06-28 19:20:46 WARNING     Problem encountered: SyntaxError: invalid decimal literal (<string>, line 1)
2026-06-28 19:20:46 WARNING     Please ensure that the expression used is a valid Python expression.
2026-06-28 19:20:46 WARNING     The following may have been used in the expression:
2026-06-28 19:20:46 WARNING     	nm = UNDEFINED
2026-06-28 19:20:46 WARNING     Strings are allowed here. If you meant to enter a string, please wrap the
2026-06-28 19:20:46 WARNING     expression in single or double quotes:
2026-06-28 19:20:46 WARNING         Found expression: 45nm
2026-06-28 19:20:46 WARNING         Expression as valid string: "45nm"
2026-06-28 19:20:46 WARNING     Expression will be treated as a string. This will be deprecated in version
2026-06-28 19:20:46 WARNING     0.4. Please wrap quotes around the expression to specify a string.
2026-06-28 19:20:46 WARNING     Evaluation of "0.5ns" failed.
2026-06-28 19:20:46 WARNING     Failed to evaluate: 0.5ns
2026-06-28 19:20:46 WARNING     Location: Architecture class smartbuffer_SRAM attributes"latency"
2026-06-28 19:20:46 WARNING     Problem encountered: SyntaxError: invalid decimal literal (<string>, line 1)
2026-06-28 19:20:46 WARNING     Available bindings: 
2026-06-28 19:20:46 WARNING     	memory_depth = 1024
2026-06-28 19:20:46 WARNING     	memory_width = 128
2026-06-28 19:20:46 WARNING     	word-bits = 16
2026-06-28 19:20:46 WARNING     	cluster-size = 1
2026-06-28 19:20:46 WARNING     	meshX = 16
2026-06-28 19:20:46 WARNING     	datawidth = 16
2026-06-28 19:20:46 WARNING     	technology = 45nm
2026-06-28 19:20:46 WARNING     Failed to evaluate: 0.5ns
2026-06-28 19:20:46 WARNING     Location: Architecture class smartbuffer_SRAM attributes"latency"
2026-06-28 19:20:46 WARNING     Problem encountered: SyntaxError: invalid decimal literal (<string>, line 1)
2026-06-28 19:20:46 WARNING     Please ensure that the expression used is a valid Python expression.
2026-06-28 19:20:46 WARNING     The following may have been used in the expression:
2026-06-28 19:20:46 WARNING     	ns = UNDEFINED
2026-06-28 19:20:46 WARNING     Strings are allowed here. If you meant to enter a string, please wrap the
2026-06-28 19:20:46 WARNING     expression in single or double quotes:
2026-06-28 19:20:46 WARNING         Found expression: 0.5ns
2026-06-28 19:20:46 WARNING         Expression as valid string: "0.5ns"
2026-06-28 19:20:46 WARNING     Expression will be treated as a string. This will be deprecated in version
2026-06-28 19:20:46 WARNING     0.4. Please wrap quotes around the expression to specify a string.
2026-06-28 19:20:46 WARNING     Evaluation of "45nm" failed.
2026-06-28 19:20:46 WARNING     Failed to evaluate: 45nm
2026-06-28 19:20:46 WARNING     Location: Architecture class smartbuffer_SRAM attributes"technology"
2026-06-28 19:20:46 WARNING     Problem encountered: SyntaxError: invalid decimal literal (<string>, line 1)
2026-06-28 19:20:46 WARNING     Available bindings: 
2026-06-28 19:20:46 WARNING     	memory_depth = 512
2026-06-28 19:20:46 WARNING     	memory_width = 128
2026-06-28 19:20:46 WARNING     	word-bits = 16
2026-06-28 19:20:46 WARNING     	meshX = 16
2026-06-28 19:20:46 WARNING     	cluster-size = 1
2026-06-28 19:20:46 WARNING     	n_banks = 1
2026-06-28 19:20:46 WARNING     	datawidth = 16
2026-06-28 19:20:46 WARNING     Failed to evaluate: 45nm
2026-06-28 19:20:46 WARNING     Location: Architecture class smartbuffer_SRAM attributes"technology"
2026-06-28 19:20:46 WARNING     Problem encountered: SyntaxError: invalid decimal literal (<string>, line 1)
2026-06-28 19:20:46 WARNING     Please ensure that the expression used is a valid Python expression.
2026-06-28 19:20:46 WARNING     The following may have been used in the expression:
2026-06-28 19:20:46 WARNING     	nm = UNDEFINED
2026-06-28 19:20:46 WARNING     Strings are allowed here. If you meant to enter a string, please wrap the
2026-06-28 19:20:46 WARNING     expression in single or double quotes:
2026-06-28 19:20:46 WARNING         Found expression: 45nm
2026-06-28 19:20:46 WARNING         Expression as valid string: "45nm"
2026-06-28 19:20:46 WARNING     Expression will be treated as a string. This will be deprecated in version
2026-06-28 19:20:46 WARNING     0.4. Please wrap quotes around the expression to specify a string.
2026-06-28 19:20:46 WARNING     Evaluation of "0.5ns" failed.
2026-06-28 19:20:46 WARNING     Failed to evaluate: 0.5ns
2026-06-28 19:20:46 WARNING     Location: Architecture class smartbuffer_SRAM attributes"latency"
2026-06-28 19:20:46 WARNING     Problem encountered: SyntaxError: invalid decimal literal (<string>, line 1)
2026-06-28 19:20:46 WARNING     Available bindings: 
2026-06-28 19:20:46 WARNING     	memory_depth = 512
2026-06-28 19:20:46 WARNING     	memory_width = 128
2026-06-28 19:20:46 WARNING     	word-bits = 16
2026-06-28 19:20:46 WARNING     	meshX = 16
2026-06-28 19:20:46 WARNING     	cluster-size = 1
2026-06-28 19:20:46 WARNING     	n_banks = 1
2026-06-28 19:20:46 WARNING     	datawidth = 16
2026-06-28 19:20:46 WARNING     	technology = 45nm
2026-06-28 19:20:46 WARNING     Failed to evaluate: 0.5ns
2026-06-28 19:20:46 WARNING     Location: Architecture class smartbuffer_SRAM attributes"latency"
2026-06-28 19:20:46 WARNING     Problem encountered: SyntaxError: invalid decimal literal (<string>, line 1)
2026-06-28 19:20:46 WARNING     Please ensure that the expression used is a valid Python expression.
2026-06-28 19:20:46 WARNING     The following may have been used in the expression:
2026-06-28 19:20:46 WARNING     	ns = UNDEFINED
2026-06-28 19:20:46 WARNING     Strings are allowed here. If you meant to enter a string, please wrap the
2026-06-28 19:20:46 WARNING     expression in single or double quotes:
2026-06-28 19:20:46 WARNING         Found expression: 0.5ns
2026-06-28 19:20:46 WARNING         Expression as valid string: "0.5ns"
2026-06-28 19:20:46 WARNING     Expression will be treated as a string. This will be deprecated in version
2026-06-28 19:20:46 WARNING     0.4. Please wrap quotes around the expression to specify a string.
2026-06-28 19:20:46 WARNING     Evaluation of "45nm" failed.
2026-06-28 19:20:46 WARNING     Failed to evaluate: 45nm
2026-06-28 19:20:46 WARNING     Location: Architecture class smartbuffer_SRAM attributes"technology"
2026-06-28 19:20:46 WARNING     Problem encountered: SyntaxError: invalid decimal literal (<string>, line 1)
2026-06-28 19:20:46 WARNING     Available bindings: 
2026-06-28 19:20:46 WARNING     	memory_depth = 64
2026-06-28 19:20:46 WARNING     	memory_width = 64
2026-06-28 19:20:46 WARNING     	cluster-size = 1
2026-06-28 19:20:46 WARNING     	word-bits = 32
2026-06-28 19:20:46 WARNING     	meshX = 16
2026-06-28 19:20:46 WARNING     	datawidth = 16
2026-06-28 19:20:46 WARNING     Failed to evaluate: 45nm
2026-06-28 19:20:46 WARNING     Location: Architecture class smartbuffer_SRAM attributes"technology"
2026-06-28 19:20:46 WARNING     Problem encountered: SyntaxError: invalid decimal literal (<string>, line 1)
2026-06-28 19:20:46 WARNING     Please ensure that the expression used is a valid Python expression.
2026-06-28 19:20:46 WARNING     The following may have been used in the expression:
2026-06-28 19:20:46 WARNING     	nm = UNDEFINED
2026-06-28 19:20:46 WARNING     Strings are allowed here. If you meant to enter a string, please wrap the
2026-06-28 19:20:46 WARNING     expression in single or double quotes:
2026-06-28 19:20:46 WARNING         Found expression: 45nm
2026-06-28 19:20:46 WARNING         Expression as valid string: "45nm"
2026-06-28 19:20:46 WARNING     Expression will be treated as a string. This will be deprecated in version
2026-06-28 19:20:46 WARNING     0.4. Please wrap quotes around the expression to specify a string.
2026-06-28 19:20:46 WARNING     Evaluation of "0.5ns" failed.
2026-06-28 19:20:46 WARNING     Failed to evaluate: 0.5ns
2026-06-28 19:20:46 WARNING     Location: Architecture class smartbuffer_SRAM attributes"latency"
2026-06-28 19:20:46 WARNING     Problem encountered: SyntaxError: invalid decimal literal (<string>, line 1)
2026-06-28 19:20:46 WARNING     Available bindings: 
2026-06-28 19:20:46 WARNING     	memory_depth = 64
2026-06-28 19:20:46 WARNING     	memory_width = 64
2026-06-28 19:20:46 WARNING     	cluster-size = 1
2026-06-28 19:20:46 WARNING     	word-bits = 32
2026-06-28 19:20:46 WARNING     	meshX = 16
2026-06-28 19:20:46 WARNING     	datawidth = 16
2026-06-28 19:20:46 WARNING     	technology = 45nm
2026-06-28 19:20:46 WARNING     Failed to evaluate: 0.5ns
2026-06-28 19:20:46 WARNING     Location: Architecture class smartbuffer_SRAM attributes"latency"
2026-06-28 19:20:46 WARNING     Problem encountered: SyntaxError: invalid decimal literal (<string>, line 1)
2026-06-28 19:20:46 WARNING     Please ensure that the expression used is a valid Python expression.
2026-06-28 19:20:46 WARNING     The following may have been used in the expression:
2026-06-28 19:20:46 WARNING     	ns = UNDEFINED
2026-06-28 19:20:46 WARNING     Strings are allowed here. If you meant to enter a string, please wrap the
2026-06-28 19:20:46 WARNING     expression in single or double quotes:
2026-06-28 19:20:46 WARNING         Found expression: 0.5ns
2026-06-28 19:20:46 WARNING         Expression as valid string: "0.5ns"
2026-06-28 19:20:46 WARNING     Expression will be treated as a string. This will be deprecated in version
2026-06-28 19:20:46 WARNING     0.4. Please wrap quotes around the expression to specify a string.
2026-06-28 19:20:46 WARNING     Evaluation of "45nm" failed.
2026-06-28 19:20:46 WARNING     Failed to evaluate: 45nm
2026-06-28 19:20:46 WARNING     Location: Architecture class smartbuffer_SRAM attributes"technology"
2026-06-28 19:20:46 WARNING     Problem encountered: SyntaxError: invalid decimal literal (<string>, line 1)
2026-06-28 19:20:46 WARNING     Available bindings: 
2026-06-28 19:20:46 WARNING     	memory_depth = 1
2026-06-28 19:20:46 WARNING     	memory_width = 32
2026-06-28 19:20:46 WARNING     	word-bits = 16
2026-06-28 19:20:46 WARNING     	cluster-size = 1
2026-06-28 19:20:46 WARNING     	num-ports = 2
2026-06-28 19:20:46 WARNING     	meshX = 16
2026-06-28 19:20:46 WARNING     	datawidth = 16
2026-06-28 19:20:46 WARNING     Failed to evaluate: 45nm
2026-06-28 19:20:46 WARNING     Location: Architecture class smartbuffer_SRAM attributes"technology"
2026-06-28 19:20:46 WARNING     Problem encountered: SyntaxError: invalid decimal literal (<string>, line 1)
2026-06-28 19:20:46 WARNING     Please ensure that the expression used is a valid Python expression.
2026-06-28 19:20:46 WARNING     The following may have been used in the expression:
2026-06-28 19:20:46 WARNING     	nm = UNDEFINED
2026-06-28 19:20:46 WARNING     Strings are allowed here. If you meant to enter a string, please wrap the
2026-06-28 19:20:46 WARNING     expression in single or double quotes:
2026-06-28 19:20:46 WARNING         Found expression: 45nm
2026-06-28 19:20:46 WARNING         Expression as valid string: "45nm"
2026-06-28 19:20:46 WARNING     Expression will be treated as a string. This will be deprecated in version
2026-06-28 19:20:46 WARNING     0.4. Please wrap quotes around the expression to specify a string.
2026-06-28 19:20:46 WARNING     Evaluation of "0.5ns" failed.
2026-06-28 19:20:46 WARNING     Failed to evaluate: 0.5ns
2026-06-28 19:20:46 WARNING     Location: Architecture class smartbuffer_SRAM attributes"latency"
2026-06-28 19:20:46 WARNING     Problem encountered: SyntaxError: invalid decimal literal (<string>, line 1)
2026-06-28 19:20:46 WARNING     Available bindings: 
2026-06-28 19:20:46 WARNING     	memory_depth = 1
2026-06-28 19:20:46 WARNING     	memory_width = 32
2026-06-28 19:20:46 WARNING     	word-bits = 16
2026-06-28 19:20:46 WARNING     	cluster-size = 1
2026-06-28 19:20:46 WARNING     	num-ports = 2
2026-06-28 19:20:46 WARNING     	meshX = 16
2026-06-28 19:20:46 WARNING     	datawidth = 16
2026-06-28 19:20:46 WARNING     	technology = 45nm
2026-06-28 19:20:46 WARNING     Failed to evaluate: 0.5ns
2026-06-28 19:20:46 WARNING     Location: Architecture class smartbuffer_SRAM attributes"latency"
2026-06-28 19:20:46 WARNING     Problem encountered: SyntaxError: invalid decimal literal (<string>, line 1)
2026-06-28 19:20:46 WARNING     Please ensure that the expression used is a valid Python expression.
2026-06-28 19:20:46 WARNING     The following may have been used in the expression:
2026-06-28 19:20:46 WARNING     	ns = UNDEFINED
2026-06-28 19:20:46 WARNING     Strings are allowed here. If you meant to enter a string, please wrap the
2026-06-28 19:20:46 WARNING     expression in single or double quotes:
2026-06-28 19:20:46 WARNING         Found expression: 0.5ns
2026-06-28 19:20:46 WARNING         Expression as valid string: "0.5ns"
2026-06-28 19:20:46 WARNING     Expression will be treated as a string. This will be deprecated in version
2026-06-28 19:20:46 WARNING     0.4. Please wrap quotes around the expression to specify a string.
2026-06-28 19:20:46 WARNING     Evaluation of "0.5ns" failed.
2026-06-28 19:20:46 WARNING     Failed to evaluate: 0.5ns
2026-06-28 19:20:46 WARNING     Location: Architecture class lmac attributes"latency"
2026-06-28 19:20:46 WARNING     Problem encountered: SyntaxError: invalid decimal literal (<string>, line 1)
2026-06-28 19:20:46 WARNING     Available bindings: 
2026-06-28 19:20:46 WARNING     Failed to evaluate: 0.5ns
2026-06-28 19:20:46 WARNING     Location: Architecture class lmac attributes"latency"
2026-06-28 19:20:46 WARNING     Problem encountered: SyntaxError: invalid decimal literal (<string>, line 1)
2026-06-28 19:20:46 WARNING     Please ensure that the expression used is a valid Python expression.
2026-06-28 19:20:46 WARNING     The following may have been used in the expression:
2026-06-28 19:20:46 WARNING     	ns = UNDEFINED
2026-06-28 19:20:46 WARNING     Strings are allowed here. If you meant to enter a string, please wrap the
2026-06-28 19:20:46 WARNING     expression in single or double quotes:
2026-06-28 19:20:46 WARNING         Found expression: 0.5ns
2026-06-28 19:20:46 WARNING         Expression as valid string: "0.5ns"
2026-06-28 19:20:46 WARNING     Expression will be treated as a string. This will be deprecated in version
2026-06-28 19:20:46 WARNING     0.4. Please wrap quotes around the expression to specify a string.
2026-06-28 19:20:46 WARNING     Evaluation of "45nm" failed.
2026-06-28 19:20:46 WARNING     Failed to evaluate: 45nm
2026-06-28 19:20:46 WARNING     Location: Architecture class lmac attributes"technology"
2026-06-28 19:20:46 WARNING     Problem encountered: SyntaxError: invalid decimal literal (<string>, line 1)
2026-06-28 19:20:46 WARNING     Available bindings: 
2026-06-28 19:20:46 WARNING     	latency = 0.5ns
2026-06-28 19:20:46 WARNING     	datawidth = 16
2026-06-28 19:20:46 WARNING     	meshX = 16
2026-06-28 19:20:46 WARNING     	word-bits = 16
2026-06-28 19:20:46 WARNING     Failed to evaluate: 45nm
2026-06-28 19:20:46 WARNING     Location: Architecture class lmac attributes"technology"
2026-06-28 19:20:46 WARNING     Problem encountered: SyntaxError: invalid decimal literal (<string>, line 1)
2026-06-28 19:20:46 WARNING     Please ensure that the expression used is a valid Python expression.
2026-06-28 19:20:46 WARNING     The following may have been used in the expression:
2026-06-28 19:20:46 WARNING     	nm = UNDEFINED
2026-06-28 19:20:46 WARNING     Strings are allowed here. If you meant to enter a string, please wrap the
2026-06-28 19:20:46 WARNING     expression in single or double quotes:
2026-06-28 19:20:46 WARNING         Found expression: 45nm
2026-06-28 19:20:46 WARNING         Expression as valid string: "45nm"
2026-06-28 19:20:46 WARNING     Expression will be treated as a string. This will be deprecated in version
2026-06-28 19:20:46 WARNING     0.4. Please wrap quotes around the expression to specify a string.
2026-06-28 19:20:46 WARNING     Evaluation of "45nm" failed.
2026-06-28 19:20:46 WARNING     Failed to evaluate: 45nm
2026-06-28 19:20:46 WARNING     Location: Architecture class smartbuffer_SRAM attributes"technology"
2026-06-28 19:20:46 WARNING     Problem encountered: SyntaxError: invalid decimal literal (<string>, line 1)
2026-06-28 19:20:46 WARNING     Available bindings: 
2026-06-28 19:20:46 WARNING     	memory_depth = 2048
2026-06-28 19:20:46 WARNING     	memory_width = 512
2026-06-28 19:20:46 WARNING     	word-bits = 16
2026-06-28 19:20:46 WARNING     	cluster-size = 1
2026-06-28 19:20:46 WARNING     	nports = 2
2026-06-28 19:20:46 WARNING     	meshX = 1
2026-06-28 19:20:46 WARNING     	datawidth = 16
2026-06-28 19:20:46 WARNING     Failed to evaluate: 45nm
2026-06-28 19:20:46 WARNING     Location: Architecture class smartbuffer_SRAM attributes"technology"
2026-06-28 19:20:46 WARNING     Problem encountered: SyntaxError: invalid decimal literal (<string>, line 1)
2026-06-28 19:20:46 WARNING     Please ensure that the expression used is a valid Python expression.
2026-06-28 19:20:46 WARNING     The following may have been used in the expression:
2026-06-28 19:20:46 WARNING     	nm = UNDEFINED
2026-06-28 19:20:46 WARNING     Strings are allowed here. If you meant to enter a string, please wrap the
2026-06-28 19:20:46 WARNING     expression in single or double quotes:
2026-06-28 19:20:46 WARNING         Found expression: 45nm
2026-06-28 19:20:46 WARNING         Expression as valid string: "45nm"
2026-06-28 19:20:46 WARNING     Expression will be treated as a string. This will be deprecated in version
2026-06-28 19:20:46 WARNING     0.4. Please wrap quotes around the expression to specify a string.
2026-06-28 19:20:46 WARNING     Evaluation of "0.5ns" failed.
2026-06-28 19:20:46 WARNING     Failed to evaluate: 0.5ns
2026-06-28 19:20:46 WARNING     Location: Architecture class smartbuffer_SRAM attributes"latency"
2026-06-28 19:20:46 WARNING     Problem encountered: SyntaxError: invalid decimal literal (<string>, line 1)
2026-06-28 19:20:46 WARNING     Available bindings: 
2026-06-28 19:20:46 WARNING     	memory_depth = 2048
2026-06-28 19:20:46 WARNING     	memory_width = 512
2026-06-28 19:20:46 WARNING     	word-bits = 16
2026-06-28 19:20:46 WARNING     	cluster-size = 1
2026-06-28 19:20:46 WARNING     	nports = 2
2026-06-28 19:20:46 WARNING     	meshX = 1
2026-06-28 19:20:46 WARNING     	datawidth = 16
2026-06-28 19:20:46 WARNING     	technology = 45nm
2026-06-28 19:20:46 WARNING     Failed to evaluate: 0.5ns
2026-06-28 19:20:46 WARNING     Location: Architecture class smartbuffer_SRAM attributes"latency"
2026-06-28 19:20:46 WARNING     Problem encountered: SyntaxError: invalid decimal literal (<string>, line 1)
2026-06-28 19:20:46 WARNING     Please ensure that the expression used is a valid Python expression.
2026-06-28 19:20:46 WARNING     The following may have been used in the expression:
2026-06-28 19:20:46 WARNING     	ns = UNDEFINED
2026-06-28 19:20:46 WARNING     Strings are allowed here. If you meant to enter a string, please wrap the
2026-06-28 19:20:46 WARNING     expression in single or double quotes:
2026-06-28 19:20:46 WARNING         Found expression: 0.5ns
2026-06-28 19:20:46 WARNING         Expression as valid string: "0.5ns"
2026-06-28 19:20:46 WARNING     Expression will be treated as a string. This will be deprecated in version
2026-06-28 19:20:46 WARNING     0.4. Please wrap quotes around the expression to specify a string.
2026-06-28 19:20:46 WARNING     Evaluation of "DDR4" failed.
2026-06-28 19:20:46 WARNING     Failed to evaluate: DDR4
2026-06-28 19:20:46 WARNING     Location: Architecture class DRAM attributes"type"
2026-06-28 19:20:46 WARNING     Problem encountered: NameError: Name 'DDR4' is not defined.
2026-06-28 19:20:46 WARNING     Available bindings: 
2026-06-28 19:20:46 WARNING     Failed to evaluate: DDR4
2026-06-28 19:20:46 WARNING     Location: Architecture class DRAM attributes"type"
2026-06-28 19:20:46 WARNING     Problem encountered: NameError: Name 'DDR4' is not defined.
2026-06-28 19:20:46 WARNING     Please ensure that the expression used is a valid Python expression.
2026-06-28 19:20:46 WARNING     The following may have been used in the expression:
2026-06-28 19:20:46 WARNING     	DDR4 = UNDEFINED
2026-06-28 19:20:46 WARNING     Strings are allowed here. If you meant to enter a string, please wrap the
2026-06-28 19:20:46 WARNING     expression in single or double quotes:
2026-06-28 19:20:46 WARNING         Found expression: DDR4
2026-06-28 19:20:46 WARNING         Expression as valid string: "DDR4"
2026-06-28 19:20:46 WARNING     Expression will be treated as a string. This will be deprecated in version
2026-06-28 19:20:46 WARNING     0.4. Please wrap quotes around the expression to specify a string.
2026-06-28 19:20:46 WARNING     Evaluation of "45nm" failed.
2026-06-28 19:20:46 WARNING     Failed to evaluate: 45nm
2026-06-28 19:20:46 WARNING     Location: Architecture class DRAM attributes"technology"
2026-06-28 19:20:46 WARNING     Problem encountered: SyntaxError: invalid decimal literal (<string>, line 1)
2026-06-28 19:20:46 WARNING     Available bindings: 
2026-06-28 19:20:46 WARNING     	type = DDR4
2026-06-28 19:20:46 WARNING     	width = 16
2026-06-28 19:20:46 WARNING     	block-size = 1
2026-06-28 19:20:46 WARNING     	word-bits = 16
2026-06-28 19:20:46 WARNING     	shared_bandwidth = 6
2026-06-28 19:20:46 WARNING     	datawidth = 16
2026-06-28 19:20:46 WARNING     Failed to evaluate: 45nm
2026-06-28 19:20:46 WARNING     Location: Architecture class DRAM attributes"technology"
2026-06-28 19:20:46 WARNING     Problem encountered: SyntaxError: invalid decimal literal (<string>, line 1)
2026-06-28 19:20:46 WARNING     Please ensure that the expression used is a valid Python expression.
2026-06-28 19:20:46 WARNING     The following may have been used in the expression:
2026-06-28 19:20:46 WARNING     	nm = UNDEFINED
2026-06-28 19:20:46 WARNING     Strings are allowed here. If you meant to enter a string, please wrap the
2026-06-28 19:20:46 WARNING     expression in single or double quotes:
2026-06-28 19:20:46 WARNING         Found expression: 45nm
2026-06-28 19:20:46 WARNING         Expression as valid string: "45nm"
2026-06-28 19:20:46 WARNING     Expression will be treated as a string. This will be deprecated in version
2026-06-28 19:20:46 WARNING     0.4. Please wrap quotes around the expression to specify a string.
2026-06-28 19:20:46 WARNING     Evaluation of "0.5ns" failed.
2026-06-28 19:20:46 WARNING     Failed to evaluate: 0.5ns
2026-06-28 19:20:46 WARNING     Location: Architecture class DRAM attributes"latency"
2026-06-28 19:20:46 WARNING     Problem encountered: SyntaxError: invalid decimal literal (<string>, line 1)
2026-06-28 19:20:46 WARNING     Available bindings: 
2026-06-28 19:20:46 WARNING     	type = DDR4
2026-06-28 19:20:46 WARNING     	width = 16
2026-06-28 19:20:46 WARNING     	block-size = 1
2026-06-28 19:20:46 WARNING     	word-bits = 16
2026-06-28 19:20:46 WARNING     	shared_bandwidth = 6
2026-06-28 19:20:46 WARNING     	datawidth = 16
2026-06-28 19:20:46 WARNING     	technology = 45nm
2026-06-28 19:20:46 WARNING     Failed to evaluate: 0.5ns
2026-06-28 19:20:46 WARNING     Location: Architecture class DRAM attributes"latency"
2026-06-28 19:20:46 WARNING     Problem encountered: SyntaxError: invalid decimal literal (<string>, line 1)
2026-06-28 19:20:46 WARNING     Please ensure that the expression used is a valid Python expression.
2026-06-28 19:20:46 WARNING     The following may have been used in the expression:
2026-06-28 19:20:46 WARNING     	ns = UNDEFINED
2026-06-28 19:20:46 WARNING     Strings are allowed here. If you meant to enter a string, please wrap the
2026-06-28 19:20:46 WARNING     expression in single or double quotes:
2026-06-28 19:20:46 WARNING         Found expression: 0.5ns
2026-06-28 19:20:46 WARNING         Expression as valid string: "0.5ns"
2026-06-28 19:20:46 WARNING     Expression will be treated as a string. This will be deprecated in version
2026-06-28 19:20:46 WARNING     0.4. Please wrap quotes around the expression to specify a string.
2026-06-28 19:20:46 INFO        Estimator plug-in identified by: /usr/local/share/accelergy/estimation_plug_ins/accelergy-table-based-plug-ins/table.estimator.yaml
2026-06-28 19:20:46 INFO        Estimator plug-in identified by: /usr/local/share/accelergy/estimation_plug_ins/accelergy-cacti-plug-in/cacti.estimator.yaml
2026-06-28 19:20:46 INFO        Estimator plug-in identified by: /usr/local/share/accelergy/estimation_plug_ins/dummy_tables/dummy.estimator.yaml
2026-06-28 19:20:46 INFO        Estimator plug-in identified by: /usr/local/share/accelergy/estimation_plug_ins/accelergy-aladdin-plug-in/aladdin.estimator.yaml
2026-06-28 19:20:46 INFO        Loading Python plug-in: /usr/local/share/accelergy/estimation_plug_ins/accelergy-cacti-plug-in/cacti_wrapper.py. Errors below are likely due to plug-in, not Accelergy.
2026-06-28 19:20:46 INFO        Getting all estimators in module <module 'python_plug_in0' from '/usr/local/share/accelergy/estimation_plug_ins/accelergy-cacti-plug-in/cacti_wrapper.py'>
2026-06-28 19:20:46 INFO        Added estimator CactiCache that estimates cache with actions idle, read, read_access, update, update_access, write, write_access, leak
2026-06-28 19:20:46 INFO        Added estimator CactiDRAM that estimates ['DRAM', 'dram'] with actions idle, read, update, write, leak
2026-06-28 19:20:46 INFO        Added estimator CactiSRAM that estimates ['SRAM', 'sram'] with actions idle, read, update, write, leak
2026-06-28 19:20:46 INFO        Done loading Python plug-ins.
2026-06-28 19:20:46 INFO        Found estimator plug-in: DEPRECATED table-based-plug-ins. Use the Library plug-in instead. (<SetsOfTables.SetsOfTables object at 0x765f10a821d0>)
2026-06-28 19:20:46 INFO        Found estimator plug-in: dummy (<DummyTable.DummyTable object at 0x765f10a64c70>)
2026-06-28 19:20:46 INFO        Found estimator plug-in: Aladdin_table (<AladdinTable.AladdinTable object at 0x765f10a678e0>)
2026-06-28 19:20:46 INFO        Found estimator plug-in: CactiCache (<accelergy.plug_in_interface.estimator_wrapper.EstimatorWrapper object at 0x765f10a67fd0>)
2026-06-28 19:20:46 INFO        Found estimator plug-in: CactiDRAM (<accelergy.plug_in_interface.estimator_wrapper.EstimatorWrapper object at 0x765f10a66950>)
2026-06-28 19:20:46 INFO        Found estimator plug-in: CactiSRAM (<accelergy.plug_in_interface.estimator_wrapper.EstimatorWrapper object at 0x765f10a66d40>)
2026-06-28 19:20:46 INFO        Calculated storage."technology" as "technology" = 45nm.
2026-06-28 19:20:46 INFO        Calculated storage."width" as "memory_width" = 128.
2026-06-28 19:20:46 INFO        Calculated storage."depth" as "memory_depth" = 1024.
2026-06-28 19:20:46 INFO        Calculated storage."n_rdwr_ports" as "n_rdwr_ports" = 2.
2026-06-28 19:20:46 INFO        Calculated storage."n_banks" as "n_banks" = 1.
2026-06-28 19:20:46 INFO        Calculated address_generators[0..1]."technology" as "technology" = 45nm.
2026-06-28 19:20:46 INFO        Calculated address_generators[0..1]."width" as "log(memory_depth)" = 6.931471805599453.
2026-06-28 19:20:46 INFO        Calculated index range expression as "n_banks" = 1.
2026-06-28 19:20:46 INFO        Calculated index range expression as "n_banks" = 1.
2026-06-28 19:20:46 INFO        Calculated System.ws.PE[0..15].PEInputBuffer.write.write."data_delta" as "data_delta" = 0.
2026-06-28 19:20:46 INFO        Calculated System.ws.PE[0..15].PEInputBuffer.write.write."address_delta" as "address_delta" = 0.
2026-06-28 19:20:46 INFO        Calculated System.ws.PE[0..15].PEInputBuffer.write.write."data_delta" as "data_delta" = 1.
2026-06-28 19:20:46 INFO        Calculated System.ws.PE[0..15].PEInputBuffer.write.write."address_delta" as "address_delta" = 0.
2026-06-28 19:20:46 INFO        Calculated System.ws.PE[0..15].PEInputBuffer.write.write."data_delta" as "data_delta" = 0.
2026-06-28 19:20:46 INFO        Calculated System.ws.PE[0..15].PEInputBuffer.write.write."address_delta" as "address_delta" = 1.
2026-06-28 19:20:46 INFO        Calculated System.ws.PE[0..15].PEInputBuffer.write.write."data_delta" as "data_delta" = 1.
2026-06-28 19:20:46 INFO        Calculated System.ws.PE[0..15].PEInputBuffer.write.write."address_delta" as "address_delta" = 1.
2026-06-28 19:20:46 INFO        Calculated System.ws.PE[0..15].PEInputBuffer.read.read."data_delta" as "data_delta" = 0.
2026-06-28 19:20:46 INFO        Calculated System.ws.PE[0..15].PEInputBuffer.read.read."address_delta" as "address_delta" = 0.
2026-06-28 19:20:46 INFO        Calculated System.ws.PE[0..15].PEInputBuffer.read.read."data_delta" as "data_delta" = 1.
2026-06-28 19:20:46 INFO        Calculated System.ws.PE[0..15].PEInputBuffer.read.read."address_delta" as "address_delta" = 0.
2026-06-28 19:20:46 INFO        Calculated System.ws.PE[0..15].PEInputBuffer.read.read."data_delta" as "data_delta" = 0.
2026-06-28 19:20:46 INFO        Calculated System.ws.PE[0..15].PEInputBuffer.read.read."address_delta" as "address_delta" = 1.
2026-06-28 19:20:46 INFO        Calculated System.ws.PE[0..15].PEInputBuffer.read.read."data_delta" as "data_delta" = 1.
2026-06-28 19:20:46 INFO        Calculated System.ws.PE[0..15].PEInputBuffer.read.read."address_delta" as "address_delta" = 1.
2026-06-28 19:20:46 INFO        Calculated storage."technology" as "technology" = 45nm.
2026-06-28 19:20:46 INFO        Calculated storage."width" as "memory_width" = 128.
2026-06-28 19:20:46 INFO        Calculated storage."depth" as "memory_depth" = 512.
2026-06-28 19:20:46 INFO        Calculated storage."n_rdwr_ports" as "n_rdwr_ports" = 2.
2026-06-28 19:20:46 INFO        Calculated storage."n_banks" as "n_banks" = 1.
2026-06-28 19:20:46 INFO        Calculated address_generators[0..1]."technology" as "technology" = 45nm.
2026-06-28 19:20:46 INFO        Calculated address_generators[0..1]."width" as "log(memory_depth)" = 6.238324625039508.
2026-06-28 19:20:46 INFO        Calculated index range expression as "n_banks" = 1.
2026-06-28 19:20:46 INFO        Calculated index range expression as "n_banks" = 1.
2026-06-28 19:20:46 INFO        Calculated System.ws.PE[0..15].PEWeightBuffer[0..7].write.write."data_delta" as "data_delta" = 0.
2026-06-28 19:20:46 INFO        Calculated System.ws.PE[0..15].PEWeightBuffer[0..7].write.write."address_delta" as "address_delta" = 0.
2026-06-28 19:20:46 INFO        Calculated System.ws.PE[0..15].PEWeightBuffer[0..7].write.write."data_delta" as "data_delta" = 1.
2026-06-28 19:20:46 INFO        Calculated System.ws.PE[0..15].PEWeightBuffer[0..7].write.write."address_delta" as "address_delta" = 0.
2026-06-28 19:20:46 INFO        Calculated System.ws.PE[0..15].PEWeightBuffer[0..7].write.write."data_delta" as "data_delta" = 0.
2026-06-28 19:20:46 INFO        Calculated System.ws.PE[0..15].PEWeightBuffer[0..7].write.write."address_delta" as "address_delta" = 1.
2026-06-28 19:20:46 INFO        Calculated System.ws.PE[0..15].PEWeightBuffer[0..7].write.write."data_delta" as "data_delta" = 1.
2026-06-28 19:20:46 INFO        Calculated System.ws.PE[0..15].PEWeightBuffer[0..7].write.write."address_delta" as "address_delta" = 1.
2026-06-28 19:20:46 INFO        Calculated System.ws.PE[0..15].PEWeightBuffer[0..7].read.read."data_delta" as "data_delta" = 0.
2026-06-28 19:20:46 INFO        Calculated System.ws.PE[0..15].PEWeightBuffer[0..7].read.read."address_delta" as "address_delta" = 0.
2026-06-28 19:20:46 INFO        Calculated System.ws.PE[0..15].PEWeightBuffer[0..7].read.read."data_delta" as "data_delta" = 1.
2026-06-28 19:20:46 INFO        Calculated System.ws.PE[0..15].PEWeightBuffer[0..7].read.read."address_delta" as "address_delta" = 0.
2026-06-28 19:20:46 INFO        Calculated System.ws.PE[0..15].PEWeightBuffer[0..7].read.read."data_delta" as "data_delta" = 0.
2026-06-28 19:20:46 INFO        Calculated System.ws.PE[0..15].PEWeightBuffer[0..7].read.read."address_delta" as "address_delta" = 1.
2026-06-28 19:20:46 INFO        Calculated System.ws.PE[0..15].PEWeightBuffer[0..7].read.read."data_delta" as "data_delta" = 1.
2026-06-28 19:20:46 INFO        Calculated System.ws.PE[0..15].PEWeightBuffer[0..7].read.read."address_delta" as "address_delta" = 1.
2026-06-28 19:20:46 INFO        Calculated storage."technology" as "technology" = 45nm.
2026-06-28 19:20:46 INFO        Calculated storage."width" as "memory_width" = 64.
2026-06-28 19:20:46 INFO        Calculated storage."depth" as "memory_depth" = 64.
2026-06-28 19:20:46 INFO        Calculated storage."n_rdwr_ports" as "n_rdwr_ports" = 2.
2026-06-28 19:20:46 INFO        Calculated storage."n_banks" as "n_banks" = 1.
2026-06-28 19:20:46 INFO        Calculated address_generators[0..1]."technology" as "technology" = 45nm.
2026-06-28 19:20:46 INFO        Calculated address_generators[0..1]."width" as "log(memory_depth)" = 4.1588830833596715.
2026-06-28 19:20:46 INFO        Calculated index range expression as "n_banks" = 1.
2026-06-28 19:20:46 INFO        Calculated index range expression as "n_banks" = 1.
2026-06-28 19:20:46 INFO        Calculated System.ws.PE[0..15].PEAccuBuffer[0..7].write.write."data_delta" as "data_delta" = 0.
2026-06-28 19:20:46 INFO        Calculated System.ws.PE[0..15].PEAccuBuffer[0..7].write.write."address_delta" as "address_delta" = 0.
2026-06-28 19:20:46 INFO        Calculated System.ws.PE[0..15].PEAccuBuffer[0..7].write.write."data_delta" as "data_delta" = 1.
2026-06-28 19:20:46 INFO        Calculated System.ws.PE[0..15].PEAccuBuffer[0..7].write.write."address_delta" as "address_delta" = 0.
2026-06-28 19:20:46 INFO        Calculated System.ws.PE[0..15].PEAccuBuffer[0..7].write.write."data_delta" as "data_delta" = 0.
2026-06-28 19:20:46 INFO        Calculated System.ws.PE[0..15].PEAccuBuffer[0..7].write.write."address_delta" as "address_delta" = 1.
2026-06-28 19:20:46 INFO        Calculated System.ws.PE[0..15].PEAccuBuffer[0..7].write.write."data_delta" as "data_delta" = 1.
2026-06-28 19:20:46 INFO        Calculated System.ws.PE[0..15].PEAccuBuffer[0..7].write.write."address_delta" as "address_delta" = 1.
2026-06-28 19:20:46 INFO        Calculated System.ws.PE[0..15].PEAccuBuffer[0..7].read.read."data_delta" as "data_delta" = 0.
2026-06-28 19:20:46 INFO        Calculated System.ws.PE[0..15].PEAccuBuffer[0..7].read.read."address_delta" as "address_delta" = 0.
2026-06-28 19:20:46 INFO        Calculated System.ws.PE[0..15].PEAccuBuffer[0..7].read.read."data_delta" as "data_delta" = 1.
2026-06-28 19:20:46 INFO        Calculated System.ws.PE[0..15].PEAccuBuffer[0..7].read.read."address_delta" as "address_delta" = 0.
2026-06-28 19:20:46 INFO        Calculated System.ws.PE[0..15].PEAccuBuffer[0..7].read.read."data_delta" as "data_delta" = 0.
2026-06-28 19:20:46 INFO        Calculated System.ws.PE[0..15].PEAccuBuffer[0..7].read.read."address_delta" as "address_delta" = 1.
2026-06-28 19:20:46 INFO        Calculated System.ws.PE[0..15].PEAccuBuffer[0..7].read.read."data_delta" as "data_delta" = 1.
2026-06-28 19:20:46 INFO        Calculated System.ws.PE[0..15].PEAccuBuffer[0..7].read.read."address_delta" as "address_delta" = 1.
2026-06-28 19:20:46 INFO        Calculated storage."technology" as "technology" = 45nm.
2026-06-28 19:20:46 INFO        Calculated storage."width" as "memory_width" = 32.
2026-06-28 19:20:46 INFO        Calculated storage."depth" as "memory_depth" = 1.
2026-06-28 19:20:46 INFO        Calculated storage."n_rdwr_ports" as "n_rdwr_ports" = 2.
2026-06-28 19:20:46 INFO        Calculated storage."n_banks" as "n_banks" = 1.
2026-06-28 19:20:46 INFO        Calculated address_generators[0..1]."technology" as "technology" = 45nm.
2026-06-28 19:20:46 INFO        Calculated address_generators[0..1]."width" as "log(memory_depth)" = 0.0.
2026-06-28 19:20:46 INFO        Calculated index range expression as "n_banks" = 1.
2026-06-28 19:20:46 INFO        Calculated index range expression as "n_banks" = 1.
2026-06-28 19:20:46 INFO        Calculated System.ws.PE[0..15].PEWeightRegs[0..63].write.write."data_delta" as "data_delta" = 0.
2026-06-28 19:20:46 INFO        Calculated System.ws.PE[0..15].PEWeightRegs[0..63].write.write."address_delta" as "address_delta" = 0.
2026-06-28 19:20:46 INFO        Calculated System.ws.PE[0..15].PEWeightRegs[0..63].write.write."data_delta" as "data_delta" = 1.
2026-06-28 19:20:46 INFO        Calculated System.ws.PE[0..15].PEWeightRegs[0..63].write.write."address_delta" as "address_delta" = 0.
2026-06-28 19:20:46 INFO        Calculated System.ws.PE[0..15].PEWeightRegs[0..63].write.write."data_delta" as "data_delta" = 0.
2026-06-28 19:20:46 INFO        Calculated System.ws.PE[0..15].PEWeightRegs[0..63].write.write."address_delta" as "address_delta" = 1.
2026-06-28 19:20:46 INFO        Calculated System.ws.PE[0..15].PEWeightRegs[0..63].write.write."data_delta" as "data_delta" = 1.
2026-06-28 19:20:46 INFO        Calculated System.ws.PE[0..15].PEWeightRegs[0..63].write.write."address_delta" as "address_delta" = 1.
2026-06-28 19:20:46 INFO        Calculated System.ws.PE[0..15].PEWeightRegs[0..63].read.read."data_delta" as "data_delta" = 0.
2026-06-28 19:20:46 INFO        Calculated System.ws.PE[0..15].PEWeightRegs[0..63].read.read."address_delta" as "address_delta" = 0.
2026-06-28 19:20:46 INFO        Calculated System.ws.PE[0..15].PEWeightRegs[0..63].read.read."data_delta" as "data_delta" = 1.
2026-06-28 19:20:46 INFO        Calculated System.ws.PE[0..15].PEWeightRegs[0..63].read.read."address_delta" as "address_delta" = 0.
2026-06-28 19:20:46 INFO        Calculated System.ws.PE[0..15].PEWeightRegs[0..63].read.read."data_delta" as "data_delta" = 0.
2026-06-28 19:20:46 INFO        Calculated System.ws.PE[0..15].PEWeightRegs[0..63].read.read."address_delta" as "address_delta" = 1.
2026-06-28 19:20:46 INFO        Calculated System.ws.PE[0..15].PEWeightRegs[0..63].read.read."data_delta" as "data_delta" = 1.
2026-06-28 19:20:46 INFO        Calculated System.ws.PE[0..15].PEWeightRegs[0..63].read.read."address_delta" as "address_delta" = 1.
2026-06-28 19:20:46 INFO        Calculated intmac."technology" as "technology" = 45nm.
2026-06-28 19:20:46 INFO        Calculated intmac."datawidth" as "datawidth" = 16.
2026-06-28 19:20:46 INFO        Calculated storage."technology" as "technology" = 45nm.
2026-06-28 19:20:46 INFO        Calculated storage."width" as "memory_width" = 512.
2026-06-28 19:20:46 INFO        Calculated storage."depth" as "memory_depth" = 2048.
2026-06-28 19:20:46 INFO        Calculated storage."n_rdwr_ports" as "n_rdwr_ports" = 2.
2026-06-28 19:20:46 INFO        Calculated storage."n_banks" as "n_banks" = 1.
2026-06-28 19:20:46 INFO        Calculated address_generators[0..1]."technology" as "technology" = 45nm.
2026-06-28 19:20:46 INFO        Calculated address_generators[0..1]."width" as "log(memory_depth)" = 7.6246189861593985.
2026-06-28 19:20:46 INFO        Calculated index range expression as "n_banks" = 1.
2026-06-28 19:20:46 INFO        Calculated index range expression as "n_banks" = 1.
2026-06-28 19:20:46 INFO        Calculated System.ws.GlobalBuffer.write.write."data_delta" as "data_delta" = 0.
2026-06-28 19:20:46 INFO        Calculated System.ws.GlobalBuffer.write.write."address_delta" as "address_delta" = 0.
2026-06-28 19:20:46 INFO        Calculated System.ws.GlobalBuffer.write.write."data_delta" as "data_delta" = 1.
2026-06-28 19:20:46 INFO        Calculated System.ws.GlobalBuffer.write.write."address_delta" as "address_delta" = 0.
2026-06-28 19:20:46 INFO        Calculated System.ws.GlobalBuffer.write.write."data_delta" as "data_delta" = 0.
2026-06-28 19:20:46 INFO        Calculated System.ws.GlobalBuffer.write.write."address_delta" as "address_delta" = 1.
2026-06-28 19:20:46 INFO        Calculated System.ws.GlobalBuffer.write.write."data_delta" as "data_delta" = 1.
2026-06-28 19:20:46 INFO        Calculated System.ws.GlobalBuffer.write.write."address_delta" as "address_delta" = 1.
2026-06-28 19:20:46 INFO        Calculated System.ws.GlobalBuffer.read.read."data_delta" as "data_delta" = 0.
2026-06-28 19:20:46 INFO        Calculated System.ws.GlobalBuffer.read.read."address_delta" as "address_delta" = 0.
2026-06-28 19:20:46 INFO        Calculated System.ws.GlobalBuffer.read.read."data_delta" as "data_delta" = 1.
2026-06-28 19:20:46 INFO        Calculated System.ws.GlobalBuffer.read.read."address_delta" as "address_delta" = 0.
2026-06-28 19:20:46 INFO        Calculated System.ws.GlobalBuffer.read.read."data_delta" as "data_delta" = 0.
2026-06-28 19:20:46 INFO        Calculated System.ws.GlobalBuffer.read.read."address_delta" as "address_delta" = 1.
2026-06-28 19:20:46 INFO        Calculated System.ws.GlobalBuffer.read.read."data_delta" as "data_delta" = 1.
2026-06-28 19:20:46 INFO        Calculated System.ws.GlobalBuffer.read.read."address_delta" as "address_delta" = 1.
2026-06-28 19:20:46 INFO        
2026-06-28 19:20:46 INFO        ENERGY ESTIMATION for SRAM(technology=45nm, width=128, depth=1024, n_rdwr_ports=2, n_banks=1, global_cycle_seconds=5e-10).write(data_delta=0, address_delta=0, global_cycle_seconds=5e-10)
2026-06-28 19:20:46 INFO        CactiSRAM estimated 0.0 with accuracy 80%. Messages:
2026-06-28 19:20:46 INFO        | Unused arguments (n_rdwr_ports, global_cycle_seconds) provided for ['SRAM', 'sram'].__init__. Arguments used: (technology, width, depth, n_banks)
2026-06-28 19:20:46 INFO        | Unused arguments (global_cycle_seconds) provided for ['SRAM', 'sram'].write. Arguments used: (data_delta, address_delta)
2026-06-28 19:20:46 INFO        | Calling CACTI with cache_size=16384 n_rw_ports=1 block_size=16 tech_node_um=0.045 n_banks=1 tag_size=0 associativity=1
2026-06-28 19:20:46 INFO        | Calling CACTI with input path /usr/local/share/accelergy/estimation_plug_ins/accelergy-cacti-plug-in/cacti_inputs_outputs/tmp90gdqjqc
2026-06-28 19:20:46 INFO        | CACTI output will be written to /usr/local/share/accelergy/estimation_plug_ins/accelergy-cacti-plug-in/cacti_inputs_outputs/tmp61qf0k52
2026-06-28 19:20:46 INFO        | CACTI executable not found at /usr/local/share/accelergy/estimation_plug_ins/accelergy-cacti-plug-in/cacti/cacti
2026-06-28 19:20:46 INFO        | Calling: cd /usr/local/share/accelergy/estimation_plug_ins/accelergy-cacti-plug-in ; ./cacti -infile /usr/local/share/accelergy/estimation_plug_ins/accelergy-cacti-plug-in/cacti_inputs_outputs/tmp90gdqjqc >> /usr/local/share/accelergy/estimation_plug_ins/accelergy-cacti-plug-in/cacti_inputs_outputs/tmp61qf0k52 2>&1
2026-06-28 19:20:46 INFO        | Cache bandwidth: 16.0 bytes/cycle
2026-06-28 19:20:46 INFO        | Cache bandwidth: 113563773156.36313 bits/second
2026-06-28 19:20:46 INFO        
2026-06-28 19:20:46 INFO        ENERGY ESTIMATION for intadder(technology=45nm, width=6.931471805599453, global_cycle_seconds=5e-10).count(global_cycle_seconds=5e-10)
2026-06-28 19:20:46 INFO        dummy estimated 1p with accuracy 1%. 
2026-06-28 19:20:46 INFO        Plug-ins provided accuracy, but failed to estimate:
2026-06-28 19:20:46 INFO        | Aladdin_table with accuracy 70% estimating value: KeyError: 'action_latency_cycles'
2026-06-28 19:20:46 INFO        
2026-06-28 19:20:46 INFO        ENERGY ESTIMATION for intadder(technology=45nm, width=6.931471805599453, global_cycle_seconds=5e-10).idle(global_cycle_seconds=5e-10)
2026-06-28 19:20:46 INFO        dummy estimated 1p with accuracy 1%. 
2026-06-28 19:20:46 INFO        Plug-ins provided accuracy, but failed to estimate:
2026-06-28 19:20:46 INFO        | Aladdin_table with accuracy 70% estimating value: KeyError: 'action_latency_cycles'
2026-06-28 19:20:46 INFO        
2026-06-28 19:20:46 INFO        ENERGY ESTIMATION for SRAM(technology=45nm, width=128, depth=1024, n_rdwr_ports=2, n_banks=1, global_cycle_seconds=5e-10).write(data_delta=1, address_delta=0, global_cycle_seconds=5e-10)
2026-06-28 19:20:46 INFO        CactiSRAM estimated 1.6255679999999998e-11 with accuracy 80%. Messages:
2026-06-28 19:20:46 INFO        | Unused arguments (n_rdwr_ports, global_cycle_seconds) provided for ['SRAM', 'sram'].__init__. Arguments used: (technology, width, depth, n_banks)
2026-06-28 19:20:46 INFO        | Unused arguments (global_cycle_seconds) provided for ['SRAM', 'sram'].write. Arguments used: (data_delta, address_delta)
2026-06-28 19:20:46 INFO        | Calling CACTI with cache_size=16384 n_rw_ports=1 block_size=16 tech_node_um=0.045 n_banks=1 tag_size=0 associativity=1
2026-06-28 19:20:46 INFO        | Calling CACTI with input path /usr/local/share/accelergy/estimation_plug_ins/accelergy-cacti-plug-in/cacti_inputs_outputs/tmpxes1g353
2026-06-28 19:20:46 INFO        | CACTI output will be written to /usr/local/share/accelergy/estimation_plug_ins/accelergy-cacti-plug-in/cacti_inputs_outputs/tmpo91b_uqy
2026-06-28 19:20:46 INFO        | CACTI executable not found at /usr/local/share/accelergy/estimation_plug_ins/accelergy-cacti-plug-in/cacti/cacti
2026-06-28 19:20:46 INFO        | Calling: cd /usr/local/share/accelergy/estimation_plug_ins/accelergy-cacti-plug-in ; ./cacti -infile /usr/local/share/accelergy/estimation_plug_ins/accelergy-cacti-plug-in/cacti_inputs_outputs/tmpxes1g353 >> /usr/local/share/accelergy/estimation_plug_ins/accelergy-cacti-plug-in/cacti_inputs_outputs/tmpo91b_uqy 2>&1
2026-06-28 19:20:46 INFO        | Cache bandwidth: 16.0 bytes/cycle
2026-06-28 19:20:46 INFO        | Cache bandwidth: 113563773156.36313 bits/second
2026-06-28 19:20:46 INFO        
2026-06-28 19:20:46 INFO        ENERGY ESTIMATION for intadder(technology=45nm, width=6.931471805599453, global_cycle_seconds=5e-10).count(global_cycle_seconds=5e-10)
2026-06-28 19:20:46 INFO        dummy estimated 1p with accuracy 1%. 
2026-06-28 19:20:46 INFO        Plug-ins provided accuracy, but failed to estimate:
2026-06-28 19:20:46 INFO        | Aladdin_table with accuracy 70% estimating value: KeyError: 'action_latency_cycles'
2026-06-28 19:20:46 INFO        
2026-06-28 19:20:46 INFO        ENERGY ESTIMATION for intadder(technology=45nm, width=6.931471805599453, global_cycle_seconds=5e-10).idle(global_cycle_seconds=5e-10)
2026-06-28 19:20:46 INFO        dummy estimated 1p with accuracy 1%. 
2026-06-28 19:20:46 INFO        Plug-ins provided accuracy, but failed to estimate:
2026-06-28 19:20:46 INFO        | Aladdin_table with accuracy 70% estimating value: KeyError: 'action_latency_cycles'
2026-06-28 19:20:46 INFO        
2026-06-28 19:20:46 INFO        ENERGY ESTIMATION for SRAM(technology=45nm, width=128, depth=1024, n_rdwr_ports=2, n_banks=1, global_cycle_seconds=5e-10).write(data_delta=0, address_delta=1, global_cycle_seconds=5e-10)
2026-06-28 19:20:46 INFO        CactiSRAM estimated 6.96672e-12 with accuracy 80%. Messages:
2026-06-28 19:20:46 INFO        | Unused arguments (n_rdwr_ports, global_cycle_seconds) provided for ['SRAM', 'sram'].__init__. Arguments used: (technology, width, depth, n_banks)
2026-06-28 19:20:46 INFO        | Unused arguments (global_cycle_seconds) provided for ['SRAM', 'sram'].write. Arguments used: (data_delta, address_delta)
2026-06-28 19:20:46 INFO        | Calling CACTI with cache_size=16384 n_rw_ports=1 block_size=16 tech_node_um=0.045 n_banks=1 tag_size=0 associativity=1
2026-06-28 19:20:46 INFO        | Calling CACTI with input path /usr/local/share/accelergy/estimation_plug_ins/accelergy-cacti-plug-in/cacti_inputs_outputs/tmp952x1nsm
2026-06-28 19:20:46 INFO        | CACTI output will be written to /usr/local/share/accelergy/estimation_plug_ins/accelergy-cacti-plug-in/cacti_inputs_outputs/tmpamh6roa4
2026-06-28 19:20:46 INFO        | CACTI executable not found at /usr/local/share/accelergy/estimation_plug_ins/accelergy-cacti-plug-in/cacti/cacti
2026-06-28 19:20:46 INFO        | Calling: cd /usr/local/share/accelergy/estimation_plug_ins/accelergy-cacti-plug-in ; ./cacti -infile /usr/local/share/accelergy/estimation_plug_ins/accelergy-cacti-plug-in/cacti_inputs_outputs/tmp952x1nsm >> /usr/local/share/accelergy/estimation_plug_ins/accelergy-cacti-plug-in/cacti_inputs_outputs/tmpamh6roa4 2>&1
2026-06-28 19:20:46 INFO        | Cache bandwidth: 16.0 bytes/cycle
2026-06-28 19:20:46 INFO        | Cache bandwidth: 113563773156.36313 bits/second
2026-06-28 19:20:46 INFO        
2026-06-28 19:20:46 INFO        ENERGY ESTIMATION for intadder(technology=45nm, width=6.931471805599453, global_cycle_seconds=5e-10).count(global_cycle_seconds=5e-10)
2026-06-28 19:20:46 INFO        dummy estimated 1p with accuracy 1%. 
2026-06-28 19:20:46 INFO        Plug-ins provided accuracy, but failed to estimate:
2026-06-28 19:20:46 INFO        | Aladdin_table with accuracy 70% estimating value: KeyError: 'action_latency_cycles'
2026-06-28 19:20:46 INFO        
2026-06-28 19:20:46 INFO        ENERGY ESTIMATION for intadder(technology=45nm, width=6.931471805599453, global_cycle_seconds=5e-10).idle(global_cycle_seconds=5e-10)
2026-06-28 19:20:46 INFO        dummy estimated 1p with accuracy 1%. 
2026-06-28 19:20:46 INFO        Plug-ins provided accuracy, but failed to estimate:
2026-06-28 19:20:46 INFO        | Aladdin_table with accuracy 70% estimating value: KeyError: 'action_latency_cycles'
2026-06-28 19:20:46 INFO        
2026-06-28 19:20:46 INFO        ENERGY ESTIMATION for SRAM(technology=45nm, width=128, depth=1024, n_rdwr_ports=2, n_banks=1, global_cycle_seconds=5e-10).write(data_delta=1, address_delta=1, global_cycle_seconds=5e-10)
2026-06-28 19:20:47 INFO        CactiSRAM estimated 2.32224e-11 with accuracy 80%. Messages:
2026-06-28 19:20:47 INFO        | Unused arguments (n_rdwr_ports, global_cycle_seconds) provided for ['SRAM', 'sram'].__init__. Arguments used: (technology, width, depth, n_banks)
2026-06-28 19:20:47 INFO        | Unused arguments (global_cycle_seconds) provided for ['SRAM', 'sram'].write. Arguments used: (data_delta, address_delta)
2026-06-28 19:20:47 INFO        | Calling CACTI with cache_size=16384 n_rw_ports=1 block_size=16 tech_node_um=0.045 n_banks=1 tag_size=0 associativity=1
2026-06-28 19:20:47 INFO        | Calling CACTI with input path /usr/local/share/accelergy/estimation_plug_ins/accelergy-cacti-plug-in/cacti_inputs_outputs/tmpdf7h3l7c
2026-06-28 19:20:47 INFO        | CACTI output will be written to /usr/local/share/accelergy/estimation_plug_ins/accelergy-cacti-plug-in/cacti_inputs_outputs/tmpt8lpop_g
2026-06-28 19:20:47 INFO        | CACTI executable not found at /usr/local/share/accelergy/estimation_plug_ins/accelergy-cacti-plug-in/cacti/cacti
2026-06-28 19:20:47 INFO        | Calling: cd /usr/local/share/accelergy/estimation_plug_ins/accelergy-cacti-plug-in ; ./cacti -infile /usr/local/share/accelergy/estimation_plug_ins/accelergy-cacti-plug-in/cacti_inputs_outputs/tmpdf7h3l7c >> /usr/local/share/accelergy/estimation_plug_ins/accelergy-cacti-plug-in/cacti_inputs_outputs/tmpt8lpop_g 2>&1
2026-06-28 19:20:47 INFO        | Cache bandwidth: 16.0 bytes/cycle
2026-06-28 19:20:47 INFO        | Cache bandwidth: 113563773156.36313 bits/second
2026-06-28 19:20:47 INFO        
2026-06-28 19:20:47 INFO        ENERGY ESTIMATION for intadder(technology=45nm, width=6.931471805599453, global_cycle_seconds=5e-10).count(global_cycle_seconds=5e-10)
2026-06-28 19:20:47 INFO        dummy estimated 1p with accuracy 1%. 
2026-06-28 19:20:47 INFO        Plug-ins provided accuracy, but failed to estimate:
2026-06-28 19:20:47 INFO        | Aladdin_table with accuracy 70% estimating value: KeyError: 'action_latency_cycles'
2026-06-28 19:20:47 INFO        
2026-06-28 19:20:47 INFO        ENERGY ESTIMATION for intadder(technology=45nm, width=6.931471805599453, global_cycle_seconds=5e-10).idle(global_cycle_seconds=5e-10)
2026-06-28 19:20:47 INFO        dummy estimated 1p with accuracy 1%. 
2026-06-28 19:20:47 INFO        Plug-ins provided accuracy, but failed to estimate:
2026-06-28 19:20:47 INFO        | Aladdin_table with accuracy 70% estimating value: KeyError: 'action_latency_cycles'
2026-06-28 19:20:47 INFO        
2026-06-28 19:20:47 INFO        ENERGY ESTIMATION for SRAM(technology=45nm, width=128, depth=1024, n_rdwr_ports=2, n_banks=1, global_cycle_seconds=5e-10).read(data_delta=0, address_delta=0, global_cycle_seconds=5e-10)
2026-06-28 19:20:47 INFO        CactiSRAM estimated 0.0 with accuracy 80%. Messages:
2026-06-28 19:20:47 INFO        | Unused arguments (n_rdwr_ports, global_cycle_seconds) provided for ['SRAM', 'sram'].__init__. Arguments used: (technology, width, depth, n_banks)
2026-06-28 19:20:47 INFO        | Unused arguments (global_cycle_seconds) provided for ['SRAM', 'sram'].read. Arguments used: (data_delta, address_delta)
2026-06-28 19:20:47 INFO        | Calling CACTI with cache_size=16384 n_rw_ports=1 block_size=16 tech_node_um=0.045 n_banks=1 tag_size=0 associativity=1
2026-06-28 19:20:47 INFO        | Calling CACTI with input path /usr/local/share/accelergy/estimation_plug_ins/accelergy-cacti-plug-in/cacti_inputs_outputs/tmpx75scdwe
2026-06-28 19:20:47 INFO        | CACTI output will be written to /usr/local/share/accelergy/estimation_plug_ins/accelergy-cacti-plug-in/cacti_inputs_outputs/tmp3jnhbsvn
2026-06-28 19:20:47 INFO        | CACTI executable not found at /usr/local/share/accelergy/estimation_plug_ins/accelergy-cacti-plug-in/cacti/cacti
2026-06-28 19:20:47 INFO        | Calling: cd /usr/local/share/accelergy/estimation_plug_ins/accelergy-cacti-plug-in ; ./cacti -infile /usr/local/share/accelergy/estimation_plug_ins/accelergy-cacti-plug-in/cacti_inputs_outputs/tmpx75scdwe >> /usr/local/share/accelergy/estimation_plug_ins/accelergy-cacti-plug-in/cacti_inputs_outputs/tmp3jnhbsvn 2>&1
2026-06-28 19:20:47 INFO        | Cache bandwidth: 16.0 bytes/cycle
2026-06-28 19:20:47 INFO        | Cache bandwidth: 113563773156.36313 bits/second
2026-06-28 19:20:47 INFO        
2026-06-28 19:20:47 INFO        ENERGY ESTIMATION for intadder(technology=45nm, width=6.931471805599453, global_cycle_seconds=5e-10).add(global_cycle_seconds=5e-10)
2026-06-28 19:20:47 INFO        dummy estimated 1p with accuracy 1%. 
2026-06-28 19:20:47 INFO        Plug-ins provided accuracy, but failed to estimate:
2026-06-28 19:20:47 INFO        | Aladdin_table with accuracy 70% estimating value: KeyError: 'action_latency_cycles'
2026-06-28 19:20:47 INFO        
2026-06-28 19:20:47 INFO        ENERGY ESTIMATION for intadder(technology=45nm, width=6.931471805599453, global_cycle_seconds=5e-10).idle(global_cycle_seconds=5e-10)
2026-06-28 19:20:47 INFO        dummy estimated 1p with accuracy 1%. 
2026-06-28 19:20:47 INFO        Plug-ins provided accuracy, but failed to estimate:
2026-06-28 19:20:47 INFO        | Aladdin_table with accuracy 70% estimating value: KeyError: 'action_latency_cycles'
2026-06-28 19:20:47 INFO        
2026-06-28 19:20:47 INFO        ENERGY ESTIMATION for SRAM(technology=45nm, width=128, depth=1024, n_rdwr_ports=2, n_banks=1, global_cycle_seconds=5e-10).read(data_delta=1, address_delta=0, global_cycle_seconds=5e-10)
2026-06-28 19:20:47 INFO        CactiSRAM estimated 7.523669999999999e-12 with accuracy 80%. Messages:
2026-06-28 19:20:47 INFO        | Unused arguments (n_rdwr_ports, global_cycle_seconds) provided for ['SRAM', 'sram'].__init__. Arguments used: (technology, width, depth, n_banks)
2026-06-28 19:20:47 INFO        | Unused arguments (global_cycle_seconds) provided for ['SRAM', 'sram'].read. Arguments used: (data_delta, address_delta)
2026-06-28 19:20:47 INFO        | Calling CACTI with cache_size=16384 n_rw_ports=1 block_size=16 tech_node_um=0.045 n_banks=1 tag_size=0 associativity=1
2026-06-28 19:20:47 INFO        | Calling CACTI with input path /usr/local/share/accelergy/estimation_plug_ins/accelergy-cacti-plug-in/cacti_inputs_outputs/tmp9fubxpt4
2026-06-28 19:20:47 INFO        | CACTI output will be written to /usr/local/share/accelergy/estimation_plug_ins/accelergy-cacti-plug-in/cacti_inputs_outputs/tmp1hcza6e4
2026-06-28 19:20:47 INFO        | CACTI executable not found at /usr/local/share/accelergy/estimation_plug_ins/accelergy-cacti-plug-in/cacti/cacti
2026-06-28 19:20:47 INFO        | Calling: cd /usr/local/share/accelergy/estimation_plug_ins/accelergy-cacti-plug-in ; ./cacti -infile /usr/local/share/accelergy/estimation_plug_ins/accelergy-cacti-plug-in/cacti_inputs_outputs/tmp9fubxpt4 >> /usr/local/share/accelergy/estimation_plug_ins/accelergy-cacti-plug-in/cacti_inputs_outputs/tmp1hcza6e4 2>&1
2026-06-28 19:20:47 INFO        | Cache bandwidth: 16.0 bytes/cycle
2026-06-28 19:20:47 INFO        | Cache bandwidth: 113563773156.36313 bits/second
2026-06-28 19:20:47 INFO        
2026-06-28 19:20:47 INFO        ENERGY ESTIMATION for intadder(technology=45nm, width=6.931471805599453, global_cycle_seconds=5e-10).add(global_cycle_seconds=5e-10)
2026-06-28 19:20:47 INFO        dummy estimated 1p with accuracy 1%. 
2026-06-28 19:20:47 INFO        Plug-ins provided accuracy, but failed to estimate:
2026-06-28 19:20:47 INFO        | Aladdin_table with accuracy 70% estimating value: KeyError: 'action_latency_cycles'
2026-06-28 19:20:47 INFO        
2026-06-28 19:20:47 INFO        ENERGY ESTIMATION for intadder(technology=45nm, width=6.931471805599453, global_cycle_seconds=5e-10).idle(global_cycle_seconds=5e-10)
2026-06-28 19:20:47 INFO        dummy estimated 1p with accuracy 1%. 
2026-06-28 19:20:47 INFO        Plug-ins provided accuracy, but failed to estimate:
2026-06-28 19:20:47 INFO        | Aladdin_table with accuracy 70% estimating value: KeyError: 'action_latency_cycles'
2026-06-28 19:20:47 INFO        
2026-06-28 19:20:47 INFO        ENERGY ESTIMATION for SRAM(technology=45nm, width=128, depth=1024, n_rdwr_ports=2, n_banks=1, global_cycle_seconds=5e-10).read(data_delta=0, address_delta=1, global_cycle_seconds=5e-10)
2026-06-28 19:20:47 INFO        CactiSRAM estimated 3.22443e-12 with accuracy 80%. Messages:
2026-06-28 19:20:47 INFO        | Unused arguments (n_rdwr_ports, global_cycle_seconds) provided for ['SRAM', 'sram'].__init__. Arguments used: (technology, width, depth, n_banks)
2026-06-28 19:20:47 INFO        | Unused arguments (global_cycle_seconds) provided for ['SRAM', 'sram'].read. Arguments used: (data_delta, address_delta)
2026-06-28 19:20:47 INFO        | Calling CACTI with cache_size=16384 n_rw_ports=1 block_size=16 tech_node_um=0.045 n_banks=1 tag_size=0 associativity=1
2026-06-28 19:20:47 INFO        | Calling CACTI with input path /usr/local/share/accelergy/estimation_plug_ins/accelergy-cacti-plug-in/cacti_inputs_outputs/tmp6hr1fvi8
2026-06-28 19:20:47 INFO        | CACTI output will be written to /usr/local/share/accelergy/estimation_plug_ins/accelergy-cacti-plug-in/cacti_inputs_outputs/tmpu3i9klqe
2026-06-28 19:20:47 INFO        | CACTI executable not found at /usr/local/share/accelergy/estimation_plug_ins/accelergy-cacti-plug-in/cacti/cacti
2026-06-28 19:20:47 INFO        | Calling: cd /usr/local/share/accelergy/estimation_plug_ins/accelergy-cacti-plug-in ; ./cacti -infile /usr/local/share/accelergy/estimation_plug_ins/accelergy-cacti-plug-in/cacti_inputs_outputs/tmp6hr1fvi8 >> /usr/local/share/accelergy/estimation_plug_ins/accelergy-cacti-plug-in/cacti_inputs_outputs/tmpu3i9klqe 2>&1
2026-06-28 19:20:47 INFO        | Cache bandwidth: 16.0 bytes/cycle
2026-06-28 19:20:47 INFO        | Cache bandwidth: 113563773156.36313 bits/second
2026-06-28 19:20:47 INFO        
2026-06-28 19:20:47 INFO        ENERGY ESTIMATION for intadder(technology=45nm, width=6.931471805599453, global_cycle_seconds=5e-10).add(global_cycle_seconds=5e-10)
2026-06-28 19:20:47 INFO        dummy estimated 1p with accuracy 1%. 
2026-06-28 19:20:47 INFO        Plug-ins provided accuracy, but failed to estimate:
2026-06-28 19:20:47 INFO        | Aladdin_table with accuracy 70% estimating value: KeyError: 'action_latency_cycles'
2026-06-28 19:20:47 INFO        
2026-06-28 19:20:47 INFO        ENERGY ESTIMATION for intadder(technology=45nm, width=6.931471805599453, global_cycle_seconds=5e-10).idle(global_cycle_seconds=5e-10)
2026-06-28 19:20:47 INFO        dummy estimated 1p with accuracy 1%. 
2026-06-28 19:20:47 INFO        Plug-ins provided accuracy, but failed to estimate:
2026-06-28 19:20:47 INFO        | Aladdin_table with accuracy 70% estimating value: KeyError: 'action_latency_cycles'
2026-06-28 19:20:47 INFO        
2026-06-28 19:20:47 INFO        ENERGY ESTIMATION for SRAM(technology=45nm, width=128, depth=1024, n_rdwr_ports=2, n_banks=1, global_cycle_seconds=5e-10).read(data_delta=1, address_delta=1, global_cycle_seconds=5e-10)
2026-06-28 19:20:47 INFO        CactiSRAM estimated 1.07481e-11 with accuracy 80%. Messages:
2026-06-28 19:20:47 INFO        | Unused arguments (n_rdwr_ports, global_cycle_seconds) provided for ['SRAM', 'sram'].__init__. Arguments used: (technology, width, depth, n_banks)
2026-06-28 19:20:47 INFO        | Unused arguments (global_cycle_seconds) provided for ['SRAM', 'sram'].read. Arguments used: (data_delta, address_delta)
2026-06-28 19:20:47 INFO        | Calling CACTI with cache_size=16384 n_rw_ports=1 block_size=16 tech_node_um=0.045 n_banks=1 tag_size=0 associativity=1
2026-06-28 19:20:47 INFO        | Calling CACTI with input path /usr/local/share/accelergy/estimation_plug_ins/accelergy-cacti-plug-in/cacti_inputs_outputs/tmpkmp2ek_p
2026-06-28 19:20:47 INFO        | CACTI output will be written to /usr/local/share/accelergy/estimation_plug_ins/accelergy-cacti-plug-in/cacti_inputs_outputs/tmpb62f1nmr
2026-06-28 19:20:47 INFO        | CACTI executable not found at /usr/local/share/accelergy/estimation_plug_ins/accelergy-cacti-plug-in/cacti/cacti
2026-06-28 19:20:47 INFO        | Calling: cd /usr/local/share/accelergy/estimation_plug_ins/accelergy-cacti-plug-in ; ./cacti -infile /usr/local/share/accelergy/estimation_plug_ins/accelergy-cacti-plug-in/cacti_inputs_outputs/tmpkmp2ek_p >> /usr/local/share/accelergy/estimation_plug_ins/accelergy-cacti-plug-in/cacti_inputs_outputs/tmpb62f1nmr 2>&1
2026-06-28 19:20:47 INFO        | Cache bandwidth: 16.0 bytes/cycle
2026-06-28 19:20:47 INFO        | Cache bandwidth: 113563773156.36313 bits/second
2026-06-28 19:20:47 INFO        
2026-06-28 19:20:47 INFO        ENERGY ESTIMATION for intadder(technology=45nm, width=6.931471805599453, global_cycle_seconds=5e-10).add(global_cycle_seconds=5e-10)
2026-06-28 19:20:47 INFO        dummy estimated 1p with accuracy 1%. 
2026-06-28 19:20:47 INFO        Plug-ins provided accuracy, but failed to estimate:
2026-06-28 19:20:47 INFO        | Aladdin_table with accuracy 70% estimating value: KeyError: 'action_latency_cycles'
2026-06-28 19:20:47 INFO        
2026-06-28 19:20:47 INFO        ENERGY ESTIMATION for intadder(technology=45nm, width=6.931471805599453, global_cycle_seconds=5e-10).idle(global_cycle_seconds=5e-10)
2026-06-28 19:20:47 INFO        dummy estimated 1p with accuracy 1%. 
2026-06-28 19:20:47 INFO        Plug-ins provided accuracy, but failed to estimate:
2026-06-28 19:20:47 INFO        | Aladdin_table with accuracy 70% estimating value: KeyError: 'action_latency_cycles'
2026-06-28 19:20:47 INFO        
2026-06-28 19:20:47 INFO        ENERGY ESTIMATION for SRAM(technology=45nm, width=128, depth=1024, n_rdwr_ports=2, n_banks=1, global_cycle_seconds=5e-10).idle(global_cycle_seconds=5e-10)
2026-06-28 19:20:47 INFO        CactiSRAM estimated 0 with accuracy 80%. Messages:
2026-06-28 19:20:47 INFO        | Unused arguments (n_rdwr_ports, global_cycle_seconds) provided for ['SRAM', 'sram'].__init__. Arguments used: (technology, width, depth, n_banks)
2026-06-28 19:20:47 INFO        | Unused arguments (global_cycle_seconds) provided for ['SRAM', 'sram'].idle. Arguments used: ()
2026-06-28 19:20:47 INFO        
2026-06-28 19:20:47 INFO        ENERGY ESTIMATION for intadder(technology=45nm, width=6.931471805599453, global_cycle_seconds=5e-10).idle(global_cycle_seconds=5e-10)
2026-06-28 19:20:47 INFO        dummy estimated 1p with accuracy 1%. 
2026-06-28 19:20:47 INFO        Plug-ins provided accuracy, but failed to estimate:
2026-06-28 19:20:47 INFO        | Aladdin_table with accuracy 70% estimating value: KeyError: 'action_latency_cycles'
2026-06-28 19:20:47 INFO        
2026-06-28 19:20:47 INFO        ENERGY ESTIMATION for SRAM(technology=45nm, width=128, depth=512, n_rdwr_ports=2, n_banks=1, global_cycle_seconds=5e-10).write(data_delta=0, address_delta=0, global_cycle_seconds=5e-10)
2026-06-28 19:20:47 INFO        CactiSRAM estimated 0.0 with accuracy 80%. Messages:
2026-06-28 19:20:47 INFO        | Unused arguments (n_rdwr_ports, global_cycle_seconds) provided for ['SRAM', 'sram'].__init__. Arguments used: (technology, width, depth, n_banks)
2026-06-28 19:20:47 INFO        | Unused arguments (global_cycle_seconds) provided for ['SRAM', 'sram'].write. Arguments used: (data_delta, address_delta)
2026-06-28 19:20:47 INFO        | Calling CACTI with cache_size=8192 n_rw_ports=1 block_size=16 tech_node_um=0.045 n_banks=1 tag_size=0 associativity=1
2026-06-28 19:20:47 INFO        | Calling CACTI with input path /usr/local/share/accelergy/estimation_plug_ins/accelergy-cacti-plug-in/cacti_inputs_outputs/tmpo7rkxm3p
2026-06-28 19:20:47 INFO        | CACTI output will be written to /usr/local/share/accelergy/estimation_plug_ins/accelergy-cacti-plug-in/cacti_inputs_outputs/tmplau3s90f
2026-06-28 19:20:47 INFO        | CACTI executable not found at /usr/local/share/accelergy/estimation_plug_ins/accelergy-cacti-plug-in/cacti/cacti
2026-06-28 19:20:47 INFO        | Calling: cd /usr/local/share/accelergy/estimation_plug_ins/accelergy-cacti-plug-in ; ./cacti -infile /usr/local/share/accelergy/estimation_plug_ins/accelergy-cacti-plug-in/cacti_inputs_outputs/tmpo7rkxm3p >> /usr/local/share/accelergy/estimation_plug_ins/accelergy-cacti-plug-in/cacti_inputs_outputs/tmplau3s90f 2>&1
2026-06-28 19:20:47 INFO        | Cache bandwidth: 16.0 bytes/cycle
2026-06-28 19:20:47 INFO        | Cache bandwidth: 144426980313.92557 bits/second
2026-06-28 19:20:47 INFO        
2026-06-28 19:20:47 INFO        ENERGY ESTIMATION for intadder(technology=45nm, width=6.238324625039508, global_cycle_seconds=5e-10).count(global_cycle_seconds=5e-10)
2026-06-28 19:20:47 INFO        dummy estimated 1p with accuracy 1%. 
2026-06-28 19:20:47 INFO        Plug-ins provided accuracy, but failed to estimate:
2026-06-28 19:20:47 INFO        | Aladdin_table with accuracy 70% estimating value: KeyError: 'action_latency_cycles'
2026-06-28 19:20:47 INFO        
2026-06-28 19:20:47 INFO        ENERGY ESTIMATION for intadder(technology=45nm, width=6.238324625039508, global_cycle_seconds=5e-10).idle(global_cycle_seconds=5e-10)
2026-06-28 19:20:47 INFO        dummy estimated 1p with accuracy 1%. 
2026-06-28 19:20:47 INFO        Plug-ins provided accuracy, but failed to estimate:
2026-06-28 19:20:47 INFO        | Aladdin_table with accuracy 70% estimating value: KeyError: 'action_latency_cycles'
2026-06-28 19:20:47 INFO        
2026-06-28 19:20:47 INFO        ENERGY ESTIMATION for SRAM(technology=45nm, width=128, depth=512, n_rdwr_ports=2, n_banks=1, global_cycle_seconds=5e-10).write(data_delta=1, address_delta=0, global_cycle_seconds=5e-10)
2026-06-28 19:20:48 INFO        CactiSRAM estimated 9.83668e-12 with accuracy 80%. Messages:
2026-06-28 19:20:48 INFO        | Unused arguments (n_rdwr_ports, global_cycle_seconds) provided for ['SRAM', 'sram'].__init__. Arguments used: (technology, width, depth, n_banks)
2026-06-28 19:20:48 INFO        | Unused arguments (global_cycle_seconds) provided for ['SRAM', 'sram'].write. Arguments used: (data_delta, address_delta)
2026-06-28 19:20:48 INFO        | Calling CACTI with cache_size=8192 n_rw_ports=1 block_size=16 tech_node_um=0.045 n_banks=1 tag_size=0 associativity=1
2026-06-28 19:20:48 INFO        | Calling CACTI with input path /usr/local/share/accelergy/estimation_plug_ins/accelergy-cacti-plug-in/cacti_inputs_outputs/tmpxv3we27b
2026-06-28 19:20:48 INFO        | CACTI output will be written to /usr/local/share/accelergy/estimation_plug_ins/accelergy-cacti-plug-in/cacti_inputs_outputs/tmprzke9cj3
2026-06-28 19:20:48 INFO        | CACTI executable not found at /usr/local/share/accelergy/estimation_plug_ins/accelergy-cacti-plug-in/cacti/cacti
2026-06-28 19:20:48 INFO        | Calling: cd /usr/local/share/accelergy/estimation_plug_ins/accelergy-cacti-plug-in ; ./cacti -infile /usr/local/share/accelergy/estimation_plug_ins/accelergy-cacti-plug-in/cacti_inputs_outputs/tmpxv3we27b >> /usr/local/share/accelergy/estimation_plug_ins/accelergy-cacti-plug-in/cacti_inputs_outputs/tmprzke9cj3 2>&1
2026-06-28 19:20:48 INFO        | Cache bandwidth: 16.0 bytes/cycle
2026-06-28 19:20:48 INFO        | Cache bandwidth: 144426980313.92557 bits/second
2026-06-28 19:20:48 INFO        
2026-06-28 19:20:48 INFO        ENERGY ESTIMATION for intadder(technology=45nm, width=6.238324625039508, global_cycle_seconds=5e-10).count(global_cycle_seconds=5e-10)
2026-06-28 19:20:48 INFO        dummy estimated 1p with accuracy 1%. 
2026-06-28 19:20:48 INFO        Plug-ins provided accuracy, but failed to estimate:
2026-06-28 19:20:48 INFO        | Aladdin_table with accuracy 70% estimating value: KeyError: 'action_latency_cycles'
2026-06-28 19:20:48 INFO        
2026-06-28 19:20:48 INFO        ENERGY ESTIMATION for intadder(technology=45nm, width=6.238324625039508, global_cycle_seconds=5e-10).idle(global_cycle_seconds=5e-10)
2026-06-28 19:20:48 INFO        dummy estimated 1p with accuracy 1%. 
2026-06-28 19:20:48 INFO        Plug-ins provided accuracy, but failed to estimate:
2026-06-28 19:20:48 INFO        | Aladdin_table with accuracy 70% estimating value: KeyError: 'action_latency_cycles'
2026-06-28 19:20:48 INFO        
2026-06-28 19:20:48 INFO        ENERGY ESTIMATION for SRAM(technology=45nm, width=128, depth=512, n_rdwr_ports=2, n_banks=1, global_cycle_seconds=5e-10).write(data_delta=0, address_delta=1, global_cycle_seconds=5e-10)
2026-06-28 19:20:48 INFO        CactiSRAM estimated 4.21572e-12 with accuracy 80%. Messages:
2026-06-28 19:20:48 INFO        | Unused arguments (n_rdwr_ports, global_cycle_seconds) provided for ['SRAM', 'sram'].__init__. Arguments used: (technology, width, depth, n_banks)
2026-06-28 19:20:48 INFO        | Unused arguments (global_cycle_seconds) provided for ['SRAM', 'sram'].write. Arguments used: (data_delta, address_delta)
2026-06-28 19:20:48 INFO        | Calling CACTI with cache_size=8192 n_rw_ports=1 block_size=16 tech_node_um=0.045 n_banks=1 tag_size=0 associativity=1
2026-06-28 19:20:48 INFO        | Calling CACTI with input path /usr/local/share/accelergy/estimation_plug_ins/accelergy-cacti-plug-in/cacti_inputs_outputs/tmpqayz0yvq
2026-06-28 19:20:48 INFO        | CACTI output will be written to /usr/local/share/accelergy/estimation_plug_ins/accelergy-cacti-plug-in/cacti_inputs_outputs/tmp2x5aw7ju
2026-06-28 19:20:48 INFO        | CACTI executable not found at /usr/local/share/accelergy/estimation_plug_ins/accelergy-cacti-plug-in/cacti/cacti
2026-06-28 19:20:48 INFO        | Calling: cd /usr/local/share/accelergy/estimation_plug_ins/accelergy-cacti-plug-in ; ./cacti -infile /usr/local/share/accelergy/estimation_plug_ins/accelergy-cacti-plug-in/cacti_inputs_outputs/tmpqayz0yvq >> /usr/local/share/accelergy/estimation_plug_ins/accelergy-cacti-plug-in/cacti_inputs_outputs/tmp2x5aw7ju 2>&1
2026-06-28 19:20:48 INFO        | Cache bandwidth: 16.0 bytes/cycle
2026-06-28 19:20:48 INFO        | Cache bandwidth: 144426980313.92557 bits/second
2026-06-28 19:20:48 INFO        
2026-06-28 19:20:48 INFO        ENERGY ESTIMATION for intadder(technology=45nm, width=6.238324625039508, global_cycle_seconds=5e-10).count(global_cycle_seconds=5e-10)
2026-06-28 19:20:48 INFO        dummy estimated 1p with accuracy 1%. 
2026-06-28 19:20:48 INFO        Plug-ins provided accuracy, but failed to estimate:
2026-06-28 19:20:48 INFO        | Aladdin_table with accuracy 70% estimating value: KeyError: 'action_latency_cycles'
2026-06-28 19:20:48 INFO        
2026-06-28 19:20:48 INFO        ENERGY ESTIMATION for intadder(technology=45nm, width=6.238324625039508, global_cycle_seconds=5e-10).idle(global_cycle_seconds=5e-10)
2026-06-28 19:20:48 INFO        dummy estimated 1p with accuracy 1%. 
2026-06-28 19:20:48 INFO        Plug-ins provided accuracy, but failed to estimate:
2026-06-28 19:20:48 INFO        | Aladdin_table with accuracy 70% estimating value: KeyError: 'action_latency_cycles'
2026-06-28 19:20:48 INFO        
2026-06-28 19:20:48 INFO        ENERGY ESTIMATION for SRAM(technology=45nm, width=128, depth=512, n_rdwr_ports=2, n_banks=1, global_cycle_seconds=5e-10).write(data_delta=1, address_delta=1, global_cycle_seconds=5e-10)
2026-06-28 19:20:48 INFO        CactiSRAM estimated 1.40524e-11 with accuracy 80%. Messages:
2026-06-28 19:20:48 INFO        | Unused arguments (n_rdwr_ports, global_cycle_seconds) provided for ['SRAM', 'sram'].__init__. Arguments used: (technology, width, depth, n_banks)
2026-06-28 19:20:48 INFO        | Unused arguments (global_cycle_seconds) provided for ['SRAM', 'sram'].write. Arguments used: (data_delta, address_delta)
2026-06-28 19:20:48 INFO        | Calling CACTI with cache_size=8192 n_rw_ports=1 block_size=16 tech_node_um=0.045 n_banks=1 tag_size=0 associativity=1
2026-06-28 19:20:48 INFO        | Calling CACTI with input path /usr/local/share/accelergy/estimation_plug_ins/accelergy-cacti-plug-in/cacti_inputs_outputs/tmpxlglwwwh
2026-06-28 19:20:48 INFO        | CACTI output will be written to /usr/local/share/accelergy/estimation_plug_ins/accelergy-cacti-plug-in/cacti_inputs_outputs/tmpm9fxwggp
2026-06-28 19:20:48 INFO        | CACTI executable not found at /usr/local/share/accelergy/estimation_plug_ins/accelergy-cacti-plug-in/cacti/cacti
2026-06-28 19:20:48 INFO        | Calling: cd /usr/local/share/accelergy/estimation_plug_ins/accelergy-cacti-plug-in ; ./cacti -infile /usr/local/share/accelergy/estimation_plug_ins/accelergy-cacti-plug-in/cacti_inputs_outputs/tmpxlglwwwh >> /usr/local/share/accelergy/estimation_plug_ins/accelergy-cacti-plug-in/cacti_inputs_outputs/tmpm9fxwggp 2>&1
2026-06-28 19:20:48 INFO        | Cache bandwidth: 16.0 bytes/cycle
2026-06-28 19:20:48 INFO        | Cache bandwidth: 144426980313.92557 bits/second
2026-06-28 19:20:48 INFO        
2026-06-28 19:20:48 INFO        ENERGY ESTIMATION for intadder(technology=45nm, width=6.238324625039508, global_cycle_seconds=5e-10).count(global_cycle_seconds=5e-10)
2026-06-28 19:20:48 INFO        dummy estimated 1p with accuracy 1%. 
2026-06-28 19:20:48 INFO        Plug-ins provided accuracy, but failed to estimate:
2026-06-28 19:20:48 INFO        | Aladdin_table with accuracy 70% estimating value: KeyError: 'action_latency_cycles'
2026-06-28 19:20:48 INFO        
2026-06-28 19:20:48 INFO        ENERGY ESTIMATION for intadder(technology=45nm, width=6.238324625039508, global_cycle_seconds=5e-10).idle(global_cycle_seconds=5e-10)
2026-06-28 19:20:48 INFO        dummy estimated 1p with accuracy 1%. 
2026-06-28 19:20:48 INFO        Plug-ins provided accuracy, but failed to estimate:
2026-06-28 19:20:48 INFO        | Aladdin_table with accuracy 70% estimating value: KeyError: 'action_latency_cycles'
2026-06-28 19:20:48 INFO        
2026-06-28 19:20:48 INFO        ENERGY ESTIMATION for SRAM(technology=45nm, width=128, depth=512, n_rdwr_ports=2, n_banks=1, global_cycle_seconds=5e-10).read(data_delta=0, address_delta=0, global_cycle_seconds=5e-10)
2026-06-28 19:20:48 INFO        CactiSRAM estimated 0.0 with accuracy 80%. Messages:
2026-06-28 19:20:48 INFO        | Unused arguments (n_rdwr_ports, global_cycle_seconds) provided for ['SRAM', 'sram'].__init__. Arguments used: (technology, width, depth, n_banks)
2026-06-28 19:20:48 INFO        | Unused arguments (global_cycle_seconds) provided for ['SRAM', 'sram'].read. Arguments used: (data_delta, address_delta)
2026-06-28 19:20:48 INFO        | Calling CACTI with cache_size=8192 n_rw_ports=1 block_size=16 tech_node_um=0.045 n_banks=1 tag_size=0 associativity=1
2026-06-28 19:20:48 INFO        | Calling CACTI with input path /usr/local/share/accelergy/estimation_plug_ins/accelergy-cacti-plug-in/cacti_inputs_outputs/tmpvuretf1m
2026-06-28 19:20:48 INFO        | CACTI output will be written to /usr/local/share/accelergy/estimation_plug_ins/accelergy-cacti-plug-in/cacti_inputs_outputs/tmpgon6up2w
2026-06-28 19:20:48 INFO        | CACTI executable not found at /usr/local/share/accelergy/estimation_plug_ins/accelergy-cacti-plug-in/cacti/cacti
2026-06-28 19:20:48 INFO        | Calling: cd /usr/local/share/accelergy/estimation_plug_ins/accelergy-cacti-plug-in ; ./cacti -infile /usr/local/share/accelergy/estimation_plug_ins/accelergy-cacti-plug-in/cacti_inputs_outputs/tmpvuretf1m >> /usr/local/share/accelergy/estimation_plug_ins/accelergy-cacti-plug-in/cacti_inputs_outputs/tmpgon6up2w 2>&1
2026-06-28 19:20:48 INFO        | Cache bandwidth: 16.0 bytes/cycle
2026-06-28 19:20:48 INFO        | Cache bandwidth: 144426980313.92557 bits/second
2026-06-28 19:20:48 INFO        
2026-06-28 19:20:48 INFO        ENERGY ESTIMATION for intadder(technology=45nm, width=6.238324625039508, global_cycle_seconds=5e-10).add(global_cycle_seconds=5e-10)
2026-06-28 19:20:48 INFO        dummy estimated 1p with accuracy 1%. 
2026-06-28 19:20:48 INFO        Plug-ins provided accuracy, but failed to estimate:
2026-06-28 19:20:48 INFO        | Aladdin_table with accuracy 70% estimating value: KeyError: 'action_latency_cycles'
2026-06-28 19:20:48 INFO        
2026-06-28 19:20:48 INFO        ENERGY ESTIMATION for intadder(technology=45nm, width=6.238324625039508, global_cycle_seconds=5e-10).idle(global_cycle_seconds=5e-10)
2026-06-28 19:20:48 INFO        dummy estimated 1p with accuracy 1%. 
2026-06-28 19:20:48 INFO        Plug-ins provided accuracy, but failed to estimate:
2026-06-28 19:20:48 INFO        | Aladdin_table with accuracy 70% estimating value: KeyError: 'action_latency_cycles'
2026-06-28 19:20:48 INFO        
2026-06-28 19:20:48 INFO        ENERGY ESTIMATION for SRAM(technology=45nm, width=128, depth=512, n_rdwr_ports=2, n_banks=1, global_cycle_seconds=5e-10).read(data_delta=1, address_delta=0, global_cycle_seconds=5e-10)
2026-06-28 19:20:48 INFO        CactiSRAM estimated 5.541445000000001e-12 with accuracy 80%. Messages:
2026-06-28 19:20:48 INFO        | Unused arguments (n_rdwr_ports, global_cycle_seconds) provided for ['SRAM', 'sram'].__init__. Arguments used: (technology, width, depth, n_banks)
2026-06-28 19:20:48 INFO        | Unused arguments (global_cycle_seconds) provided for ['SRAM', 'sram'].read. Arguments used: (data_delta, address_delta)
2026-06-28 19:20:48 INFO        | Calling CACTI with cache_size=8192 n_rw_ports=1 block_size=16 tech_node_um=0.045 n_banks=1 tag_size=0 associativity=1
2026-06-28 19:20:48 INFO        | Calling CACTI with input path /usr/local/share/accelergy/estimation_plug_ins/accelergy-cacti-plug-in/cacti_inputs_outputs/tmpsx011094
2026-06-28 19:20:48 INFO        | CACTI output will be written to /usr/local/share/accelergy/estimation_plug_ins/accelergy-cacti-plug-in/cacti_inputs_outputs/tmpxuhw4bly
2026-06-28 19:20:48 INFO        | CACTI executable not found at /usr/local/share/accelergy/estimation_plug_ins/accelergy-cacti-plug-in/cacti/cacti
2026-06-28 19:20:48 INFO        | Calling: cd /usr/local/share/accelergy/estimation_plug_ins/accelergy-cacti-plug-in ; ./cacti -infile /usr/local/share/accelergy/estimation_plug_ins/accelergy-cacti-plug-in/cacti_inputs_outputs/tmpsx011094 >> /usr/local/share/accelergy/estimation_plug_ins/accelergy-cacti-plug-in/cacti_inputs_outputs/tmpxuhw4bly 2>&1
2026-06-28 19:20:48 INFO        | Cache bandwidth: 16.0 bytes/cycle
2026-06-28 19:20:48 INFO        | Cache bandwidth: 144426980313.92557 bits/second
2026-06-28 19:20:48 INFO        
2026-06-28 19:20:48 INFO        ENERGY ESTIMATION for intadder(technology=45nm, width=6.238324625039508, global_cycle_seconds=5e-10).add(global_cycle_seconds=5e-10)
2026-06-28 19:20:48 INFO        dummy estimated 1p with accuracy 1%. 
2026-06-28 19:20:48 INFO        Plug-ins provided accuracy, but failed to estimate:
2026-06-28 19:20:48 INFO        | Aladdin_table with accuracy 70% estimating value: KeyError: 'action_latency_cycles'
2026-06-28 19:20:48 INFO        
2026-06-28 19:20:48 INFO        ENERGY ESTIMATION for intadder(technology=45nm, width=6.238324625039508, global_cycle_seconds=5e-10).idle(global_cycle_seconds=5e-10)
2026-06-28 19:20:48 INFO        dummy estimated 1p with accuracy 1%. 
2026-06-28 19:20:48 INFO        Plug-ins provided accuracy, but failed to estimate:
2026-06-28 19:20:48 INFO        | Aladdin_table with accuracy 70% estimating value: KeyError: 'action_latency_cycles'
2026-06-28 19:20:48 INFO        
2026-06-28 19:20:48 INFO        ENERGY ESTIMATION for SRAM(technology=45nm, width=128, depth=512, n_rdwr_ports=2, n_banks=1, global_cycle_seconds=5e-10).read(data_delta=0, address_delta=1, global_cycle_seconds=5e-10)
2026-06-28 19:20:48 INFO        CactiSRAM estimated 2.3749050000000004e-12 with accuracy 80%. Messages:
2026-06-28 19:20:48 INFO        | Unused arguments (n_rdwr_ports, global_cycle_seconds) provided for ['SRAM', 'sram'].__init__. Arguments used: (technology, width, depth, n_banks)
2026-06-28 19:20:48 INFO        | Unused arguments (global_cycle_seconds) provided for ['SRAM', 'sram'].read. Arguments used: (data_delta, address_delta)
2026-06-28 19:20:48 INFO        | Calling CACTI with cache_size=8192 n_rw_ports=1 block_size=16 tech_node_um=0.045 n_banks=1 tag_size=0 associativity=1
2026-06-28 19:20:48 INFO        | Calling CACTI with input path /usr/local/share/accelergy/estimation_plug_ins/accelergy-cacti-plug-in/cacti_inputs_outputs/tmpt_vy4rd1
2026-06-28 19:20:48 INFO        | CACTI output will be written to /usr/local/share/accelergy/estimation_plug_ins/accelergy-cacti-plug-in/cacti_inputs_outputs/tmpzrjzk5wr
2026-06-28 19:20:48 INFO        | CACTI executable not found at /usr/local/share/accelergy/estimation_plug_ins/accelergy-cacti-plug-in/cacti/cacti
2026-06-28 19:20:48 INFO        | Calling: cd /usr/local/share/accelergy/estimation_plug_ins/accelergy-cacti-plug-in ; ./cacti -infile /usr/local/share/accelergy/estimation_plug_ins/accelergy-cacti-plug-in/cacti_inputs_outputs/tmpt_vy4rd1 >> /usr/local/share/accelergy/estimation_plug_ins/accelergy-cacti-plug-in/cacti_inputs_outputs/tmpzrjzk5wr 2>&1
2026-06-28 19:20:48 INFO        | Cache bandwidth: 16.0 bytes/cycle
2026-06-28 19:20:48 INFO        | Cache bandwidth: 144426980313.92557 bits/second
2026-06-28 19:20:48 INFO        
2026-06-28 19:20:48 INFO        ENERGY ESTIMATION for intadder(technology=45nm, width=6.238324625039508, global_cycle_seconds=5e-10).add(global_cycle_seconds=5e-10)
2026-06-28 19:20:48 INFO        dummy estimated 1p with accuracy 1%. 
2026-06-28 19:20:48 INFO        Plug-ins provided accuracy, but failed to estimate:
2026-06-28 19:20:48 INFO        | Aladdin_table with accuracy 70% estimating value: KeyError: 'action_latency_cycles'
2026-06-28 19:20:48 INFO        
2026-06-28 19:20:48 INFO        ENERGY ESTIMATION for intadder(technology=45nm, width=6.238324625039508, global_cycle_seconds=5e-10).idle(global_cycle_seconds=5e-10)
2026-06-28 19:20:48 INFO        dummy estimated 1p with accuracy 1%. 
2026-06-28 19:20:48 INFO        Plug-ins provided accuracy, but failed to estimate:
2026-06-28 19:20:48 INFO        | Aladdin_table with accuracy 70% estimating value: KeyError: 'action_latency_cycles'
2026-06-28 19:20:48 INFO        
2026-06-28 19:20:48 INFO        ENERGY ESTIMATION for SRAM(technology=45nm, width=128, depth=512, n_rdwr_ports=2, n_banks=1, global_cycle_seconds=5e-10).read(data_delta=1, address_delta=1, global_cycle_seconds=5e-10)
2026-06-28 19:20:48 INFO        CactiSRAM estimated 7.916350000000002e-12 with accuracy 80%. Messages:
2026-06-28 19:20:48 INFO        | Unused arguments (n_rdwr_ports, global_cycle_seconds) provided for ['SRAM', 'sram'].__init__. Arguments used: (technology, width, depth, n_banks)
2026-06-28 19:20:48 INFO        | Unused arguments (global_cycle_seconds) provided for ['SRAM', 'sram'].read. Arguments used: (data_delta, address_delta)
2026-06-28 19:20:48 INFO        | Calling CACTI with cache_size=8192 n_rw_ports=1 block_size=16 tech_node_um=0.045 n_banks=1 tag_size=0 associativity=1
2026-06-28 19:20:48 INFO        | Calling CACTI with input path /usr/local/share/accelergy/estimation_plug_ins/accelergy-cacti-plug-in/cacti_inputs_outputs/tmpmnrxzw7k
2026-06-28 19:20:48 INFO        | CACTI output will be written to /usr/local/share/accelergy/estimation_plug_ins/accelergy-cacti-plug-in/cacti_inputs_outputs/tmpdcdxbpqp
2026-06-28 19:20:48 INFO        | CACTI executable not found at /usr/local/share/accelergy/estimation_plug_ins/accelergy-cacti-plug-in/cacti/cacti
2026-06-28 19:20:48 INFO        | Calling: cd /usr/local/share/accelergy/estimation_plug_ins/accelergy-cacti-plug-in ; ./cacti -infile /usr/local/share/accelergy/estimation_plug_ins/accelergy-cacti-plug-in/cacti_inputs_outputs/tmpmnrxzw7k >> /usr/local/share/accelergy/estimation_plug_ins/accelergy-cacti-plug-in/cacti_inputs_outputs/tmpdcdxbpqp 2>&1
2026-06-28 19:20:48 INFO        | Cache bandwidth: 16.0 bytes/cycle
2026-06-28 19:20:48 INFO        | Cache bandwidth: 144426980313.92557 bits/second
2026-06-28 19:20:48 INFO        
2026-06-28 19:20:48 INFO        ENERGY ESTIMATION for intadder(technology=45nm, width=6.238324625039508, global_cycle_seconds=5e-10).add(global_cycle_seconds=5e-10)
2026-06-28 19:20:48 INFO        dummy estimated 1p with accuracy 1%. 
2026-06-28 19:20:48 INFO        Plug-ins provided accuracy, but failed to estimate:
2026-06-28 19:20:48 INFO        | Aladdin_table with accuracy 70% estimating value: KeyError: 'action_latency_cycles'
2026-06-28 19:20:48 INFO        
2026-06-28 19:20:48 INFO        ENERGY ESTIMATION for intadder(technology=45nm, width=6.238324625039508, global_cycle_seconds=5e-10).idle(global_cycle_seconds=5e-10)
2026-06-28 19:20:48 INFO        dummy estimated 1p with accuracy 1%. 
2026-06-28 19:20:48 INFO        Plug-ins provided accuracy, but failed to estimate:
2026-06-28 19:20:48 INFO        | Aladdin_table with accuracy 70% estimating value: KeyError: 'action_latency_cycles'
2026-06-28 19:20:48 INFO        
2026-06-28 19:20:48 INFO        ENERGY ESTIMATION for SRAM(technology=45nm, width=128, depth=512, n_rdwr_ports=2, n_banks=1, global_cycle_seconds=5e-10).idle(global_cycle_seconds=5e-10)
2026-06-28 19:20:48 INFO        CactiSRAM estimated 0 with accuracy 80%. Messages:
2026-06-28 19:20:48 INFO        | Unused arguments (n_rdwr_ports, global_cycle_seconds) provided for ['SRAM', 'sram'].__init__. Arguments used: (technology, width, depth, n_banks)
2026-06-28 19:20:48 INFO        | Unused arguments (global_cycle_seconds) provided for ['SRAM', 'sram'].idle. Arguments used: ()
2026-06-28 19:20:48 INFO        
2026-06-28 19:20:48 INFO        ENERGY ESTIMATION for intadder(technology=45nm, width=6.238324625039508, global_cycle_seconds=5e-10).idle(global_cycle_seconds=5e-10)
2026-06-28 19:20:48 INFO        dummy estimated 1p with accuracy 1%. 
2026-06-28 19:20:48 INFO        Plug-ins provided accuracy, but failed to estimate:
2026-06-28 19:20:48 INFO        | Aladdin_table with accuracy 70% estimating value: KeyError: 'action_latency_cycles'
2026-06-28 19:20:48 INFO        
2026-06-28 19:20:48 INFO        ENERGY ESTIMATION for SRAM(technology=45nm, width=64, depth=64, n_rdwr_ports=2, n_banks=1, global_cycle_seconds=5e-10).write(data_delta=0, address_delta=0, global_cycle_seconds=5e-10)
2026-06-28 19:20:48 INFO        CactiSRAM estimated 0.0 with accuracy 80%. Messages:
2026-06-28 19:20:48 INFO        | Unused arguments (n_rdwr_ports, global_cycle_seconds) provided for ['SRAM', 'sram'].__init__. Arguments used: (technology, width, depth, n_banks)
2026-06-28 19:20:48 INFO        | Unused arguments (global_cycle_seconds) provided for ['SRAM', 'sram'].write. Arguments used: (data_delta, address_delta)
2026-06-28 19:20:48 INFO        | Calling CACTI with cache_size=512 n_rw_ports=1 block_size=8 tech_node_um=0.045 n_banks=1 tag_size=0 associativity=1
2026-06-28 19:20:48 INFO        | Calling CACTI with input path /usr/local/share/accelergy/estimation_plug_ins/accelergy-cacti-plug-in/cacti_inputs_outputs/tmpnq4dvo_n
2026-06-28 19:20:48 INFO        | CACTI output will be written to /usr/local/share/accelergy/estimation_plug_ins/accelergy-cacti-plug-in/cacti_inputs_outputs/tmpyqdyfir7
2026-06-28 19:20:48 INFO        | CACTI executable not found at /usr/local/share/accelergy/estimation_plug_ins/accelergy-cacti-plug-in/cacti/cacti
2026-06-28 19:20:48 INFO        | Calling: cd /usr/local/share/accelergy/estimation_plug_ins/accelergy-cacti-plug-in ; ./cacti -infile /usr/local/share/accelergy/estimation_plug_ins/accelergy-cacti-plug-in/cacti_inputs_outputs/tmpnq4dvo_n >> /usr/local/share/accelergy/estimation_plug_ins/accelergy-cacti-plug-in/cacti_inputs_outputs/tmpyqdyfir7 2>&1
2026-06-28 19:20:48 INFO        | Cache bandwidth: 8.0 bytes/cycle
2026-06-28 19:20:48 INFO        | Cache bandwidth: 112577947035.59398 bits/second
2026-06-28 19:20:48 INFO        
2026-06-28 19:20:48 INFO        ENERGY ESTIMATION for intadder(technology=45nm, width=4.1588830833596715, global_cycle_seconds=5e-10).count(global_cycle_seconds=5e-10)
2026-06-28 19:20:48 INFO        dummy estimated 1p with accuracy 1%. 
2026-06-28 19:20:48 INFO        Plug-ins provided accuracy, but failed to estimate:
2026-06-28 19:20:48 INFO        | Aladdin_table with accuracy 70% estimating value: KeyError: 'action_latency_cycles'
2026-06-28 19:20:48 INFO        
2026-06-28 19:20:48 INFO        ENERGY ESTIMATION for intadder(technology=45nm, width=4.1588830833596715, global_cycle_seconds=5e-10).idle(global_cycle_seconds=5e-10)
2026-06-28 19:20:48 INFO        dummy estimated 1p with accuracy 1%. 
2026-06-28 19:20:48 INFO        Plug-ins provided accuracy, but failed to estimate:
2026-06-28 19:20:48 INFO        | Aladdin_table with accuracy 70% estimating value: KeyError: 'action_latency_cycles'
2026-06-28 19:20:48 INFO        
2026-06-28 19:20:48 INFO        ENERGY ESTIMATION for SRAM(technology=45nm, width=64, depth=64, n_rdwr_ports=2, n_banks=1, global_cycle_seconds=5e-10).write(data_delta=1, address_delta=0, global_cycle_seconds=5e-10)
2026-06-28 19:20:48 INFO        CactiSRAM estimated 1.59656e-12 with accuracy 80%. Messages:
2026-06-28 19:20:48 INFO        | Unused arguments (n_rdwr_ports, global_cycle_seconds) provided for ['SRAM', 'sram'].__init__. Arguments used: (technology, width, depth, n_banks)
2026-06-28 19:20:48 INFO        | Unused arguments (global_cycle_seconds) provided for ['SRAM', 'sram'].write. Arguments used: (data_delta, address_delta)
2026-06-28 19:20:48 INFO        | Calling CACTI with cache_size=512 n_rw_ports=1 block_size=8 tech_node_um=0.045 n_banks=1 tag_size=0 associativity=1
2026-06-28 19:20:48 INFO        | Calling CACTI with input path /usr/local/share/accelergy/estimation_plug_ins/accelergy-cacti-plug-in/cacti_inputs_outputs/tmpdz3xhl2z
2026-06-28 19:20:48 INFO        | CACTI output will be written to /usr/local/share/accelergy/estimation_plug_ins/accelergy-cacti-plug-in/cacti_inputs_outputs/tmpstebdict
2026-06-28 19:20:48 INFO        | CACTI executable not found at /usr/local/share/accelergy/estimation_plug_ins/accelergy-cacti-plug-in/cacti/cacti
2026-06-28 19:20:48 INFO        | Calling: cd /usr/local/share/accelergy/estimation_plug_ins/accelergy-cacti-plug-in ; ./cacti -infile /usr/local/share/accelergy/estimation_plug_ins/accelergy-cacti-plug-in/cacti_inputs_outputs/tmpdz3xhl2z >> /usr/local/share/accelergy/estimation_plug_ins/accelergy-cacti-plug-in/cacti_inputs_outputs/tmpstebdict 2>&1
2026-06-28 19:20:48 INFO        | Cache bandwidth: 8.0 bytes/cycle
2026-06-28 19:20:48 INFO        | Cache bandwidth: 112577947035.59398 bits/second
2026-06-28 19:20:48 INFO        
2026-06-28 19:20:48 INFO        ENERGY ESTIMATION for intadder(technology=45nm, width=4.1588830833596715, global_cycle_seconds=5e-10).count(global_cycle_seconds=5e-10)
2026-06-28 19:20:48 INFO        dummy estimated 1p with accuracy 1%. 
2026-06-28 19:20:48 INFO        Plug-ins provided accuracy, but failed to estimate:
2026-06-28 19:20:48 INFO        | Aladdin_table with accuracy 70% estimating value: KeyError: 'action_latency_cycles'
2026-06-28 19:20:48 INFO        
2026-06-28 19:20:48 INFO        ENERGY ESTIMATION for intadder(technology=45nm, width=4.1588830833596715, global_cycle_seconds=5e-10).idle(global_cycle_seconds=5e-10)
2026-06-28 19:20:48 INFO        dummy estimated 1p with accuracy 1%. 
2026-06-28 19:20:48 INFO        Plug-ins provided accuracy, but failed to estimate:
2026-06-28 19:20:48 INFO        | Aladdin_table with accuracy 70% estimating value: KeyError: 'action_latency_cycles'
2026-06-28 19:20:48 INFO        
2026-06-28 19:20:48 INFO        ENERGY ESTIMATION for SRAM(technology=45nm, width=64, depth=64, n_rdwr_ports=2, n_banks=1, global_cycle_seconds=5e-10).write(data_delta=0, address_delta=1, global_cycle_seconds=5e-10)
2026-06-28 19:20:48 INFO        CactiSRAM estimated 6.8424e-13 with accuracy 80%. Messages:
2026-06-28 19:20:48 INFO        | Unused arguments (n_rdwr_ports, global_cycle_seconds) provided for ['SRAM', 'sram'].__init__. Arguments used: (technology, width, depth, n_banks)
2026-06-28 19:20:48 INFO        | Unused arguments (global_cycle_seconds) provided for ['SRAM', 'sram'].write. Arguments used: (data_delta, address_delta)
2026-06-28 19:20:48 INFO        | Calling CACTI with cache_size=512 n_rw_ports=1 block_size=8 tech_node_um=0.045 n_banks=1 tag_size=0 associativity=1
2026-06-28 19:20:48 INFO        | Calling CACTI with input path /usr/local/share/accelergy/estimation_plug_ins/accelergy-cacti-plug-in/cacti_inputs_outputs/tmpvule77z9
2026-06-28 19:20:48 INFO        | CACTI output will be written to /usr/local/share/accelergy/estimation_plug_ins/accelergy-cacti-plug-in/cacti_inputs_outputs/tmpca9dz8bl
2026-06-28 19:20:48 INFO        | CACTI executable not found at /usr/local/share/accelergy/estimation_plug_ins/accelergy-cacti-plug-in/cacti/cacti
2026-06-28 19:20:48 INFO        | Calling: cd /usr/local/share/accelergy/estimation_plug_ins/accelergy-cacti-plug-in ; ./cacti -infile /usr/local/share/accelergy/estimation_plug_ins/accelergy-cacti-plug-in/cacti_inputs_outputs/tmpvule77z9 >> /usr/local/share/accelergy/estimation_plug_ins/accelergy-cacti-plug-in/cacti_inputs_outputs/tmpca9dz8bl 2>&1
2026-06-28 19:20:48 INFO        | Cache bandwidth: 8.0 bytes/cycle
2026-06-28 19:20:48 INFO        | Cache bandwidth: 112577947035.59398 bits/second
2026-06-28 19:20:48 INFO        
2026-06-28 19:20:48 INFO        ENERGY ESTIMATION for intadder(technology=45nm, width=4.1588830833596715, global_cycle_seconds=5e-10).count(global_cycle_seconds=5e-10)
2026-06-28 19:20:48 INFO        dummy estimated 1p with accuracy 1%. 
2026-06-28 19:20:48 INFO        Plug-ins provided accuracy, but failed to estimate:
2026-06-28 19:20:48 INFO        | Aladdin_table with accuracy 70% estimating value: KeyError: 'action_latency_cycles'
2026-06-28 19:20:48 INFO        
2026-06-28 19:20:48 INFO        ENERGY ESTIMATION for intadder(technology=45nm, width=4.1588830833596715, global_cycle_seconds=5e-10).idle(global_cycle_seconds=5e-10)
2026-06-28 19:20:48 INFO        dummy estimated 1p with accuracy 1%. 
2026-06-28 19:20:48 INFO        Plug-ins provided accuracy, but failed to estimate:
2026-06-28 19:20:48 INFO        | Aladdin_table with accuracy 70% estimating value: KeyError: 'action_latency_cycles'
2026-06-28 19:20:48 INFO        
2026-06-28 19:20:48 INFO        ENERGY ESTIMATION for SRAM(technology=45nm, width=64, depth=64, n_rdwr_ports=2, n_banks=1, global_cycle_seconds=5e-10).write(data_delta=1, address_delta=1, global_cycle_seconds=5e-10)
2026-06-28 19:20:49 INFO        CactiSRAM estimated 2.2808e-12 with accuracy 80%. Messages:
2026-06-28 19:20:49 INFO        | Unused arguments (n_rdwr_ports, global_cycle_seconds) provided for ['SRAM', 'sram'].__init__. Arguments used: (technology, width, depth, n_banks)
2026-06-28 19:20:49 INFO        | Unused arguments (global_cycle_seconds) provided for ['SRAM', 'sram'].write. Arguments used: (data_delta, address_delta)
2026-06-28 19:20:49 INFO        | Calling CACTI with cache_size=512 n_rw_ports=1 block_size=8 tech_node_um=0.045 n_banks=1 tag_size=0 associativity=1
2026-06-28 19:20:49 INFO        | Calling CACTI with input path /usr/local/share/accelergy/estimation_plug_ins/accelergy-cacti-plug-in/cacti_inputs_outputs/tmp3kjmqphe
2026-06-28 19:20:49 INFO        | CACTI output will be written to /usr/local/share/accelergy/estimation_plug_ins/accelergy-cacti-plug-in/cacti_inputs_outputs/tmphh9is6j7
2026-06-28 19:20:49 INFO        | CACTI executable not found at /usr/local/share/accelergy/estimation_plug_ins/accelergy-cacti-plug-in/cacti/cacti
2026-06-28 19:20:49 INFO        | Calling: cd /usr/local/share/accelergy/estimation_plug_ins/accelergy-cacti-plug-in ; ./cacti -infile /usr/local/share/accelergy/estimation_plug_ins/accelergy-cacti-plug-in/cacti_inputs_outputs/tmp3kjmqphe >> /usr/local/share/accelergy/estimation_plug_ins/accelergy-cacti-plug-in/cacti_inputs_outputs/tmphh9is6j7 2>&1
2026-06-28 19:20:49 INFO        | Cache bandwidth: 8.0 bytes/cycle
2026-06-28 19:20:49 INFO        | Cache bandwidth: 112577947035.59398 bits/second
2026-06-28 19:20:49 INFO        
2026-06-28 19:20:49 INFO        ENERGY ESTIMATION for intadder(technology=45nm, width=4.1588830833596715, global_cycle_seconds=5e-10).count(global_cycle_seconds=5e-10)
2026-06-28 19:20:49 INFO        dummy estimated 1p with accuracy 1%. 
2026-06-28 19:20:49 INFO        Plug-ins provided accuracy, but failed to estimate:
2026-06-28 19:20:49 INFO        | Aladdin_table with accuracy 70% estimating value: KeyError: 'action_latency_cycles'
2026-06-28 19:20:49 INFO        
2026-06-28 19:20:49 INFO        ENERGY ESTIMATION for intadder(technology=45nm, width=4.1588830833596715, global_cycle_seconds=5e-10).idle(global_cycle_seconds=5e-10)
2026-06-28 19:20:49 INFO        dummy estimated 1p with accuracy 1%. 
2026-06-28 19:20:49 INFO        Plug-ins provided accuracy, but failed to estimate:
2026-06-28 19:20:49 INFO        | Aladdin_table with accuracy 70% estimating value: KeyError: 'action_latency_cycles'
2026-06-28 19:20:49 INFO        
2026-06-28 19:20:49 INFO        ENERGY ESTIMATION for SRAM(technology=45nm, width=64, depth=64, n_rdwr_ports=2, n_banks=1, global_cycle_seconds=5e-10).read(data_delta=0, address_delta=0, global_cycle_seconds=5e-10)
2026-06-28 19:20:49 INFO        CactiSRAM estimated 0.0 with accuracy 80%. Messages:
2026-06-28 19:20:49 INFO        | Unused arguments (n_rdwr_ports, global_cycle_seconds) provided for ['SRAM', 'sram'].__init__. Arguments used: (technology, width, depth, n_banks)
2026-06-28 19:20:49 INFO        | Unused arguments (global_cycle_seconds) provided for ['SRAM', 'sram'].read. Arguments used: (data_delta, address_delta)
2026-06-28 19:20:49 INFO        | Calling CACTI with cache_size=512 n_rw_ports=1 block_size=8 tech_node_um=0.045 n_banks=1 tag_size=0 associativity=1
2026-06-28 19:20:49 INFO        | Calling CACTI with input path /usr/local/share/accelergy/estimation_plug_ins/accelergy-cacti-plug-in/cacti_inputs_outputs/tmps83c4hhg
2026-06-28 19:20:49 INFO        | CACTI output will be written to /usr/local/share/accelergy/estimation_plug_ins/accelergy-cacti-plug-in/cacti_inputs_outputs/tmpoxs9qg4_
2026-06-28 19:20:49 INFO        | CACTI executable not found at /usr/local/share/accelergy/estimation_plug_ins/accelergy-cacti-plug-in/cacti/cacti
2026-06-28 19:20:49 INFO        | Calling: cd /usr/local/share/accelergy/estimation_plug_ins/accelergy-cacti-plug-in ; ./cacti -infile /usr/local/share/accelergy/estimation_plug_ins/accelergy-cacti-plug-in/cacti_inputs_outputs/tmps83c4hhg >> /usr/local/share/accelergy/estimation_plug_ins/accelergy-cacti-plug-in/cacti_inputs_outputs/tmpoxs9qg4_ 2>&1
2026-06-28 19:20:49 INFO        | Cache bandwidth: 8.0 bytes/cycle
2026-06-28 19:20:49 INFO        | Cache bandwidth: 112577947035.59398 bits/second
2026-06-28 19:20:49 INFO        
2026-06-28 19:20:49 INFO        ENERGY ESTIMATION for intadder(technology=45nm, width=4.1588830833596715, global_cycle_seconds=5e-10).add(global_cycle_seconds=5e-10)
2026-06-28 19:20:49 INFO        dummy estimated 1p with accuracy 1%. 
2026-06-28 19:20:49 INFO        Plug-ins provided accuracy, but failed to estimate:
2026-06-28 19:20:49 INFO        | Aladdin_table with accuracy 70% estimating value: KeyError: 'action_latency_cycles'
2026-06-28 19:20:49 INFO        
2026-06-28 19:20:49 INFO        ENERGY ESTIMATION for intadder(technology=45nm, width=4.1588830833596715, global_cycle_seconds=5e-10).idle(global_cycle_seconds=5e-10)
2026-06-28 19:20:49 INFO        dummy estimated 1p with accuracy 1%. 
2026-06-28 19:20:49 INFO        Plug-ins provided accuracy, but failed to estimate:
2026-06-28 19:20:49 INFO        | Aladdin_table with accuracy 70% estimating value: KeyError: 'action_latency_cycles'
2026-06-28 19:20:49 INFO        
2026-06-28 19:20:49 INFO        ENERGY ESTIMATION for SRAM(technology=45nm, width=64, depth=64, n_rdwr_ports=2, n_banks=1, global_cycle_seconds=5e-10).read(data_delta=1, address_delta=0, global_cycle_seconds=5e-10)
2026-06-28 19:20:49 INFO        CactiSRAM estimated 9.89555e-13 with accuracy 80%. Messages:
2026-06-28 19:20:49 INFO        | Unused arguments (n_rdwr_ports, global_cycle_seconds) provided for ['SRAM', 'sram'].__init__. Arguments used: (technology, width, depth, n_banks)
2026-06-28 19:20:49 INFO        | Unused arguments (global_cycle_seconds) provided for ['SRAM', 'sram'].read. Arguments used: (data_delta, address_delta)
2026-06-28 19:20:49 INFO        | Calling CACTI with cache_size=512 n_rw_ports=1 block_size=8 tech_node_um=0.045 n_banks=1 tag_size=0 associativity=1
2026-06-28 19:20:49 INFO        | Calling CACTI with input path /usr/local/share/accelergy/estimation_plug_ins/accelergy-cacti-plug-in/cacti_inputs_outputs/tmp1tqy4c4a
2026-06-28 19:20:49 INFO        | CACTI output will be written to /usr/local/share/accelergy/estimation_plug_ins/accelergy-cacti-plug-in/cacti_inputs_outputs/tmpr_lvza21
2026-06-28 19:20:49 INFO        | CACTI executable not found at /usr/local/share/accelergy/estimation_plug_ins/accelergy-cacti-plug-in/cacti/cacti
2026-06-28 19:20:49 INFO        | Calling: cd /usr/local/share/accelergy/estimation_plug_ins/accelergy-cacti-plug-in ; ./cacti -infile /usr/local/share/accelergy/estimation_plug_ins/accelergy-cacti-plug-in/cacti_inputs_outputs/tmp1tqy4c4a >> /usr/local/share/accelergy/estimation_plug_ins/accelergy-cacti-plug-in/cacti_inputs_outputs/tmpr_lvza21 2>&1
2026-06-28 19:20:49 INFO        | Cache bandwidth: 8.0 bytes/cycle
2026-06-28 19:20:49 INFO        | Cache bandwidth: 112577947035.59398 bits/second
2026-06-28 19:20:49 INFO        
2026-06-28 19:20:49 INFO        ENERGY ESTIMATION for intadder(technology=45nm, width=4.1588830833596715, global_cycle_seconds=5e-10).add(global_cycle_seconds=5e-10)
2026-06-28 19:20:49 INFO        dummy estimated 1p with accuracy 1%. 
2026-06-28 19:20:49 INFO        Plug-ins provided accuracy, but failed to estimate:
2026-06-28 19:20:49 INFO        | Aladdin_table with accuracy 70% estimating value: KeyError: 'action_latency_cycles'
2026-06-28 19:20:49 INFO        
2026-06-28 19:20:49 INFO        ENERGY ESTIMATION for intadder(technology=45nm, width=4.1588830833596715, global_cycle_seconds=5e-10).idle(global_cycle_seconds=5e-10)
2026-06-28 19:20:49 INFO        dummy estimated 1p with accuracy 1%. 
2026-06-28 19:20:49 INFO        Plug-ins provided accuracy, but failed to estimate:
2026-06-28 19:20:49 INFO        | Aladdin_table with accuracy 70% estimating value: KeyError: 'action_latency_cycles'
2026-06-28 19:20:49 INFO        
2026-06-28 19:20:49 INFO        ENERGY ESTIMATION for SRAM(technology=45nm, width=64, depth=64, n_rdwr_ports=2, n_banks=1, global_cycle_seconds=5e-10).read(data_delta=0, address_delta=1, global_cycle_seconds=5e-10)
2026-06-28 19:20:49 INFO        CactiSRAM estimated 4.24095e-13 with accuracy 80%. Messages:
2026-06-28 19:20:49 INFO        | Unused arguments (n_rdwr_ports, global_cycle_seconds) provided for ['SRAM', 'sram'].__init__. Arguments used: (technology, width, depth, n_banks)
2026-06-28 19:20:49 INFO        | Unused arguments (global_cycle_seconds) provided for ['SRAM', 'sram'].read. Arguments used: (data_delta, address_delta)
2026-06-28 19:20:49 INFO        | Calling CACTI with cache_size=512 n_rw_ports=1 block_size=8 tech_node_um=0.045 n_banks=1 tag_size=0 associativity=1
2026-06-28 19:20:49 INFO        | Calling CACTI with input path /usr/local/share/accelergy/estimation_plug_ins/accelergy-cacti-plug-in/cacti_inputs_outputs/tmptp41bogh
2026-06-28 19:20:49 INFO        | CACTI output will be written to /usr/local/share/accelergy/estimation_plug_ins/accelergy-cacti-plug-in/cacti_inputs_outputs/tmpk2cvpdkp
2026-06-28 19:20:49 INFO        | CACTI executable not found at /usr/local/share/accelergy/estimation_plug_ins/accelergy-cacti-plug-in/cacti/cacti
2026-06-28 19:20:49 INFO        | Calling: cd /usr/local/share/accelergy/estimation_plug_ins/accelergy-cacti-plug-in ; ./cacti -infile /usr/local/share/accelergy/estimation_plug_ins/accelergy-cacti-plug-in/cacti_inputs_outputs/tmptp41bogh >> /usr/local/share/accelergy/estimation_plug_ins/accelergy-cacti-plug-in/cacti_inputs_outputs/tmpk2cvpdkp 2>&1
2026-06-28 19:20:49 INFO        | Cache bandwidth: 8.0 bytes/cycle
2026-06-28 19:20:49 INFO        | Cache bandwidth: 112577947035.59398 bits/second
2026-06-28 19:20:49 INFO        
2026-06-28 19:20:49 INFO        ENERGY ESTIMATION for intadder(technology=45nm, width=4.1588830833596715, global_cycle_seconds=5e-10).add(global_cycle_seconds=5e-10)
2026-06-28 19:20:49 INFO        dummy estimated 1p with accuracy 1%. 
2026-06-28 19:20:49 INFO        Plug-ins provided accuracy, but failed to estimate:
2026-06-28 19:20:49 INFO        | Aladdin_table with accuracy 70% estimating value: KeyError: 'action_latency_cycles'
2026-06-28 19:20:49 INFO        
2026-06-28 19:20:49 INFO        ENERGY ESTIMATION for intadder(technology=45nm, width=4.1588830833596715, global_cycle_seconds=5e-10).idle(global_cycle_seconds=5e-10)
2026-06-28 19:20:49 INFO        dummy estimated 1p with accuracy 1%. 
2026-06-28 19:20:49 INFO        Plug-ins provided accuracy, but failed to estimate:
2026-06-28 19:20:49 INFO        | Aladdin_table with accuracy 70% estimating value: KeyError: 'action_latency_cycles'
2026-06-28 19:20:49 INFO        
2026-06-28 19:20:49 INFO        ENERGY ESTIMATION for SRAM(technology=45nm, width=64, depth=64, n_rdwr_ports=2, n_banks=1, global_cycle_seconds=5e-10).read(data_delta=1, address_delta=1, global_cycle_seconds=5e-10)
2026-06-28 19:20:49 INFO        CactiSRAM estimated 1.4136500000000001e-12 with accuracy 80%. Messages:
2026-06-28 19:20:49 INFO        | Unused arguments (n_rdwr_ports, global_cycle_seconds) provided for ['SRAM', 'sram'].__init__. Arguments used: (technology, width, depth, n_banks)
2026-06-28 19:20:49 INFO        | Unused arguments (global_cycle_seconds) provided for ['SRAM', 'sram'].read. Arguments used: (data_delta, address_delta)
2026-06-28 19:20:49 INFO        | Calling CACTI with cache_size=512 n_rw_ports=1 block_size=8 tech_node_um=0.045 n_banks=1 tag_size=0 associativity=1
2026-06-28 19:20:49 INFO        | Calling CACTI with input path /usr/local/share/accelergy/estimation_plug_ins/accelergy-cacti-plug-in/cacti_inputs_outputs/tmpvsd4wb36
2026-06-28 19:20:49 INFO        | CACTI output will be written to /usr/local/share/accelergy/estimation_plug_ins/accelergy-cacti-plug-in/cacti_inputs_outputs/tmpbrxwv02j
2026-06-28 19:20:49 INFO        | CACTI executable not found at /usr/local/share/accelergy/estimation_plug_ins/accelergy-cacti-plug-in/cacti/cacti
2026-06-28 19:20:49 INFO        | Calling: cd /usr/local/share/accelergy/estimation_plug_ins/accelergy-cacti-plug-in ; ./cacti -infile /usr/local/share/accelergy/estimation_plug_ins/accelergy-cacti-plug-in/cacti_inputs_outputs/tmpvsd4wb36 >> /usr/local/share/accelergy/estimation_plug_ins/accelergy-cacti-plug-in/cacti_inputs_outputs/tmpbrxwv02j 2>&1
2026-06-28 19:20:49 INFO        | Cache bandwidth: 8.0 bytes/cycle
2026-06-28 19:20:49 INFO        | Cache bandwidth: 112577947035.59398 bits/second
2026-06-28 19:20:49 INFO        
2026-06-28 19:20:49 INFO        ENERGY ESTIMATION for intadder(technology=45nm, width=4.1588830833596715, global_cycle_seconds=5e-10).add(global_cycle_seconds=5e-10)
2026-06-28 19:20:49 INFO        dummy estimated 1p with accuracy 1%. 
2026-06-28 19:20:49 INFO        Plug-ins provided accuracy, but failed to estimate:
2026-06-28 19:20:49 INFO        | Aladdin_table with accuracy 70% estimating value: KeyError: 'action_latency_cycles'
2026-06-28 19:20:49 INFO        
2026-06-28 19:20:49 INFO        ENERGY ESTIMATION for intadder(technology=45nm, width=4.1588830833596715, global_cycle_seconds=5e-10).idle(global_cycle_seconds=5e-10)
2026-06-28 19:20:49 INFO        dummy estimated 1p with accuracy 1%. 
2026-06-28 19:20:49 INFO        Plug-ins provided accuracy, but failed to estimate:
2026-06-28 19:20:49 INFO        | Aladdin_table with accuracy 70% estimating value: KeyError: 'action_latency_cycles'
2026-06-28 19:20:49 INFO        
2026-06-28 19:20:49 INFO        ENERGY ESTIMATION for SRAM(technology=45nm, width=64, depth=64, n_rdwr_ports=2, n_banks=1, global_cycle_seconds=5e-10).idle(global_cycle_seconds=5e-10)
2026-06-28 19:20:49 INFO        CactiSRAM estimated 0 with accuracy 80%. Messages:
2026-06-28 19:20:49 INFO        | Unused arguments (n_rdwr_ports, global_cycle_seconds) provided for ['SRAM', 'sram'].__init__. Arguments used: (technology, width, depth, n_banks)
2026-06-28 19:20:49 INFO        | Unused arguments (global_cycle_seconds) provided for ['SRAM', 'sram'].idle. Arguments used: ()
2026-06-28 19:20:49 INFO        
2026-06-28 19:20:49 INFO        ENERGY ESTIMATION for intadder(technology=45nm, width=4.1588830833596715, global_cycle_seconds=5e-10).idle(global_cycle_seconds=5e-10)
2026-06-28 19:20:49 INFO        dummy estimated 1p with accuracy 1%. 
2026-06-28 19:20:49 INFO        Plug-ins provided accuracy, but failed to estimate:
2026-06-28 19:20:49 INFO        | Aladdin_table with accuracy 70% estimating value: KeyError: 'action_latency_cycles'
2026-06-28 19:20:49 INFO        
2026-06-28 19:20:49 INFO        ENERGY ESTIMATION for SRAM(technology=45nm, width=32, depth=1, n_rdwr_ports=2, n_banks=1, global_cycle_seconds=5e-10).write(data_delta=0, address_delta=0, global_cycle_seconds=5e-10)
2026-06-28 19:20:49 INFO        CactiSRAM estimated 0.0 with accuracy 80%. Messages:
2026-06-28 19:20:49 INFO        | Unused arguments (n_rdwr_ports, global_cycle_seconds) provided for ['SRAM', 'sram'].__init__. Arguments used: (technology, width, depth, n_banks)
2026-06-28 19:20:49 INFO        | Unused arguments (global_cycle_seconds) provided for ['SRAM', 'sram'].write. Arguments used: (data_delta, address_delta)
2026-06-28 19:20:49 INFO        | Calling CACTI with cache_size=256 n_rw_ports=1 block_size=4 tech_node_um=0.045 n_banks=1 tag_size=0 associativity=1
2026-06-28 19:20:49 INFO        | Calling CACTI with input path /usr/local/share/accelergy/estimation_plug_ins/accelergy-cacti-plug-in/cacti_inputs_outputs/tmpp__4t06q
2026-06-28 19:20:49 INFO        | CACTI output will be written to /usr/local/share/accelergy/estimation_plug_ins/accelergy-cacti-plug-in/cacti_inputs_outputs/tmpefcuhmc2
2026-06-28 19:20:49 INFO        | CACTI executable not found at /usr/local/share/accelergy/estimation_plug_ins/accelergy-cacti-plug-in/cacti/cacti
2026-06-28 19:20:49 INFO        | Calling: cd /usr/local/share/accelergy/estimation_plug_ins/accelergy-cacti-plug-in ; ./cacti -infile /usr/local/share/accelergy/estimation_plug_ins/accelergy-cacti-plug-in/cacti_inputs_outputs/tmpp__4t06q >> /usr/local/share/accelergy/estimation_plug_ins/accelergy-cacti-plug-in/cacti_inputs_outputs/tmpefcuhmc2 2>&1
2026-06-28 19:20:49 INFO        | Cache bandwidth: 4.0 bytes/cycle
2026-06-28 19:20:49 INFO        | Cache bandwidth: 65421210374.168434 bits/second
2026-06-28 19:20:49 INFO        
2026-06-28 19:20:49 INFO        ENERGY ESTIMATION for intadder(technology=45nm, width=0, global_cycle_seconds=5e-10).count(global_cycle_seconds=5e-10)
2026-06-28 19:20:49 INFO        dummy estimated 1p with accuracy 1%. 
2026-06-28 19:20:49 INFO        Plug-ins provided accuracy, but failed to estimate:
2026-06-28 19:20:49 INFO        | Aladdin_table with accuracy 70% estimating value: KeyError: 'action_latency_cycles'
2026-06-28 19:20:49 INFO        
2026-06-28 19:20:49 INFO        ENERGY ESTIMATION for intadder(technology=45nm, width=0, global_cycle_seconds=5e-10).idle(global_cycle_seconds=5e-10)
2026-06-28 19:20:49 INFO        dummy estimated 1p with accuracy 1%. 
2026-06-28 19:20:49 INFO        Plug-ins provided accuracy, but failed to estimate:
2026-06-28 19:20:49 INFO        | Aladdin_table with accuracy 70% estimating value: KeyError: 'action_latency_cycles'
2026-06-28 19:20:49 INFO        
2026-06-28 19:20:49 INFO        ENERGY ESTIMATION for SRAM(technology=45nm, width=32, depth=1, n_rdwr_ports=2, n_banks=1, global_cycle_seconds=5e-10).write(data_delta=1, address_delta=0, global_cycle_seconds=5e-10)
2026-06-28 19:20:49 INFO        CactiSRAM estimated 3.017831299903715e-14 with accuracy 80%. Messages:
2026-06-28 19:20:49 INFO        | Unused arguments (n_rdwr_ports, global_cycle_seconds) provided for ['SRAM', 'sram'].__init__. Arguments used: (technology, width, depth, n_banks)
2026-06-28 19:20:49 INFO        | Unused arguments (global_cycle_seconds) provided for ['SRAM', 'sram'].write. Arguments used: (data_delta, address_delta)
2026-06-28 19:20:49 INFO        | Calling CACTI with cache_size=256 n_rw_ports=1 block_size=4 tech_node_um=0.045 n_banks=1 tag_size=0 associativity=1
2026-06-28 19:20:49 INFO        | Calling CACTI with input path /usr/local/share/accelergy/estimation_plug_ins/accelergy-cacti-plug-in/cacti_inputs_outputs/tmpj0i5165o
2026-06-28 19:20:49 INFO        | CACTI output will be written to /usr/local/share/accelergy/estimation_plug_ins/accelergy-cacti-plug-in/cacti_inputs_outputs/tmpbi2quoh_
2026-06-28 19:20:49 INFO        | CACTI executable not found at /usr/local/share/accelergy/estimation_plug_ins/accelergy-cacti-plug-in/cacti/cacti
2026-06-28 19:20:49 INFO        | Calling: cd /usr/local/share/accelergy/estimation_plug_ins/accelergy-cacti-plug-in ; ./cacti -infile /usr/local/share/accelergy/estimation_plug_ins/accelergy-cacti-plug-in/cacti_inputs_outputs/tmpj0i5165o >> /usr/local/share/accelergy/estimation_plug_ins/accelergy-cacti-plug-in/cacti_inputs_outputs/tmpbi2quoh_ 2>&1
2026-06-28 19:20:49 INFO        | Cache bandwidth: 4.0 bytes/cycle
2026-06-28 19:20:49 INFO        | Cache bandwidth: 65421210374.168434 bits/second
2026-06-28 19:20:49 INFO        
2026-06-28 19:20:49 INFO        ENERGY ESTIMATION for intadder(technology=45nm, width=0, global_cycle_seconds=5e-10).count(global_cycle_seconds=5e-10)
2026-06-28 19:20:49 INFO        dummy estimated 1p with accuracy 1%. 
2026-06-28 19:20:49 INFO        Plug-ins provided accuracy, but failed to estimate:
2026-06-28 19:20:49 INFO        | Aladdin_table with accuracy 70% estimating value: KeyError: 'action_latency_cycles'
2026-06-28 19:20:49 INFO        
2026-06-28 19:20:49 INFO        ENERGY ESTIMATION for intadder(technology=45nm, width=0, global_cycle_seconds=5e-10).idle(global_cycle_seconds=5e-10)
2026-06-28 19:20:49 INFO        dummy estimated 1p with accuracy 1%. 
2026-06-28 19:20:49 INFO        Plug-ins provided accuracy, but failed to estimate:
2026-06-28 19:20:49 INFO        | Aladdin_table with accuracy 70% estimating value: KeyError: 'action_latency_cycles'
2026-06-28 19:20:49 INFO        
2026-06-28 19:20:49 INFO        ENERGY ESTIMATION for SRAM(technology=45nm, width=32, depth=1, n_rdwr_ports=2, n_banks=1, global_cycle_seconds=5e-10).write(data_delta=0, address_delta=1, global_cycle_seconds=5e-10)
2026-06-28 19:20:49 INFO        CactiSRAM estimated 1.2933562713873066e-14 with accuracy 80%. Messages:
2026-06-28 19:20:49 INFO        | Unused arguments (n_rdwr_ports, global_cycle_seconds) provided for ['SRAM', 'sram'].__init__. Arguments used: (technology, width, depth, n_banks)
2026-06-28 19:20:49 INFO        | Unused arguments (global_cycle_seconds) provided for ['SRAM', 'sram'].write. Arguments used: (data_delta, address_delta)
2026-06-28 19:20:49 INFO        | Calling CACTI with cache_size=256 n_rw_ports=1 block_size=4 tech_node_um=0.045 n_banks=1 tag_size=0 associativity=1
2026-06-28 19:20:49 INFO        | Calling CACTI with input path /usr/local/share/accelergy/estimation_plug_ins/accelergy-cacti-plug-in/cacti_inputs_outputs/tmp75e6rk5g
2026-06-28 19:20:49 INFO        | CACTI output will be written to /usr/local/share/accelergy/estimation_plug_ins/accelergy-cacti-plug-in/cacti_inputs_outputs/tmpvzrtz3d1
2026-06-28 19:20:49 INFO        | CACTI executable not found at /usr/local/share/accelergy/estimation_plug_ins/accelergy-cacti-plug-in/cacti/cacti
2026-06-28 19:20:49 INFO        | Calling: cd /usr/local/share/accelergy/estimation_plug_ins/accelergy-cacti-plug-in ; ./cacti -infile /usr/local/share/accelergy/estimation_plug_ins/accelergy-cacti-plug-in/cacti_inputs_outputs/tmp75e6rk5g >> /usr/local/share/accelergy/estimation_plug_ins/accelergy-cacti-plug-in/cacti_inputs_outputs/tmpvzrtz3d1 2>&1
2026-06-28 19:20:49 INFO        | Cache bandwidth: 4.0 bytes/cycle
2026-06-28 19:20:49 INFO        | Cache bandwidth: 65421210374.168434 bits/second
2026-06-28 19:20:49 INFO        
2026-06-28 19:20:49 INFO        ENERGY ESTIMATION for intadder(technology=45nm, width=0, global_cycle_seconds=5e-10).count(global_cycle_seconds=5e-10)
2026-06-28 19:20:49 INFO        dummy estimated 1p with accuracy 1%. 
2026-06-28 19:20:49 INFO        Plug-ins provided accuracy, but failed to estimate:
2026-06-28 19:20:49 INFO        | Aladdin_table with accuracy 70% estimating value: KeyError: 'action_latency_cycles'
2026-06-28 19:20:49 INFO        
2026-06-28 19:20:49 INFO        ENERGY ESTIMATION for intadder(technology=45nm, width=0, global_cycle_seconds=5e-10).idle(global_cycle_seconds=5e-10)
2026-06-28 19:20:49 INFO        dummy estimated 1p with accuracy 1%. 
2026-06-28 19:20:49 INFO        Plug-ins provided accuracy, but failed to estimate:
2026-06-28 19:20:49 INFO        | Aladdin_table with accuracy 70% estimating value: KeyError: 'action_latency_cycles'
2026-06-28 19:20:49 INFO        
2026-06-28 19:20:49 INFO        ENERGY ESTIMATION for SRAM(technology=45nm, width=32, depth=1, n_rdwr_ports=2, n_banks=1, global_cycle_seconds=5e-10).write(data_delta=1, address_delta=1, global_cycle_seconds=5e-10)
2026-06-28 19:20:49 INFO        CactiSRAM estimated 4.3111875712910225e-14 with accuracy 80%. Messages:
2026-06-28 19:20:49 INFO        | Unused arguments (n_rdwr_ports, global_cycle_seconds) provided for ['SRAM', 'sram'].__init__. Arguments used: (technology, width, depth, n_banks)
2026-06-28 19:20:49 INFO        | Unused arguments (global_cycle_seconds) provided for ['SRAM', 'sram'].write. Arguments used: (data_delta, address_delta)
2026-06-28 19:20:49 INFO        | Calling CACTI with cache_size=256 n_rw_ports=1 block_size=4 tech_node_um=0.045 n_banks=1 tag_size=0 associativity=1
2026-06-28 19:20:49 INFO        | Calling CACTI with input path /usr/local/share/accelergy/estimation_plug_ins/accelergy-cacti-plug-in/cacti_inputs_outputs/tmpiznnrh7n
2026-06-28 19:20:49 INFO        | CACTI output will be written to /usr/local/share/accelergy/estimation_plug_ins/accelergy-cacti-plug-in/cacti_inputs_outputs/tmptfcam15z
2026-06-28 19:20:49 INFO        | CACTI executable not found at /usr/local/share/accelergy/estimation_plug_ins/accelergy-cacti-plug-in/cacti/cacti
2026-06-28 19:20:49 INFO        | Calling: cd /usr/local/share/accelergy/estimation_plug_ins/accelergy-cacti-plug-in ; ./cacti -infile /usr/local/share/accelergy/estimation_plug_ins/accelergy-cacti-plug-in/cacti_inputs_outputs/tmpiznnrh7n >> /usr/local/share/accelergy/estimation_plug_ins/accelergy-cacti-plug-in/cacti_inputs_outputs/tmptfcam15z 2>&1
2026-06-28 19:20:49 INFO        | Cache bandwidth: 4.0 bytes/cycle
2026-06-28 19:20:49 INFO        | Cache bandwidth: 65421210374.168434 bits/second
2026-06-28 19:20:49 INFO        
2026-06-28 19:20:49 INFO        ENERGY ESTIMATION for intadder(technology=45nm, width=0, global_cycle_seconds=5e-10).count(global_cycle_seconds=5e-10)
2026-06-28 19:20:49 INFO        dummy estimated 1p with accuracy 1%. 
2026-06-28 19:20:49 INFO        Plug-ins provided accuracy, but failed to estimate:
2026-06-28 19:20:49 INFO        | Aladdin_table with accuracy 70% estimating value: KeyError: 'action_latency_cycles'
2026-06-28 19:20:49 INFO        
2026-06-28 19:20:49 INFO        ENERGY ESTIMATION for intadder(technology=45nm, width=0, global_cycle_seconds=5e-10).idle(global_cycle_seconds=5e-10)
2026-06-28 19:20:49 INFO        dummy estimated 1p with accuracy 1%. 
2026-06-28 19:20:49 INFO        Plug-ins provided accuracy, but failed to estimate:
2026-06-28 19:20:49 INFO        | Aladdin_table with accuracy 70% estimating value: KeyError: 'action_latency_cycles'
2026-06-28 19:20:49 INFO        
2026-06-28 19:20:49 INFO        ENERGY ESTIMATION for SRAM(technology=45nm, width=32, depth=1, n_rdwr_ports=2, n_banks=1, global_cycle_seconds=5e-10).read(data_delta=0, address_delta=0, global_cycle_seconds=5e-10)
2026-06-28 19:20:49 INFO        CactiSRAM estimated 0.0 with accuracy 80%. Messages:
2026-06-28 19:20:49 INFO        | Unused arguments (n_rdwr_ports, global_cycle_seconds) provided for ['SRAM', 'sram'].__init__. Arguments used: (technology, width, depth, n_banks)
2026-06-28 19:20:49 INFO        | Unused arguments (global_cycle_seconds) provided for ['SRAM', 'sram'].read. Arguments used: (data_delta, address_delta)
2026-06-28 19:20:49 INFO        | Calling CACTI with cache_size=256 n_rw_ports=1 block_size=4 tech_node_um=0.045 n_banks=1 tag_size=0 associativity=1
2026-06-28 19:20:49 INFO        | Calling CACTI with input path /usr/local/share/accelergy/estimation_plug_ins/accelergy-cacti-plug-in/cacti_inputs_outputs/tmp41y8b0qg
2026-06-28 19:20:49 INFO        | CACTI output will be written to /usr/local/share/accelergy/estimation_plug_ins/accelergy-cacti-plug-in/cacti_inputs_outputs/tmpqd5q74ed
2026-06-28 19:20:49 INFO        | CACTI executable not found at /usr/local/share/accelergy/estimation_plug_ins/accelergy-cacti-plug-in/cacti/cacti
2026-06-28 19:20:49 INFO        | Calling: cd /usr/local/share/accelergy/estimation_plug_ins/accelergy-cacti-plug-in ; ./cacti -infile /usr/local/share/accelergy/estimation_plug_ins/accelergy-cacti-plug-in/cacti_inputs_outputs/tmp41y8b0qg >> /usr/local/share/accelergy/estimation_plug_ins/accelergy-cacti-plug-in/cacti_inputs_outputs/tmpqd5q74ed 2>&1
2026-06-28 19:20:49 INFO        | Cache bandwidth: 4.0 bytes/cycle
2026-06-28 19:20:49 INFO        | Cache bandwidth: 65421210374.168434 bits/second
2026-06-28 19:20:49 INFO        
2026-06-28 19:20:49 INFO        ENERGY ESTIMATION for intadder(technology=45nm, width=0, global_cycle_seconds=5e-10).add(global_cycle_seconds=5e-10)
2026-06-28 19:20:49 INFO        dummy estimated 1p with accuracy 1%. 
2026-06-28 19:20:49 INFO        Plug-ins provided accuracy, but failed to estimate:
2026-06-28 19:20:49 INFO        | Aladdin_table with accuracy 70% estimating value: KeyError: 'action_latency_cycles'
2026-06-28 19:20:49 INFO        
2026-06-28 19:20:49 INFO        ENERGY ESTIMATION for intadder(technology=45nm, width=0, global_cycle_seconds=5e-10).idle(global_cycle_seconds=5e-10)
2026-06-28 19:20:49 INFO        dummy estimated 1p with accuracy 1%. 
2026-06-28 19:20:49 INFO        Plug-ins provided accuracy, but failed to estimate:
2026-06-28 19:20:49 INFO        | Aladdin_table with accuracy 70% estimating value: KeyError: 'action_latency_cycles'
2026-06-28 19:20:49 INFO        
2026-06-28 19:20:49 INFO        ENERGY ESTIMATION for SRAM(technology=45nm, width=32, depth=1, n_rdwr_ports=2, n_banks=1, global_cycle_seconds=5e-10).read(data_delta=1, address_delta=0, global_cycle_seconds=5e-10)
2026-06-28 19:20:49 INFO        CactiSRAM estimated 1.8338580423474302e-14 with accuracy 80%. Messages:
2026-06-28 19:20:49 INFO        | Unused arguments (n_rdwr_ports, global_cycle_seconds) provided for ['SRAM', 'sram'].__init__. Arguments used: (technology, width, depth, n_banks)
2026-06-28 19:20:49 INFO        | Unused arguments (global_cycle_seconds) provided for ['SRAM', 'sram'].read. Arguments used: (data_delta, address_delta)
2026-06-28 19:20:49 INFO        | Calling CACTI with cache_size=256 n_rw_ports=1 block_size=4 tech_node_um=0.045 n_banks=1 tag_size=0 associativity=1
2026-06-28 19:20:49 INFO        | Calling CACTI with input path /usr/local/share/accelergy/estimation_plug_ins/accelergy-cacti-plug-in/cacti_inputs_outputs/tmptnsalm3e
2026-06-28 19:20:49 INFO        | CACTI output will be written to /usr/local/share/accelergy/estimation_plug_ins/accelergy-cacti-plug-in/cacti_inputs_outputs/tmp5cvwuxxz
2026-06-28 19:20:49 INFO        | CACTI executable not found at /usr/local/share/accelergy/estimation_plug_ins/accelergy-cacti-plug-in/cacti/cacti
2026-06-28 19:20:49 INFO        | Calling: cd /usr/local/share/accelergy/estimation_plug_ins/accelergy-cacti-plug-in ; ./cacti -infile /usr/local/share/accelergy/estimation_plug_ins/accelergy-cacti-plug-in/cacti_inputs_outputs/tmptnsalm3e >> /usr/local/share/accelergy/estimation_plug_ins/accelergy-cacti-plug-in/cacti_inputs_outputs/tmp5cvwuxxz 2>&1
2026-06-28 19:20:49 INFO        | Cache bandwidth: 4.0 bytes/cycle
2026-06-28 19:20:49 INFO        | Cache bandwidth: 65421210374.168434 bits/second
2026-06-28 19:20:49 INFO        
2026-06-28 19:20:49 INFO        ENERGY ESTIMATION for intadder(technology=45nm, width=0, global_cycle_seconds=5e-10).add(global_cycle_seconds=5e-10)
2026-06-28 19:20:49 INFO        dummy estimated 1p with accuracy 1%. 
2026-06-28 19:20:49 INFO        Plug-ins provided accuracy, but failed to estimate:
2026-06-28 19:20:49 INFO        | Aladdin_table with accuracy 70% estimating value: KeyError: 'action_latency_cycles'
2026-06-28 19:20:49 INFO        
2026-06-28 19:20:49 INFO        ENERGY ESTIMATION for intadder(technology=45nm, width=0, global_cycle_seconds=5e-10).idle(global_cycle_seconds=5e-10)
2026-06-28 19:20:49 INFO        dummy estimated 1p with accuracy 1%. 
2026-06-28 19:20:49 INFO        Plug-ins provided accuracy, but failed to estimate:
2026-06-28 19:20:49 INFO        | Aladdin_table with accuracy 70% estimating value: KeyError: 'action_latency_cycles'
2026-06-28 19:20:49 INFO        
2026-06-28 19:20:49 INFO        ENERGY ESTIMATION for SRAM(technology=45nm, width=32, depth=1, n_rdwr_ports=2, n_banks=1, global_cycle_seconds=5e-10).read(data_delta=0, address_delta=1, global_cycle_seconds=5e-10)
2026-06-28 19:20:49 INFO        CactiSRAM estimated 7.859391610060416e-15 with accuracy 80%. Messages:
2026-06-28 19:20:49 INFO        | Unused arguments (n_rdwr_ports, global_cycle_seconds) provided for ['SRAM', 'sram'].__init__. Arguments used: (technology, width, depth, n_banks)
2026-06-28 19:20:49 INFO        | Unused arguments (global_cycle_seconds) provided for ['SRAM', 'sram'].read. Arguments used: (data_delta, address_delta)
2026-06-28 19:20:49 INFO        | Calling CACTI with cache_size=256 n_rw_ports=1 block_size=4 tech_node_um=0.045 n_banks=1 tag_size=0 associativity=1
2026-06-28 19:20:49 INFO        | Calling CACTI with input path /usr/local/share/accelergy/estimation_plug_ins/accelergy-cacti-plug-in/cacti_inputs_outputs/tmpgn83zg5h
2026-06-28 19:20:49 INFO        | CACTI output will be written to /usr/local/share/accelergy/estimation_plug_ins/accelergy-cacti-plug-in/cacti_inputs_outputs/tmp07cokryu
2026-06-28 19:20:49 INFO        | CACTI executable not found at /usr/local/share/accelergy/estimation_plug_ins/accelergy-cacti-plug-in/cacti/cacti
2026-06-28 19:20:49 INFO        | Calling: cd /usr/local/share/accelergy/estimation_plug_ins/accelergy-cacti-plug-in ; ./cacti -infile /usr/local/share/accelergy/estimation_plug_ins/accelergy-cacti-plug-in/cacti_inputs_outputs/tmpgn83zg5h >> /usr/local/share/accelergy/estimation_plug_ins/accelergy-cacti-plug-in/cacti_inputs_outputs/tmp07cokryu 2>&1
2026-06-28 19:20:49 INFO        | Cache bandwidth: 4.0 bytes/cycle
2026-06-28 19:20:49 INFO        | Cache bandwidth: 65421210374.168434 bits/second
2026-06-28 19:20:49 INFO        
2026-06-28 19:20:49 INFO        ENERGY ESTIMATION for intadder(technology=45nm, width=0, global_cycle_seconds=5e-10).add(global_cycle_seconds=5e-10)
2026-06-28 19:20:49 INFO        dummy estimated 1p with accuracy 1%. 
2026-06-28 19:20:49 INFO        Plug-ins provided accuracy, but failed to estimate:
2026-06-28 19:20:49 INFO        | Aladdin_table with accuracy 70% estimating value: KeyError: 'action_latency_cycles'
2026-06-28 19:20:49 INFO        
2026-06-28 19:20:49 INFO        ENERGY ESTIMATION for intadder(technology=45nm, width=0, global_cycle_seconds=5e-10).idle(global_cycle_seconds=5e-10)
2026-06-28 19:20:49 INFO        dummy estimated 1p with accuracy 1%. 
2026-06-28 19:20:49 INFO        Plug-ins provided accuracy, but failed to estimate:
2026-06-28 19:20:49 INFO        | Aladdin_table with accuracy 70% estimating value: KeyError: 'action_latency_cycles'
2026-06-28 19:20:49 INFO        
2026-06-28 19:20:49 INFO        ENERGY ESTIMATION for SRAM(technology=45nm, width=32, depth=1, n_rdwr_ports=2, n_banks=1, global_cycle_seconds=5e-10).read(data_delta=1, address_delta=1, global_cycle_seconds=5e-10)
2026-06-28 19:20:49 INFO        CactiSRAM estimated 2.619797203353472e-14 with accuracy 80%. Messages:
2026-06-28 19:20:49 INFO        | Unused arguments (n_rdwr_ports, global_cycle_seconds) provided for ['SRAM', 'sram'].__init__. Arguments used: (technology, width, depth, n_banks)
2026-06-28 19:20:49 INFO        | Unused arguments (global_cycle_seconds) provided for ['SRAM', 'sram'].read. Arguments used: (data_delta, address_delta)
2026-06-28 19:20:49 INFO        | Calling CACTI with cache_size=256 n_rw_ports=1 block_size=4 tech_node_um=0.045 n_banks=1 tag_size=0 associativity=1
2026-06-28 19:20:49 INFO        | Calling CACTI with input path /usr/local/share/accelergy/estimation_plug_ins/accelergy-cacti-plug-in/cacti_inputs_outputs/tmphv1ifmz4
2026-06-28 19:20:49 INFO        | CACTI output will be written to /usr/local/share/accelergy/estimation_plug_ins/accelergy-cacti-plug-in/cacti_inputs_outputs/tmpy7vbjf04
2026-06-28 19:20:49 INFO        | CACTI executable not found at /usr/local/share/accelergy/estimation_plug_ins/accelergy-cacti-plug-in/cacti/cacti
2026-06-28 19:20:49 INFO        | Calling: cd /usr/local/share/accelergy/estimation_plug_ins/accelergy-cacti-plug-in ; ./cacti -infile /usr/local/share/accelergy/estimation_plug_ins/accelergy-cacti-plug-in/cacti_inputs_outputs/tmphv1ifmz4 >> /usr/local/share/accelergy/estimation_plug_ins/accelergy-cacti-plug-in/cacti_inputs_outputs/tmpy7vbjf04 2>&1
2026-06-28 19:20:49 INFO        | Cache bandwidth: 4.0 bytes/cycle
2026-06-28 19:20:49 INFO        | Cache bandwidth: 65421210374.168434 bits/second
2026-06-28 19:20:49 INFO        
2026-06-28 19:20:49 INFO        ENERGY ESTIMATION for intadder(technology=45nm, width=0, global_cycle_seconds=5e-10).add(global_cycle_seconds=5e-10)
2026-06-28 19:20:49 INFO        dummy estimated 1p with accuracy 1%. 
2026-06-28 19:20:49 INFO        Plug-ins provided accuracy, but failed to estimate:
2026-06-28 19:20:49 INFO        | Aladdin_table with accuracy 70% estimating value: KeyError: 'action_latency_cycles'
2026-06-28 19:20:49 INFO        
2026-06-28 19:20:49 INFO        ENERGY ESTIMATION for intadder(technology=45nm, width=0, global_cycle_seconds=5e-10).idle(global_cycle_seconds=5e-10)
2026-06-28 19:20:49 INFO        dummy estimated 1p with accuracy 1%. 
2026-06-28 19:20:49 INFO        Plug-ins provided accuracy, but failed to estimate:
2026-06-28 19:20:49 INFO        | Aladdin_table with accuracy 70% estimating value: KeyError: 'action_latency_cycles'
2026-06-28 19:20:49 INFO        
2026-06-28 19:20:49 INFO        ENERGY ESTIMATION for SRAM(technology=45nm, width=32, depth=1, n_rdwr_ports=2, n_banks=1, global_cycle_seconds=5e-10).idle(global_cycle_seconds=5e-10)
2026-06-28 19:20:49 INFO        CactiSRAM estimated 0 with accuracy 80%. Messages:
2026-06-28 19:20:49 INFO        | Unused arguments (n_rdwr_ports, global_cycle_seconds) provided for ['SRAM', 'sram'].__init__. Arguments used: (technology, width, depth, n_banks)
2026-06-28 19:20:49 INFO        | Unused arguments (global_cycle_seconds) provided for ['SRAM', 'sram'].idle. Arguments used: ()
2026-06-28 19:20:49 INFO        
2026-06-28 19:20:49 INFO        ENERGY ESTIMATION for intadder(technology=45nm, width=0, global_cycle_seconds=5e-10).idle(global_cycle_seconds=5e-10)
2026-06-28 19:20:49 INFO        dummy estimated 1p with accuracy 1%. 
2026-06-28 19:20:49 INFO        Plug-ins provided accuracy, but failed to estimate:
2026-06-28 19:20:49 INFO        | Aladdin_table with accuracy 70% estimating value: KeyError: 'action_latency_cycles'
2026-06-28 19:20:49 INFO        
2026-06-28 19:20:49 INFO        ENERGY ESTIMATION for intmac(technology=45nm, datawidth=16, global_cycle_seconds=5e-10).mac_random(global_cycle_seconds=5e-10)
2026-06-28 19:20:49 INFO        dummy estimated 1p with accuracy 1%. 
2026-06-28 19:20:49 INFO        Plug-ins provided accuracy, but failed to estimate:
2026-06-28 19:20:49 INFO        | Aladdin_table with accuracy 70% estimating value: KeyError: 'width'
2026-06-28 19:20:49 INFO        
2026-06-28 19:20:49 INFO        ENERGY ESTIMATION for SRAM(technology=45nm, width=512, depth=2048, n_rdwr_ports=2, n_banks=1, global_cycle_seconds=5e-10).write(data_delta=0, address_delta=0, global_cycle_seconds=5e-10)
2026-06-28 19:20:50 INFO        CactiSRAM estimated 0.0 with accuracy 80%. Messages:
2026-06-28 19:20:50 INFO        | Unused arguments (n_rdwr_ports, global_cycle_seconds) provided for ['SRAM', 'sram'].__init__. Arguments used: (technology, width, depth, n_banks)
2026-06-28 19:20:50 INFO        | Unused arguments (global_cycle_seconds) provided for ['SRAM', 'sram'].write. Arguments used: (data_delta, address_delta)
2026-06-28 19:20:50 INFO        | Calling CACTI with cache_size=131072 n_rw_ports=1 block_size=64 tech_node_um=0.045 n_banks=1 tag_size=0 associativity=1
2026-06-28 19:20:50 INFO        | Calling CACTI with input path /usr/local/share/accelergy/estimation_plug_ins/accelergy-cacti-plug-in/cacti_inputs_outputs/tmpdcy2lycl
2026-06-28 19:20:50 INFO        | CACTI output will be written to /usr/local/share/accelergy/estimation_plug_ins/accelergy-cacti-plug-in/cacti_inputs_outputs/tmp735emhv9
2026-06-28 19:20:50 INFO        | CACTI executable not found at /usr/local/share/accelergy/estimation_plug_ins/accelergy-cacti-plug-in/cacti/cacti
2026-06-28 19:20:50 INFO        | Calling: cd /usr/local/share/accelergy/estimation_plug_ins/accelergy-cacti-plug-in ; ./cacti -infile /usr/local/share/accelergy/estimation_plug_ins/accelergy-cacti-plug-in/cacti_inputs_outputs/tmpdcy2lycl >> /usr/local/share/accelergy/estimation_plug_ins/accelergy-cacti-plug-in/cacti_inputs_outputs/tmp735emhv9 2>&1
2026-06-28 19:20:50 INFO        | Cache bandwidth: 64.0 bytes/cycle
2026-06-28 19:20:50 INFO        | Cache bandwidth: 215697921801.07767 bits/second
2026-06-28 19:20:50 INFO        
2026-06-28 19:20:50 INFO        ENERGY ESTIMATION for intadder(technology=45nm, width=7.6246189861593985, global_cycle_seconds=5e-10).count(global_cycle_seconds=5e-10)
2026-06-28 19:20:50 INFO        dummy estimated 1p with accuracy 1%. 
2026-06-28 19:20:50 INFO        Plug-ins provided accuracy, but failed to estimate:
2026-06-28 19:20:50 INFO        | Aladdin_table with accuracy 70% estimating value: KeyError: 'action_latency_cycles'
2026-06-28 19:20:50 INFO        
2026-06-28 19:20:50 INFO        ENERGY ESTIMATION for intadder(technology=45nm, width=7.6246189861593985, global_cycle_seconds=5e-10).idle(global_cycle_seconds=5e-10)
2026-06-28 19:20:50 INFO        dummy estimated 1p with accuracy 1%. 
2026-06-28 19:20:50 INFO        Plug-ins provided accuracy, but failed to estimate:
2026-06-28 19:20:50 INFO        | Aladdin_table with accuracy 70% estimating value: KeyError: 'action_latency_cycles'
2026-06-28 19:20:50 INFO        
2026-06-28 19:20:50 INFO        ENERGY ESTIMATION for SRAM(technology=45nm, width=512, depth=2048, n_rdwr_ports=2, n_banks=1, global_cycle_seconds=5e-10).write(data_delta=1, address_delta=0, global_cycle_seconds=5e-10)
2026-06-28 19:20:50 INFO        CactiSRAM estimated 1.388625e-10 with accuracy 80%. Messages:
2026-06-28 19:20:50 INFO        | Unused arguments (n_rdwr_ports, global_cycle_seconds) provided for ['SRAM', 'sram'].__init__. Arguments used: (technology, width, depth, n_banks)
2026-06-28 19:20:50 INFO        | Unused arguments (global_cycle_seconds) provided for ['SRAM', 'sram'].write. Arguments used: (data_delta, address_delta)
2026-06-28 19:20:50 INFO        | Calling CACTI with cache_size=131072 n_rw_ports=1 block_size=64 tech_node_um=0.045 n_banks=1 tag_size=0 associativity=1
2026-06-28 19:20:50 INFO        | Calling CACTI with input path /usr/local/share/accelergy/estimation_plug_ins/accelergy-cacti-plug-in/cacti_inputs_outputs/tmpz107emyd
2026-06-28 19:20:50 INFO        | CACTI output will be written to /usr/local/share/accelergy/estimation_plug_ins/accelergy-cacti-plug-in/cacti_inputs_outputs/tmpiuaskxp2
2026-06-28 19:20:50 INFO        | CACTI executable not found at /usr/local/share/accelergy/estimation_plug_ins/accelergy-cacti-plug-in/cacti/cacti
2026-06-28 19:20:50 INFO        | Calling: cd /usr/local/share/accelergy/estimation_plug_ins/accelergy-cacti-plug-in ; ./cacti -infile /usr/local/share/accelergy/estimation_plug_ins/accelergy-cacti-plug-in/cacti_inputs_outputs/tmpz107emyd >> /usr/local/share/accelergy/estimation_plug_ins/accelergy-cacti-plug-in/cacti_inputs_outputs/tmpiuaskxp2 2>&1
2026-06-28 19:20:50 INFO        | Cache bandwidth: 64.0 bytes/cycle
2026-06-28 19:20:50 INFO        | Cache bandwidth: 215697921801.07767 bits/second
2026-06-28 19:20:50 INFO        
2026-06-28 19:20:50 INFO        ENERGY ESTIMATION for intadder(technology=45nm, width=7.6246189861593985, global_cycle_seconds=5e-10).count(global_cycle_seconds=5e-10)
2026-06-28 19:20:50 INFO        dummy estimated 1p with accuracy 1%. 
2026-06-28 19:20:50 INFO        Plug-ins provided accuracy, but failed to estimate:
2026-06-28 19:20:50 INFO        | Aladdin_table with accuracy 70% estimating value: KeyError: 'action_latency_cycles'
2026-06-28 19:20:50 INFO        
2026-06-28 19:20:50 INFO        ENERGY ESTIMATION for intadder(technology=45nm, width=7.6246189861593985, global_cycle_seconds=5e-10).idle(global_cycle_seconds=5e-10)
2026-06-28 19:20:50 INFO        dummy estimated 1p with accuracy 1%. 
2026-06-28 19:20:50 INFO        Plug-ins provided accuracy, but failed to estimate:
2026-06-28 19:20:50 INFO        | Aladdin_table with accuracy 70% estimating value: KeyError: 'action_latency_cycles'
2026-06-28 19:20:50 INFO        
2026-06-28 19:20:50 INFO        ENERGY ESTIMATION for SRAM(technology=45nm, width=512, depth=2048, n_rdwr_ports=2, n_banks=1, global_cycle_seconds=5e-10).write(data_delta=0, address_delta=1, global_cycle_seconds=5e-10)
2026-06-28 19:20:50 INFO        CactiSRAM estimated 5.951249999999999e-11 with accuracy 80%. Messages:
2026-06-28 19:20:50 INFO        | Unused arguments (n_rdwr_ports, global_cycle_seconds) provided for ['SRAM', 'sram'].__init__. Arguments used: (technology, width, depth, n_banks)
2026-06-28 19:20:50 INFO        | Unused arguments (global_cycle_seconds) provided for ['SRAM', 'sram'].write. Arguments used: (data_delta, address_delta)
2026-06-28 19:20:50 INFO        | Calling CACTI with cache_size=131072 n_rw_ports=1 block_size=64 tech_node_um=0.045 n_banks=1 tag_size=0 associativity=1
2026-06-28 19:20:50 INFO        | Calling CACTI with input path /usr/local/share/accelergy/estimation_plug_ins/accelergy-cacti-plug-in/cacti_inputs_outputs/tmp8ioh1lve
2026-06-28 19:20:50 INFO        | CACTI output will be written to /usr/local/share/accelergy/estimation_plug_ins/accelergy-cacti-plug-in/cacti_inputs_outputs/tmpuadpbw5e
2026-06-28 19:20:50 INFO        | CACTI executable not found at /usr/local/share/accelergy/estimation_plug_ins/accelergy-cacti-plug-in/cacti/cacti
2026-06-28 19:20:50 INFO        | Calling: cd /usr/local/share/accelergy/estimation_plug_ins/accelergy-cacti-plug-in ; ./cacti -infile /usr/local/share/accelergy/estimation_plug_ins/accelergy-cacti-plug-in/cacti_inputs_outputs/tmp8ioh1lve >> /usr/local/share/accelergy/estimation_plug_ins/accelergy-cacti-plug-in/cacti_inputs_outputs/tmpuadpbw5e 2>&1
2026-06-28 19:20:50 INFO        | Cache bandwidth: 64.0 bytes/cycle
2026-06-28 19:20:50 INFO        | Cache bandwidth: 215697921801.07767 bits/second
2026-06-28 19:20:50 INFO        
2026-06-28 19:20:50 INFO        ENERGY ESTIMATION for intadder(technology=45nm, width=7.6246189861593985, global_cycle_seconds=5e-10).count(global_cycle_seconds=5e-10)
2026-06-28 19:20:50 INFO        dummy estimated 1p with accuracy 1%. 
2026-06-28 19:20:50 INFO        Plug-ins provided accuracy, but failed to estimate:
2026-06-28 19:20:50 INFO        | Aladdin_table with accuracy 70% estimating value: KeyError: 'action_latency_cycles'
2026-06-28 19:20:50 INFO        
2026-06-28 19:20:50 INFO        ENERGY ESTIMATION for intadder(technology=45nm, width=7.6246189861593985, global_cycle_seconds=5e-10).idle(global_cycle_seconds=5e-10)
2026-06-28 19:20:50 INFO        dummy estimated 1p with accuracy 1%. 
2026-06-28 19:20:50 INFO        Plug-ins provided accuracy, but failed to estimate:
2026-06-28 19:20:50 INFO        | Aladdin_table with accuracy 70% estimating value: KeyError: 'action_latency_cycles'
2026-06-28 19:20:50 INFO        
2026-06-28 19:20:50 INFO        ENERGY ESTIMATION for SRAM(technology=45nm, width=512, depth=2048, n_rdwr_ports=2, n_banks=1, global_cycle_seconds=5e-10).write(data_delta=1, address_delta=1, global_cycle_seconds=5e-10)
2026-06-28 19:20:51 INFO        CactiSRAM estimated 1.98375e-10 with accuracy 80%. Messages:
2026-06-28 19:20:51 INFO        | Unused arguments (n_rdwr_ports, global_cycle_seconds) provided for ['SRAM', 'sram'].__init__. Arguments used: (technology, width, depth, n_banks)
2026-06-28 19:20:51 INFO        | Unused arguments (global_cycle_seconds) provided for ['SRAM', 'sram'].write. Arguments used: (data_delta, address_delta)
2026-06-28 19:20:51 INFO        | Calling CACTI with cache_size=131072 n_rw_ports=1 block_size=64 tech_node_um=0.045 n_banks=1 tag_size=0 associativity=1
2026-06-28 19:20:51 INFO        | Calling CACTI with input path /usr/local/share/accelergy/estimation_plug_ins/accelergy-cacti-plug-in/cacti_inputs_outputs/tmpm1m5u96_
2026-06-28 19:20:51 INFO        | CACTI output will be written to /usr/local/share/accelergy/estimation_plug_ins/accelergy-cacti-plug-in/cacti_inputs_outputs/tmp531no_na
2026-06-28 19:20:51 INFO        | CACTI executable not found at /usr/local/share/accelergy/estimation_plug_ins/accelergy-cacti-plug-in/cacti/cacti
2026-06-28 19:20:51 INFO        | Calling: cd /usr/local/share/accelergy/estimation_plug_ins/accelergy-cacti-plug-in ; ./cacti -infile /usr/local/share/accelergy/estimation_plug_ins/accelergy-cacti-plug-in/cacti_inputs_outputs/tmpm1m5u96_ >> /usr/local/share/accelergy/estimation_plug_ins/accelergy-cacti-plug-in/cacti_inputs_outputs/tmp531no_na 2>&1
2026-06-28 19:20:51 INFO        | Cache bandwidth: 64.0 bytes/cycle
2026-06-28 19:20:51 INFO        | Cache bandwidth: 215697921801.07767 bits/second
2026-06-28 19:20:51 INFO        
2026-06-28 19:20:51 INFO        ENERGY ESTIMATION for intadder(technology=45nm, width=7.6246189861593985, global_cycle_seconds=5e-10).count(global_cycle_seconds=5e-10)
2026-06-28 19:20:51 INFO        dummy estimated 1p with accuracy 1%. 
2026-06-28 19:20:51 INFO        Plug-ins provided accuracy, but failed to estimate:
2026-06-28 19:20:51 INFO        | Aladdin_table with accuracy 70% estimating value: KeyError: 'action_latency_cycles'
2026-06-28 19:20:51 INFO        
2026-06-28 19:20:51 INFO        ENERGY ESTIMATION for intadder(technology=45nm, width=7.6246189861593985, global_cycle_seconds=5e-10).idle(global_cycle_seconds=5e-10)
2026-06-28 19:20:51 INFO        dummy estimated 1p with accuracy 1%. 
2026-06-28 19:20:51 INFO        Plug-ins provided accuracy, but failed to estimate:
2026-06-28 19:20:51 INFO        | Aladdin_table with accuracy 70% estimating value: KeyError: 'action_latency_cycles'
2026-06-28 19:20:51 INFO        
2026-06-28 19:20:51 INFO        ENERGY ESTIMATION for SRAM(technology=45nm, width=512, depth=2048, n_rdwr_ports=2, n_banks=1, global_cycle_seconds=5e-10).read(data_delta=0, address_delta=0, global_cycle_seconds=5e-10)
2026-06-28 19:20:51 INFO        CactiSRAM estimated 0.0 with accuracy 80%. Messages:
2026-06-28 19:20:51 INFO        | Unused arguments (n_rdwr_ports, global_cycle_seconds) provided for ['SRAM', 'sram'].__init__. Arguments used: (technology, width, depth, n_banks)
2026-06-28 19:20:51 INFO        | Unused arguments (global_cycle_seconds) provided for ['SRAM', 'sram'].read. Arguments used: (data_delta, address_delta)
2026-06-28 19:20:51 INFO        | Calling CACTI with cache_size=131072 n_rw_ports=1 block_size=64 tech_node_um=0.045 n_banks=1 tag_size=0 associativity=1
2026-06-28 19:20:51 INFO        | Calling CACTI with input path /usr/local/share/accelergy/estimation_plug_ins/accelergy-cacti-plug-in/cacti_inputs_outputs/tmpz_upaxn3
2026-06-28 19:20:51 INFO        | CACTI output will be written to /usr/local/share/accelergy/estimation_plug_ins/accelergy-cacti-plug-in/cacti_inputs_outputs/tmpje6un0nu
2026-06-28 19:20:51 INFO        | CACTI executable not found at /usr/local/share/accelergy/estimation_plug_ins/accelergy-cacti-plug-in/cacti/cacti
2026-06-28 19:20:51 INFO        | Calling: cd /usr/local/share/accelergy/estimation_plug_ins/accelergy-cacti-plug-in ; ./cacti -infile /usr/local/share/accelergy/estimation_plug_ins/accelergy-cacti-plug-in/cacti_inputs_outputs/tmpz_upaxn3 >> /usr/local/share/accelergy/estimation_plug_ins/accelergy-cacti-plug-in/cacti_inputs_outputs/tmpje6un0nu 2>&1
2026-06-28 19:20:51 INFO        | Cache bandwidth: 64.0 bytes/cycle
2026-06-28 19:20:51 INFO        | Cache bandwidth: 215697921801.07767 bits/second
2026-06-28 19:20:51 INFO        
2026-06-28 19:20:51 INFO        ENERGY ESTIMATION for intadder(technology=45nm, width=7.6246189861593985, global_cycle_seconds=5e-10).add(global_cycle_seconds=5e-10)
2026-06-28 19:20:51 INFO        dummy estimated 1p with accuracy 1%. 
2026-06-28 19:20:51 INFO        Plug-ins provided accuracy, but failed to estimate:
2026-06-28 19:20:51 INFO        | Aladdin_table with accuracy 70% estimating value: KeyError: 'action_latency_cycles'
2026-06-28 19:20:51 INFO        
2026-06-28 19:20:51 INFO        ENERGY ESTIMATION for intadder(technology=45nm, width=7.6246189861593985, global_cycle_seconds=5e-10).idle(global_cycle_seconds=5e-10)
2026-06-28 19:20:51 INFO        dummy estimated 1p with accuracy 1%. 
2026-06-28 19:20:51 INFO        Plug-ins provided accuracy, but failed to estimate:
2026-06-28 19:20:51 INFO        | Aladdin_table with accuracy 70% estimating value: KeyError: 'action_latency_cycles'
2026-06-28 19:20:51 INFO        
2026-06-28 19:20:51 INFO        ENERGY ESTIMATION for SRAM(technology=45nm, width=512, depth=2048, n_rdwr_ports=2, n_banks=1, global_cycle_seconds=5e-10).read(data_delta=1, address_delta=0, global_cycle_seconds=5e-10)
2026-06-28 19:20:51 INFO        CactiSRAM estimated 6.844075e-11 with accuracy 80%. Messages:
2026-06-28 19:20:51 INFO        | Unused arguments (n_rdwr_ports, global_cycle_seconds) provided for ['SRAM', 'sram'].__init__. Arguments used: (technology, width, depth, n_banks)
2026-06-28 19:20:51 INFO        | Unused arguments (global_cycle_seconds) provided for ['SRAM', 'sram'].read. Arguments used: (data_delta, address_delta)
2026-06-28 19:20:51 INFO        | Calling CACTI with cache_size=131072 n_rw_ports=1 block_size=64 tech_node_um=0.045 n_banks=1 tag_size=0 associativity=1
2026-06-28 19:20:51 INFO        | Calling CACTI with input path /usr/local/share/accelergy/estimation_plug_ins/accelergy-cacti-plug-in/cacti_inputs_outputs/tmp6h1vv6oh
2026-06-28 19:20:51 INFO        | CACTI output will be written to /usr/local/share/accelergy/estimation_plug_ins/accelergy-cacti-plug-in/cacti_inputs_outputs/tmpv2tjmucs
2026-06-28 19:20:51 INFO        | CACTI executable not found at /usr/local/share/accelergy/estimation_plug_ins/accelergy-cacti-plug-in/cacti/cacti
2026-06-28 19:20:51 INFO        | Calling: cd /usr/local/share/accelergy/estimation_plug_ins/accelergy-cacti-plug-in ; ./cacti -infile /usr/local/share/accelergy/estimation_plug_ins/accelergy-cacti-plug-in/cacti_inputs_outputs/tmp6h1vv6oh >> /usr/local/share/accelergy/estimation_plug_ins/accelergy-cacti-plug-in/cacti_inputs_outputs/tmpv2tjmucs 2>&1
2026-06-28 19:20:51 INFO        | Cache bandwidth: 64.0 bytes/cycle
2026-06-28 19:20:51 INFO        | Cache bandwidth: 215697921801.07767 bits/second
2026-06-28 19:20:51 INFO        
2026-06-28 19:20:51 INFO        ENERGY ESTIMATION for intadder(technology=45nm, width=7.6246189861593985, global_cycle_seconds=5e-10).add(global_cycle_seconds=5e-10)
2026-06-28 19:20:51 INFO        dummy estimated 1p with accuracy 1%. 
2026-06-28 19:20:51 INFO        Plug-ins provided accuracy, but failed to estimate:
2026-06-28 19:20:51 INFO        | Aladdin_table with accuracy 70% estimating value: KeyError: 'action_latency_cycles'
2026-06-28 19:20:51 INFO        
2026-06-28 19:20:51 INFO        ENERGY ESTIMATION for intadder(technology=45nm, width=7.6246189861593985, global_cycle_seconds=5e-10).idle(global_cycle_seconds=5e-10)
2026-06-28 19:20:51 INFO        dummy estimated 1p with accuracy 1%. 
2026-06-28 19:20:51 INFO        Plug-ins provided accuracy, but failed to estimate:
2026-06-28 19:20:51 INFO        | Aladdin_table with accuracy 70% estimating value: KeyError: 'action_latency_cycles'
2026-06-28 19:20:51 INFO        
2026-06-28 19:20:51 INFO        ENERGY ESTIMATION for SRAM(technology=45nm, width=512, depth=2048, n_rdwr_ports=2, n_banks=1, global_cycle_seconds=5e-10).read(data_delta=0, address_delta=1, global_cycle_seconds=5e-10)
2026-06-28 19:20:52 INFO        CactiSRAM estimated 2.933175e-11 with accuracy 80%. Messages:
2026-06-28 19:20:52 INFO        | Unused arguments (n_rdwr_ports, global_cycle_seconds) provided for ['SRAM', 'sram'].__init__. Arguments used: (technology, width, depth, n_banks)
2026-06-28 19:20:52 INFO        | Unused arguments (global_cycle_seconds) provided for ['SRAM', 'sram'].read. Arguments used: (data_delta, address_delta)
2026-06-28 19:20:52 INFO        | Calling CACTI with cache_size=131072 n_rw_ports=1 block_size=64 tech_node_um=0.045 n_banks=1 tag_size=0 associativity=1
2026-06-28 19:20:52 INFO        | Calling CACTI with input path /usr/local/share/accelergy/estimation_plug_ins/accelergy-cacti-plug-in/cacti_inputs_outputs/tmpgum38wrj
2026-06-28 19:20:52 INFO        | CACTI output will be written to /usr/local/share/accelergy/estimation_plug_ins/accelergy-cacti-plug-in/cacti_inputs_outputs/tmptygdlrrq
2026-06-28 19:20:52 INFO        | CACTI executable not found at /usr/local/share/accelergy/estimation_plug_ins/accelergy-cacti-plug-in/cacti/cacti
2026-06-28 19:20:52 INFO        | Calling: cd /usr/local/share/accelergy/estimation_plug_ins/accelergy-cacti-plug-in ; ./cacti -infile /usr/local/share/accelergy/estimation_plug_ins/accelergy-cacti-plug-in/cacti_inputs_outputs/tmpgum38wrj >> /usr/local/share/accelergy/estimation_plug_ins/accelergy-cacti-plug-in/cacti_inputs_outputs/tmptygdlrrq 2>&1
2026-06-28 19:20:52 INFO        | Cache bandwidth: 64.0 bytes/cycle
2026-06-28 19:20:52 INFO        | Cache bandwidth: 215697921801.07767 bits/second
2026-06-28 19:20:52 INFO        
2026-06-28 19:20:52 INFO        ENERGY ESTIMATION for intadder(technology=45nm, width=7.6246189861593985, global_cycle_seconds=5e-10).add(global_cycle_seconds=5e-10)
2026-06-28 19:20:52 INFO        dummy estimated 1p with accuracy 1%. 
2026-06-28 19:20:52 INFO        Plug-ins provided accuracy, but failed to estimate:
2026-06-28 19:20:52 INFO        | Aladdin_table with accuracy 70% estimating value: KeyError: 'action_latency_cycles'
2026-06-28 19:20:52 INFO        
2026-06-28 19:20:52 INFO        ENERGY ESTIMATION for intadder(technology=45nm, width=7.6246189861593985, global_cycle_seconds=5e-10).idle(global_cycle_seconds=5e-10)
2026-06-28 19:20:52 INFO        dummy estimated 1p with accuracy 1%. 
2026-06-28 19:20:52 INFO        Plug-ins provided accuracy, but failed to estimate:
2026-06-28 19:20:52 INFO        | Aladdin_table with accuracy 70% estimating value: KeyError: 'action_latency_cycles'
2026-06-28 19:20:52 INFO        
2026-06-28 19:20:52 INFO        ENERGY ESTIMATION for SRAM(technology=45nm, width=512, depth=2048, n_rdwr_ports=2, n_banks=1, global_cycle_seconds=5e-10).read(data_delta=1, address_delta=1, global_cycle_seconds=5e-10)
2026-06-28 19:20:52 INFO        CactiSRAM estimated 9.777250000000001e-11 with accuracy 80%. Messages:
2026-06-28 19:20:52 INFO        | Unused arguments (n_rdwr_ports, global_cycle_seconds) provided for ['SRAM', 'sram'].__init__. Arguments used: (technology, width, depth, n_banks)
2026-06-28 19:20:52 INFO        | Unused arguments (global_cycle_seconds) provided for ['SRAM', 'sram'].read. Arguments used: (data_delta, address_delta)
2026-06-28 19:20:52 INFO        | Calling CACTI with cache_size=131072 n_rw_ports=1 block_size=64 tech_node_um=0.045 n_banks=1 tag_size=0 associativity=1
2026-06-28 19:20:52 INFO        | Calling CACTI with input path /usr/local/share/accelergy/estimation_plug_ins/accelergy-cacti-plug-in/cacti_inputs_outputs/tmp3o76brj1
2026-06-28 19:20:52 INFO        | CACTI output will be written to /usr/local/share/accelergy/estimation_plug_ins/accelergy-cacti-plug-in/cacti_inputs_outputs/tmpo9qk1tu4
2026-06-28 19:20:52 INFO        | CACTI executable not found at /usr/local/share/accelergy/estimation_plug_ins/accelergy-cacti-plug-in/cacti/cacti
2026-06-28 19:20:52 INFO        | Calling: cd /usr/local/share/accelergy/estimation_plug_ins/accelergy-cacti-plug-in ; ./cacti -infile /usr/local/share/accelergy/estimation_plug_ins/accelergy-cacti-plug-in/cacti_inputs_outputs/tmp3o76brj1 >> /usr/local/share/accelergy/estimation_plug_ins/accelergy-cacti-plug-in/cacti_inputs_outputs/tmpo9qk1tu4 2>&1
2026-06-28 19:20:52 INFO        | Cache bandwidth: 64.0 bytes/cycle
2026-06-28 19:20:52 INFO        | Cache bandwidth: 215697921801.07767 bits/second
2026-06-28 19:20:52 INFO        
2026-06-28 19:20:52 INFO        ENERGY ESTIMATION for intadder(technology=45nm, width=7.6246189861593985, global_cycle_seconds=5e-10).add(global_cycle_seconds=5e-10)
2026-06-28 19:20:52 INFO        dummy estimated 1p with accuracy 1%. 
2026-06-28 19:20:52 INFO        Plug-ins provided accuracy, but failed to estimate:
2026-06-28 19:20:52 INFO        | Aladdin_table with accuracy 70% estimating value: KeyError: 'action_latency_cycles'
2026-06-28 19:20:52 INFO        
2026-06-28 19:20:52 INFO        ENERGY ESTIMATION for intadder(technology=45nm, width=7.6246189861593985, global_cycle_seconds=5e-10).idle(global_cycle_seconds=5e-10)
2026-06-28 19:20:52 INFO        dummy estimated 1p with accuracy 1%. 
2026-06-28 19:20:52 INFO        Plug-ins provided accuracy, but failed to estimate:
2026-06-28 19:20:52 INFO        | Aladdin_table with accuracy 70% estimating value: KeyError: 'action_latency_cycles'
2026-06-28 19:20:52 INFO        
2026-06-28 19:20:52 INFO        ENERGY ESTIMATION for SRAM(technology=45nm, width=512, depth=2048, n_rdwr_ports=2, n_banks=1, global_cycle_seconds=5e-10).idle(global_cycle_seconds=5e-10)
2026-06-28 19:20:52 INFO        CactiSRAM estimated 0 with accuracy 80%. Messages:
2026-06-28 19:20:52 INFO        | Unused arguments (n_rdwr_ports, global_cycle_seconds) provided for ['SRAM', 'sram'].__init__. Arguments used: (technology, width, depth, n_banks)
2026-06-28 19:20:52 INFO        | Unused arguments (global_cycle_seconds) provided for ['SRAM', 'sram'].idle. Arguments used: ()
2026-06-28 19:20:52 INFO        
2026-06-28 19:20:52 INFO        ENERGY ESTIMATION for intadder(technology=45nm, width=7.6246189861593985, global_cycle_seconds=5e-10).idle(global_cycle_seconds=5e-10)
2026-06-28 19:20:52 INFO        dummy estimated 1p with accuracy 1%. 
2026-06-28 19:20:52 INFO        Plug-ins provided accuracy, but failed to estimate:
2026-06-28 19:20:52 INFO        | Aladdin_table with accuracy 70% estimating value: KeyError: 'action_latency_cycles'
2026-06-28 19:20:52 WARNING     No action counts are specified as yaml input
2026-06-28 19:20:52 INFO        
2026-06-28 19:20:52 INFO        AREA ESTIMATION for DRAM(type=DDR4, width=16, block-size=1, word-bits=16, shared_bandwidth=6, datawidth=16, technology=45nm, latency=0.5ns, global_cycle_seconds=5e-10)
2026-06-28 19:20:52 INFO        dummy estimated 1u^2 with accuracy 1%. Messages:
2026-06-28 19:20:52 INFO        | Multiplying by n_instances 1
2026-06-28 19:20:52 INFO        Plug-ins provided accuracy, but failed to estimate:
2026-06-28 19:20:52 INFO        | CactiDRAM with accuracy 80% estimating value: AssertionError: DRAM type DDR4 is not supported. Must be one of ['LPDDR4', 'LPDDR', 'DDR3', 'GDDR5', 'HBM2', 'HMC'].
2026-06-28 19:20:52 INFO        
2026-06-28 19:20:52 INFO        AREA ESTIMATION for SRAM(technology=45nm, width=128, depth=1024, n_rdwr_ports=2, n_banks=1, global_cycle_seconds=5e-10)
2026-06-28 19:20:52 INFO        CactiSRAM estimated 5.0649399999999994e-08 with accuracy 80%. Messages:
2026-06-28 19:20:52 INFO        | Unused arguments (n_rdwr_ports, global_cycle_seconds) provided for ['SRAM', 'sram'].__init__. Arguments used: (technology, width, depth, n_banks)
2026-06-28 19:20:52 INFO        | Calling CACTI with cache_size=16384 n_rw_ports=1 block_size=16 tech_node_um=0.045 n_banks=1 tag_size=0 associativity=1
2026-06-28 19:20:52 INFO        | Calling CACTI with input path /usr/local/share/accelergy/estimation_plug_ins/accelergy-cacti-plug-in/cacti_inputs_outputs/tmplfxsjri8
2026-06-28 19:20:52 INFO        | CACTI output will be written to /usr/local/share/accelergy/estimation_plug_ins/accelergy-cacti-plug-in/cacti_inputs_outputs/tmp1walzlo1
2026-06-28 19:20:52 INFO        | CACTI executable not found at /usr/local/share/accelergy/estimation_plug_ins/accelergy-cacti-plug-in/cacti/cacti
2026-06-28 19:20:52 INFO        | Calling: cd /usr/local/share/accelergy/estimation_plug_ins/accelergy-cacti-plug-in ; ./cacti -infile /usr/local/share/accelergy/estimation_plug_ins/accelergy-cacti-plug-in/cacti_inputs_outputs/tmplfxsjri8 >> /usr/local/share/accelergy/estimation_plug_ins/accelergy-cacti-plug-in/cacti_inputs_outputs/tmp1walzlo1 2>&1
2026-06-28 19:20:52 INFO        | Cache bandwidth: 16.0 bytes/cycle
2026-06-28 19:20:52 INFO        | Cache bandwidth: 113563773156.36313 bits/second
2026-06-28 19:20:52 INFO        | Multiplying by n_instances 1
2026-06-28 19:20:52 INFO        
2026-06-28 19:20:52 INFO        AREA ESTIMATION for intadder(technology=45nm, width=6.931471805599453, global_cycle_seconds=5e-10)
2026-06-28 19:20:52 INFO        Aladdin_table estimated 82.09461919756852u^2 with accuracy 70%. Messages:
2026-06-28 19:20:52 INFO        | Multiplying by n_instances 1
2026-06-28 19:20:52 INFO        
2026-06-28 19:20:52 INFO        AREA ESTIMATION for SRAM(technology=45nm, width=128, depth=512, n_rdwr_ports=2, n_banks=1, global_cycle_seconds=5e-10)
2026-06-28 19:20:52 INFO        CactiSRAM estimated 2.77058e-08 with accuracy 80%. Messages:
2026-06-28 19:20:52 INFO        | Unused arguments (n_rdwr_ports, global_cycle_seconds) provided for ['SRAM', 'sram'].__init__. Arguments used: (technology, width, depth, n_banks)
2026-06-28 19:20:52 INFO        | Calling CACTI with cache_size=8192 n_rw_ports=1 block_size=16 tech_node_um=0.045 n_banks=1 tag_size=0 associativity=1
2026-06-28 19:20:52 INFO        | Calling CACTI with input path /usr/local/share/accelergy/estimation_plug_ins/accelergy-cacti-plug-in/cacti_inputs_outputs/tmp6tnr3vqo
2026-06-28 19:20:52 INFO        | CACTI output will be written to /usr/local/share/accelergy/estimation_plug_ins/accelergy-cacti-plug-in/cacti_inputs_outputs/tmp8jit60a3
2026-06-28 19:20:52 INFO        | CACTI executable not found at /usr/local/share/accelergy/estimation_plug_ins/accelergy-cacti-plug-in/cacti/cacti
2026-06-28 19:20:52 INFO        | Calling: cd /usr/local/share/accelergy/estimation_plug_ins/accelergy-cacti-plug-in ; ./cacti -infile /usr/local/share/accelergy/estimation_plug_ins/accelergy-cacti-plug-in/cacti_inputs_outputs/tmp6tnr3vqo >> /usr/local/share/accelergy/estimation_plug_ins/accelergy-cacti-plug-in/cacti_inputs_outputs/tmp8jit60a3 2>&1
2026-06-28 19:20:52 INFO        | Cache bandwidth: 16.0 bytes/cycle
2026-06-28 19:20:52 INFO        | Cache bandwidth: 144426980313.92557 bits/second
2026-06-28 19:20:52 INFO        | Multiplying by n_instances 1
2026-06-28 19:20:52 INFO        
2026-06-28 19:20:52 INFO        AREA ESTIMATION for intadder(technology=45nm, width=6.238324625039508, global_cycle_seconds=5e-10)
2026-06-28 19:20:52 INFO        Aladdin_table estimated 73.88515727781167u^2 with accuracy 70%. Messages:
2026-06-28 19:20:52 INFO        | Multiplying by n_instances 1
2026-06-28 19:20:52 INFO        
2026-06-28 19:20:52 INFO        AREA ESTIMATION for SRAM(technology=45nm, width=64, depth=64, n_rdwr_ports=2, n_banks=1, global_cycle_seconds=5e-10)
2026-06-28 19:20:52 INFO        CactiSRAM estimated 2.14376e-09 with accuracy 80%. Messages:
2026-06-28 19:20:52 INFO        | Unused arguments (n_rdwr_ports, global_cycle_seconds) provided for ['SRAM', 'sram'].__init__. Arguments used: (technology, width, depth, n_banks)
2026-06-28 19:20:52 INFO        | Calling CACTI with cache_size=512 n_rw_ports=1 block_size=8 tech_node_um=0.045 n_banks=1 tag_size=0 associativity=1
2026-06-28 19:20:52 INFO        | Calling CACTI with input path /usr/local/share/accelergy/estimation_plug_ins/accelergy-cacti-plug-in/cacti_inputs_outputs/tmpx7ukypvy
2026-06-28 19:20:52 INFO        | CACTI output will be written to /usr/local/share/accelergy/estimation_plug_ins/accelergy-cacti-plug-in/cacti_inputs_outputs/tmpaer9nmgl
2026-06-28 19:20:52 INFO        | CACTI executable not found at /usr/local/share/accelergy/estimation_plug_ins/accelergy-cacti-plug-in/cacti/cacti
2026-06-28 19:20:52 INFO        | Calling: cd /usr/local/share/accelergy/estimation_plug_ins/accelergy-cacti-plug-in ; ./cacti -infile /usr/local/share/accelergy/estimation_plug_ins/accelergy-cacti-plug-in/cacti_inputs_outputs/tmpx7ukypvy >> /usr/local/share/accelergy/estimation_plug_ins/accelergy-cacti-plug-in/cacti_inputs_outputs/tmpaer9nmgl 2>&1
2026-06-28 19:20:52 INFO        | Cache bandwidth: 8.0 bytes/cycle
2026-06-28 19:20:52 INFO        | Cache bandwidth: 112577947035.59398 bits/second
2026-06-28 19:20:52 INFO        | Multiplying by n_instances 1
2026-06-28 19:20:52 INFO        
2026-06-28 19:20:52 INFO        AREA ESTIMATION for intadder(technology=45nm, width=4.1588830833596715, global_cycle_seconds=5e-10)
2026-06-28 19:20:52 INFO        Aladdin_table estimated 49.25677151854111u^2 with accuracy 70%. Messages:
2026-06-28 19:20:52 INFO        | Multiplying by n_instances 1
2026-06-28 19:20:52 INFO        
2026-06-28 19:20:52 INFO        AREA ESTIMATION for SRAM(technology=45nm, width=32, depth=1, n_rdwr_ports=2, n_banks=1, global_cycle_seconds=5e-10)
2026-06-28 19:20:52 INFO        CactiSRAM estimated 1.649e-11 with accuracy 80%. Messages:
2026-06-28 19:20:52 INFO        | Unused arguments (n_rdwr_ports, global_cycle_seconds) provided for ['SRAM', 'sram'].__init__. Arguments used: (technology, width, depth, n_banks)
2026-06-28 19:20:52 INFO        | Calling CACTI with cache_size=256 n_rw_ports=1 block_size=4 tech_node_um=0.045 n_banks=1 tag_size=0 associativity=1
2026-06-28 19:20:52 INFO        | Calling CACTI with input path /usr/local/share/accelergy/estimation_plug_ins/accelergy-cacti-plug-in/cacti_inputs_outputs/tmpi53cyprr
2026-06-28 19:20:52 INFO        | CACTI output will be written to /usr/local/share/accelergy/estimation_plug_ins/accelergy-cacti-plug-in/cacti_inputs_outputs/tmpd_yh045h
2026-06-28 19:20:52 INFO        | CACTI executable not found at /usr/local/share/accelergy/estimation_plug_ins/accelergy-cacti-plug-in/cacti/cacti
2026-06-28 19:20:52 INFO        | Calling: cd /usr/local/share/accelergy/estimation_plug_ins/accelergy-cacti-plug-in ; ./cacti -infile /usr/local/share/accelergy/estimation_plug_ins/accelergy-cacti-plug-in/cacti_inputs_outputs/tmpi53cyprr >> /usr/local/share/accelergy/estimation_plug_ins/accelergy-cacti-plug-in/cacti_inputs_outputs/tmpd_yh045h 2>&1
2026-06-28 19:20:52 INFO        | Cache bandwidth: 4.0 bytes/cycle
2026-06-28 19:20:52 INFO        | Cache bandwidth: 65421210374.168434 bits/second
2026-06-28 19:20:52 INFO        | Multiplying by n_instances 1
2026-06-28 19:20:52 INFO        
2026-06-28 19:20:52 INFO        AREA ESTIMATION for intadder(technology=45nm, width=0, global_cycle_seconds=5e-10)
2026-06-28 19:20:52 INFO        Aladdin_table estimated 0.0u^2 with accuracy 70%. Messages:
2026-06-28 19:20:52 INFO        | Multiplying by n_instances 1
2026-06-28 19:20:52 INFO        
2026-06-28 19:20:52 INFO        AREA ESTIMATION for intmac(technology=45nm, datawidth=16, global_cycle_seconds=5e-10)
2026-06-28 19:20:52 INFO        dummy estimated 1u^2 with accuracy 1%. Messages:
2026-06-28 19:20:52 INFO        | Multiplying by n_instances 1
2026-06-28 19:20:52 INFO        Plug-ins provided accuracy, but failed to estimate:
2026-06-28 19:20:52 INFO        | Aladdin_table with accuracy 70% estimating value: KeyError: 'width'
2026-06-28 19:20:52 INFO        
2026-06-28 19:20:52 INFO        AREA ESTIMATION for SRAM(technology=45nm, width=512, depth=2048, n_rdwr_ports=2, n_banks=1, global_cycle_seconds=5e-10)
2026-06-28 19:20:53 INFO        CactiSRAM estimated 3.91346e-07 with accuracy 80%. Messages:
2026-06-28 19:20:53 INFO        | Unused arguments (n_rdwr_ports, global_cycle_seconds) provided for ['SRAM', 'sram'].__init__. Arguments used: (technology, width, depth, n_banks)
2026-06-28 19:20:53 INFO        | Calling CACTI with cache_size=131072 n_rw_ports=1 block_size=64 tech_node_um=0.045 n_banks=1 tag_size=0 associativity=1
2026-06-28 19:20:53 INFO        | Calling CACTI with input path /usr/local/share/accelergy/estimation_plug_ins/accelergy-cacti-plug-in/cacti_inputs_outputs/tmp7g5_i5pi
2026-06-28 19:20:53 INFO        | CACTI output will be written to /usr/local/share/accelergy/estimation_plug_ins/accelergy-cacti-plug-in/cacti_inputs_outputs/tmp7s697qk1
2026-06-28 19:20:53 INFO        | CACTI executable not found at /usr/local/share/accelergy/estimation_plug_ins/accelergy-cacti-plug-in/cacti/cacti
2026-06-28 19:20:53 INFO        | Calling: cd /usr/local/share/accelergy/estimation_plug_ins/accelergy-cacti-plug-in ; ./cacti -infile /usr/local/share/accelergy/estimation_plug_ins/accelergy-cacti-plug-in/cacti_inputs_outputs/tmp7g5_i5pi >> /usr/local/share/accelergy/estimation_plug_ins/accelergy-cacti-plug-in/cacti_inputs_outputs/tmp7s697qk1 2>&1
2026-06-28 19:20:53 INFO        | Cache bandwidth: 64.0 bytes/cycle
2026-06-28 19:20:53 INFO        | Cache bandwidth: 215697921801.07767 bits/second
2026-06-28 19:20:53 INFO        | Multiplying by n_instances 1
2026-06-28 19:20:53 INFO        
2026-06-28 19:20:53 INFO        AREA ESTIMATION for intadder(technology=45nm, width=7.6246189861593985, global_cycle_seconds=5e-10)
2026-06-28 19:20:53 INFO        Aladdin_table estimated 90.30408111732538u^2 with accuracy 70%. Messages:
2026-06-28 19:20:53 INFO        | Multiplying by n_instances 1
2026-06-28 19:20:53 INFO        flattened architecture is saved to:
2026-06-28 19:20:53 INFO        ./timeloop-mapper.flattened_architecture.yaml
2026-06-28 19:20:53 INFO        energy reference table is saved to:
2026-06-28 19:20:53 INFO        ./timeloop-mapper.ERT.yaml
2026-06-28 19:20:53 INFO        energy reference table summary is saved to:
2026-06-28 19:20:53 INFO        ./timeloop-mapper.ERT_summary.yaml
2026-06-28 19:20:53 WARNING     no runtime energy estimations are generated... not generating energy_estimation.yaml
2026-06-28 19:20:53 INFO        area reference table is saved to:
2026-06-28 19:20:53 INFO        ./timeloop-mapper.ART.yaml
2026-06-28 19:20:53 INFO        area reference table summary is saved to:
2026-06-28 19:20:53 INFO        ./timeloop-mapper.ART_summary.yaml
