2026-06-25 20:46:59 INFO            _                _                      
2026-06-25 20:46:59 INFO           / \   ___ ___ ___| | ___ _ __ __ _ _   _ 
2026-06-25 20:46:59 INFO          / _ \ / __/ __/ _ \ |/ _ \ '__/ _` | | | |
2026-06-25 20:46:59 INFO         / ___ \ (_| (_|  __/ |  __/ | | (_| | |_| |
2026-06-25 20:46:59 INFO        /_/   \_\___\___\___|_|\___|_|  \__, |\__, |
2026-06-25 20:46:59 INFO                                        |___/ |___/ 
2026-06-25 20:46:59 INFO        generating outputs according to the following specified output flags... 
2026-06-25 20:46:59 INFO         Please use the -f flag to update the preference (default to all output files)
2026-06-25 20:46:59 INFO        {'ERT': 1, 'ERT_summary': 1, 'ART': 1, 'ART_summary': 1, 'energy_estimation': 1, 'flattened_arch': 1}
2026-06-25 20:46:59 INFO        Located config file at /root/.config/accelergy/accelergy_config.yaml.
2026-06-25 20:46:59 INFO        config file located:
2026-06-25 20:46:59 INFO        /root/.config/accelergy/accelergy_config.yaml
2026-06-25 20:46:59 INFO        Parsing file /app/Examples/VGG_Simba/simba_like/arch/simba_like.yaml for architecture info
2026-06-25 20:46:59 WARNING     File /app/Examples/VGG_Simba/simba_like/arch/simba_like.yaml is outdated. File version is 0.3, while the latest version is 0.4. 
2026-06-25 20:46:59 WARNING      Please update the file to the latest version.
2026-06-25 20:46:59 WARNING     Evaluation of "45nm" failed.
2026-06-25 20:46:59 WARNING     Failed to evaluate: 45nm
2026-06-25 20:46:59 WARNING     Location: arch attribute "technology"
2026-06-25 20:46:59 WARNING     Problem encountered: SyntaxError: invalid decimal literal (<string>, line 1)
2026-06-25 20:46:59 WARNING     Available bindings: 
2026-06-25 20:46:59 WARNING     	datawidth = 16
2026-06-25 20:46:59 WARNING     	word-bits = 16
2026-06-25 20:46:59 WARNING     Failed to evaluate: 45nm
2026-06-25 20:46:59 WARNING     Location: arch attribute "technology"
2026-06-25 20:46:59 WARNING     Problem encountered: SyntaxError: invalid decimal literal (<string>, line 1)
2026-06-25 20:46:59 WARNING     Please ensure that the expression used is a valid Python expression.
2026-06-25 20:46:59 WARNING     The following may have been used in the expression:
2026-06-25 20:46:59 WARNING     	nm = UNDEFINED
2026-06-25 20:46:59 WARNING     Strings are allowed here. If you meant to enter a string, please wrap the
2026-06-25 20:46:59 WARNING     expression in single or double quotes:
2026-06-25 20:46:59 WARNING         Found expression: 45nm
2026-06-25 20:46:59 WARNING         Expression as valid string: "45nm"
2026-06-25 20:46:59 WARNING     Expression will be treated as a string. This will be deprecated in version
2026-06-25 20:46:59 WARNING     0.4. Please wrap quotes around the expression to specify a string.
2026-06-25 20:46:59 WARNING     Evaluation of "0.5ns" failed.
2026-06-25 20:46:59 WARNING     Failed to evaluate: 0.5ns
2026-06-25 20:46:59 WARNING     Location: arch attribute "latency"
2026-06-25 20:46:59 WARNING     Problem encountered: SyntaxError: invalid decimal literal (<string>, line 1)
2026-06-25 20:46:59 WARNING     Available bindings: 
2026-06-25 20:46:59 WARNING     	datawidth = 16
2026-06-25 20:46:59 WARNING     	word-bits = 16
2026-06-25 20:46:59 WARNING     	technology = 45nm
2026-06-25 20:46:59 WARNING     Failed to evaluate: 0.5ns
2026-06-25 20:46:59 WARNING     Location: arch attribute "latency"
2026-06-25 20:46:59 WARNING     Problem encountered: SyntaxError: invalid decimal literal (<string>, line 1)
2026-06-25 20:46:59 WARNING     Please ensure that the expression used is a valid Python expression.
2026-06-25 20:46:59 WARNING     The following may have been used in the expression:
2026-06-25 20:46:59 WARNING     	ns = UNDEFINED
2026-06-25 20:46:59 WARNING     Strings are allowed here. If you meant to enter a string, please wrap the
2026-06-25 20:46:59 WARNING     expression in single or double quotes:
2026-06-25 20:46:59 WARNING         Found expression: 0.5ns
2026-06-25 20:46:59 WARNING         Expression as valid string: "0.5ns"
2026-06-25 20:46:59 WARNING     Expression will be treated as a string. This will be deprecated in version
2026-06-25 20:46:59 WARNING     0.4. Please wrap quotes around the expression to specify a string.
2026-06-25 20:46:59 WARNING     Evaluation of "45nm" failed.
2026-06-25 20:46:59 WARNING     Failed to evaluate: 45nm
2026-06-25 20:46:59 WARNING     Location: arch attribute "technology"
2026-06-25 20:46:59 WARNING     Problem encountered: SyntaxError: invalid decimal literal (<string>, line 1)
2026-06-25 20:46:59 WARNING     Available bindings: 
2026-06-25 20:46:59 WARNING     	datawidth = 16
2026-06-25 20:46:59 WARNING     	word-bits = 16
2026-06-25 20:46:59 WARNING     Failed to evaluate: 45nm
2026-06-25 20:46:59 WARNING     Location: arch attribute "technology"
2026-06-25 20:46:59 WARNING     Problem encountered: SyntaxError: invalid decimal literal (<string>, line 1)
2026-06-25 20:46:59 WARNING     Please ensure that the expression used is a valid Python expression.
2026-06-25 20:46:59 WARNING     The following may have been used in the expression:
2026-06-25 20:46:59 WARNING     	nm = UNDEFINED
2026-06-25 20:46:59 WARNING     Strings are allowed here. If you meant to enter a string, please wrap the
2026-06-25 20:46:59 WARNING     expression in single or double quotes:
2026-06-25 20:46:59 WARNING         Found expression: 45nm
2026-06-25 20:46:59 WARNING         Expression as valid string: "45nm"
2026-06-25 20:46:59 WARNING     Expression will be treated as a string. This will be deprecated in version
2026-06-25 20:46:59 WARNING     0.4. Please wrap quotes around the expression to specify a string.
2026-06-25 20:46:59 WARNING     Evaluation of "0.5ns" failed.
2026-06-25 20:46:59 WARNING     Failed to evaluate: 0.5ns
2026-06-25 20:46:59 WARNING     Location: arch attribute "latency"
2026-06-25 20:46:59 WARNING     Problem encountered: SyntaxError: invalid decimal literal (<string>, line 1)
2026-06-25 20:46:59 WARNING     Available bindings: 
2026-06-25 20:46:59 WARNING     	datawidth = 16
2026-06-25 20:46:59 WARNING     	word-bits = 16
2026-06-25 20:46:59 WARNING     	technology = 45nm
2026-06-25 20:46:59 WARNING     Failed to evaluate: 0.5ns
2026-06-25 20:46:59 WARNING     Location: arch attribute "latency"
2026-06-25 20:46:59 WARNING     Problem encountered: SyntaxError: invalid decimal literal (<string>, line 1)
2026-06-25 20:46:59 WARNING     Please ensure that the expression used is a valid Python expression.
2026-06-25 20:46:59 WARNING     The following may have been used in the expression:
2026-06-25 20:46:59 WARNING     	ns = UNDEFINED
2026-06-25 20:46:59 WARNING     Strings are allowed here. If you meant to enter a string, please wrap the
2026-06-25 20:46:59 WARNING     expression in single or double quotes:
2026-06-25 20:46:59 WARNING         Found expression: 0.5ns
2026-06-25 20:46:59 WARNING         Expression as valid string: "0.5ns"
2026-06-25 20:46:59 WARNING     Expression will be treated as a string. This will be deprecated in version
2026-06-25 20:46:59 WARNING     0.4. Please wrap quotes around the expression to specify a string.
2026-06-25 20:46:59 INFO        Calculated arch attribute "global_cycle_seconds" as "0.5e-9" = 5e-10.
2026-06-25 20:46:59 WARNING     Evaluation of "45nm" failed.
2026-06-25 20:46:59 WARNING     Failed to evaluate: 45nm
2026-06-25 20:46:59 WARNING     Location: arch attribute "technology"
2026-06-25 20:46:59 WARNING     Problem encountered: SyntaxError: invalid decimal literal (<string>, line 1)
2026-06-25 20:46:59 WARNING     Available bindings: 
2026-06-25 20:46:59 WARNING     	datawidth = 16
2026-06-25 20:46:59 WARNING     	word-bits = 16
2026-06-25 20:46:59 WARNING     Failed to evaluate: 45nm
2026-06-25 20:46:59 WARNING     Location: arch attribute "technology"
2026-06-25 20:46:59 WARNING     Problem encountered: SyntaxError: invalid decimal literal (<string>, line 1)
2026-06-25 20:46:59 WARNING     Please ensure that the expression used is a valid Python expression.
2026-06-25 20:46:59 WARNING     The following may have been used in the expression:
2026-06-25 20:46:59 WARNING     	nm = UNDEFINED
2026-06-25 20:46:59 WARNING     Strings are allowed here. If you meant to enter a string, please wrap the
2026-06-25 20:46:59 WARNING     expression in single or double quotes:
2026-06-25 20:46:59 WARNING         Found expression: 45nm
2026-06-25 20:46:59 WARNING         Expression as valid string: "45nm"
2026-06-25 20:46:59 WARNING     Expression will be treated as a string. This will be deprecated in version
2026-06-25 20:46:59 WARNING     0.4. Please wrap quotes around the expression to specify a string.
2026-06-25 20:46:59 WARNING     Evaluation of "0.5ns" failed.
2026-06-25 20:46:59 WARNING     Failed to evaluate: 0.5ns
2026-06-25 20:46:59 WARNING     Location: arch attribute "latency"
2026-06-25 20:46:59 WARNING     Problem encountered: SyntaxError: invalid decimal literal (<string>, line 1)
2026-06-25 20:46:59 WARNING     Available bindings: 
2026-06-25 20:46:59 WARNING     	datawidth = 16
2026-06-25 20:46:59 WARNING     	word-bits = 16
2026-06-25 20:46:59 WARNING     	technology = 45nm
2026-06-25 20:46:59 WARNING     Failed to evaluate: 0.5ns
2026-06-25 20:46:59 WARNING     Location: arch attribute "latency"
2026-06-25 20:46:59 WARNING     Problem encountered: SyntaxError: invalid decimal literal (<string>, line 1)
2026-06-25 20:46:59 WARNING     Please ensure that the expression used is a valid Python expression.
2026-06-25 20:46:59 WARNING     The following may have been used in the expression:
2026-06-25 20:46:59 WARNING     	ns = UNDEFINED
2026-06-25 20:46:59 WARNING     Strings are allowed here. If you meant to enter a string, please wrap the
2026-06-25 20:46:59 WARNING     expression in single or double quotes:
2026-06-25 20:46:59 WARNING         Found expression: 0.5ns
2026-06-25 20:46:59 WARNING         Expression as valid string: "0.5ns"
2026-06-25 20:46:59 WARNING     Expression will be treated as a string. This will be deprecated in version
2026-06-25 20:46:59 WARNING     0.4. Please wrap quotes around the expression to specify a string.
2026-06-25 20:46:59 WARNING     Evaluation of "45nm" failed.
2026-06-25 20:46:59 WARNING     Failed to evaluate: 45nm
2026-06-25 20:46:59 WARNING     Location: arch attribute "technology"
2026-06-25 20:46:59 WARNING     Problem encountered: SyntaxError: invalid decimal literal (<string>, line 1)
2026-06-25 20:46:59 WARNING     Available bindings: 
2026-06-25 20:46:59 WARNING     	memory_depth = 1024
2026-06-25 20:46:59 WARNING     	memory_width = 128
2026-06-25 20:46:59 WARNING     	word-bits = 16
2026-06-25 20:46:59 WARNING     	cluster-size = 1
2026-06-25 20:46:59 WARNING     	meshX = 16
2026-06-25 20:46:59 WARNING     	datawidth = 16
2026-06-25 20:46:59 WARNING     Failed to evaluate: 45nm
2026-06-25 20:46:59 WARNING     Location: arch attribute "technology"
2026-06-25 20:46:59 WARNING     Problem encountered: SyntaxError: invalid decimal literal (<string>, line 1)
2026-06-25 20:46:59 WARNING     Please ensure that the expression used is a valid Python expression.
2026-06-25 20:46:59 WARNING     The following may have been used in the expression:
2026-06-25 20:46:59 WARNING     	nm = UNDEFINED
2026-06-25 20:46:59 WARNING     Strings are allowed here. If you meant to enter a string, please wrap the
2026-06-25 20:46:59 WARNING     expression in single or double quotes:
2026-06-25 20:46:59 WARNING         Found expression: 45nm
2026-06-25 20:46:59 WARNING         Expression as valid string: "45nm"
2026-06-25 20:46:59 WARNING     Expression will be treated as a string. This will be deprecated in version
2026-06-25 20:46:59 WARNING     0.4. Please wrap quotes around the expression to specify a string.
2026-06-25 20:46:59 WARNING     Evaluation of "0.5ns" failed.
2026-06-25 20:46:59 WARNING     Failed to evaluate: 0.5ns
2026-06-25 20:46:59 WARNING     Location: arch attribute "latency"
2026-06-25 20:46:59 WARNING     Problem encountered: SyntaxError: invalid decimal literal (<string>, line 1)
2026-06-25 20:46:59 WARNING     Available bindings: 
2026-06-25 20:46:59 WARNING     	memory_depth = 1024
2026-06-25 20:46:59 WARNING     	memory_width = 128
2026-06-25 20:46:59 WARNING     	word-bits = 16
2026-06-25 20:46:59 WARNING     	cluster-size = 1
2026-06-25 20:46:59 WARNING     	meshX = 16
2026-06-25 20:46:59 WARNING     	datawidth = 16
2026-06-25 20:46:59 WARNING     	technology = 45nm
2026-06-25 20:46:59 WARNING     Failed to evaluate: 0.5ns
2026-06-25 20:46:59 WARNING     Location: arch attribute "latency"
2026-06-25 20:46:59 WARNING     Problem encountered: SyntaxError: invalid decimal literal (<string>, line 1)
2026-06-25 20:46:59 WARNING     Please ensure that the expression used is a valid Python expression.
2026-06-25 20:46:59 WARNING     The following may have been used in the expression:
2026-06-25 20:46:59 WARNING     	ns = UNDEFINED
2026-06-25 20:46:59 WARNING     Strings are allowed here. If you meant to enter a string, please wrap the
2026-06-25 20:46:59 WARNING     expression in single or double quotes:
2026-06-25 20:46:59 WARNING         Found expression: 0.5ns
2026-06-25 20:46:59 WARNING         Expression as valid string: "0.5ns"
2026-06-25 20:46:59 WARNING     Expression will be treated as a string. This will be deprecated in version
2026-06-25 20:46:59 WARNING     0.4. Please wrap quotes around the expression to specify a string.
2026-06-25 20:46:59 WARNING     Evaluation of "45nm" failed.
2026-06-25 20:46:59 WARNING     Failed to evaluate: 45nm
2026-06-25 20:46:59 WARNING     Location: arch attribute "technology"
2026-06-25 20:46:59 WARNING     Problem encountered: SyntaxError: invalid decimal literal (<string>, line 1)
2026-06-25 20:46:59 WARNING     Available bindings: 
2026-06-25 20:46:59 WARNING     	memory_depth = 512
2026-06-25 20:46:59 WARNING     	memory_width = 128
2026-06-25 20:46:59 WARNING     	word-bits = 16
2026-06-25 20:46:59 WARNING     	meshX = 16
2026-06-25 20:46:59 WARNING     	cluster-size = 1
2026-06-25 20:46:59 WARNING     	n_banks = 1
2026-06-25 20:46:59 WARNING     	datawidth = 16
2026-06-25 20:46:59 WARNING     Failed to evaluate: 45nm
2026-06-25 20:46:59 WARNING     Location: arch attribute "technology"
2026-06-25 20:46:59 WARNING     Problem encountered: SyntaxError: invalid decimal literal (<string>, line 1)
2026-06-25 20:46:59 WARNING     Please ensure that the expression used is a valid Python expression.
2026-06-25 20:46:59 WARNING     The following may have been used in the expression:
2026-06-25 20:46:59 WARNING     	nm = UNDEFINED
2026-06-25 20:46:59 WARNING     Strings are allowed here. If you meant to enter a string, please wrap the
2026-06-25 20:46:59 WARNING     expression in single or double quotes:
2026-06-25 20:46:59 WARNING         Found expression: 45nm
2026-06-25 20:46:59 WARNING         Expression as valid string: "45nm"
2026-06-25 20:46:59 WARNING     Expression will be treated as a string. This will be deprecated in version
2026-06-25 20:46:59 WARNING     0.4. Please wrap quotes around the expression to specify a string.
2026-06-25 20:46:59 WARNING     Evaluation of "0.5ns" failed.
2026-06-25 20:46:59 WARNING     Failed to evaluate: 0.5ns
2026-06-25 20:46:59 WARNING     Location: arch attribute "latency"
2026-06-25 20:46:59 WARNING     Problem encountered: SyntaxError: invalid decimal literal (<string>, line 1)
2026-06-25 20:46:59 WARNING     Available bindings: 
2026-06-25 20:46:59 WARNING     	memory_depth = 512
2026-06-25 20:46:59 WARNING     	memory_width = 128
2026-06-25 20:46:59 WARNING     	word-bits = 16
2026-06-25 20:46:59 WARNING     	meshX = 16
2026-06-25 20:46:59 WARNING     	cluster-size = 1
2026-06-25 20:46:59 WARNING     	n_banks = 1
2026-06-25 20:46:59 WARNING     	datawidth = 16
2026-06-25 20:46:59 WARNING     	technology = 45nm
2026-06-25 20:46:59 WARNING     Failed to evaluate: 0.5ns
2026-06-25 20:46:59 WARNING     Location: arch attribute "latency"
2026-06-25 20:46:59 WARNING     Problem encountered: SyntaxError: invalid decimal literal (<string>, line 1)
2026-06-25 20:46:59 WARNING     Please ensure that the expression used is a valid Python expression.
2026-06-25 20:46:59 WARNING     The following may have been used in the expression:
2026-06-25 20:46:59 WARNING     	ns = UNDEFINED
2026-06-25 20:46:59 WARNING     Strings are allowed here. If you meant to enter a string, please wrap the
2026-06-25 20:46:59 WARNING     expression in single or double quotes:
2026-06-25 20:46:59 WARNING         Found expression: 0.5ns
2026-06-25 20:46:59 WARNING         Expression as valid string: "0.5ns"
2026-06-25 20:46:59 WARNING     Expression will be treated as a string. This will be deprecated in version
2026-06-25 20:46:59 WARNING     0.4. Please wrap quotes around the expression to specify a string.
2026-06-25 20:46:59 WARNING     Evaluation of "45nm" failed.
2026-06-25 20:46:59 WARNING     Failed to evaluate: 45nm
2026-06-25 20:46:59 WARNING     Location: arch attribute "technology"
2026-06-25 20:46:59 WARNING     Problem encountered: SyntaxError: invalid decimal literal (<string>, line 1)
2026-06-25 20:46:59 WARNING     Available bindings: 
2026-06-25 20:46:59 WARNING     	memory_depth = 64
2026-06-25 20:46:59 WARNING     	memory_width = 64
2026-06-25 20:46:59 WARNING     	cluster-size = 1
2026-06-25 20:46:59 WARNING     	word-bits = 32
2026-06-25 20:46:59 WARNING     	meshX = 16
2026-06-25 20:46:59 WARNING     	datawidth = 16
2026-06-25 20:46:59 WARNING     Failed to evaluate: 45nm
2026-06-25 20:46:59 WARNING     Location: arch attribute "technology"
2026-06-25 20:46:59 WARNING     Problem encountered: SyntaxError: invalid decimal literal (<string>, line 1)
2026-06-25 20:46:59 WARNING     Please ensure that the expression used is a valid Python expression.
2026-06-25 20:46:59 WARNING     The following may have been used in the expression:
2026-06-25 20:46:59 WARNING     	nm = UNDEFINED
2026-06-25 20:46:59 WARNING     Strings are allowed here. If you meant to enter a string, please wrap the
2026-06-25 20:46:59 WARNING     expression in single or double quotes:
2026-06-25 20:46:59 WARNING         Found expression: 45nm
2026-06-25 20:46:59 WARNING         Expression as valid string: "45nm"
2026-06-25 20:46:59 WARNING     Expression will be treated as a string. This will be deprecated in version
2026-06-25 20:46:59 WARNING     0.4. Please wrap quotes around the expression to specify a string.
2026-06-25 20:46:59 WARNING     Evaluation of "0.5ns" failed.
2026-06-25 20:46:59 WARNING     Failed to evaluate: 0.5ns
2026-06-25 20:46:59 WARNING     Location: arch attribute "latency"
2026-06-25 20:46:59 WARNING     Problem encountered: SyntaxError: invalid decimal literal (<string>, line 1)
2026-06-25 20:46:59 WARNING     Available bindings: 
2026-06-25 20:46:59 WARNING     	memory_depth = 64
2026-06-25 20:46:59 WARNING     	memory_width = 64
2026-06-25 20:46:59 WARNING     	cluster-size = 1
2026-06-25 20:46:59 WARNING     	word-bits = 32
2026-06-25 20:46:59 WARNING     	meshX = 16
2026-06-25 20:46:59 WARNING     	datawidth = 16
2026-06-25 20:46:59 WARNING     	technology = 45nm
2026-06-25 20:46:59 WARNING     Failed to evaluate: 0.5ns
2026-06-25 20:46:59 WARNING     Location: arch attribute "latency"
2026-06-25 20:46:59 WARNING     Problem encountered: SyntaxError: invalid decimal literal (<string>, line 1)
2026-06-25 20:46:59 WARNING     Please ensure that the expression used is a valid Python expression.
2026-06-25 20:46:59 WARNING     The following may have been used in the expression:
2026-06-25 20:46:59 WARNING     	ns = UNDEFINED
2026-06-25 20:46:59 WARNING     Strings are allowed here. If you meant to enter a string, please wrap the
2026-06-25 20:46:59 WARNING     expression in single or double quotes:
2026-06-25 20:46:59 WARNING         Found expression: 0.5ns
2026-06-25 20:46:59 WARNING         Expression as valid string: "0.5ns"
2026-06-25 20:46:59 WARNING     Expression will be treated as a string. This will be deprecated in version
2026-06-25 20:46:59 WARNING     0.4. Please wrap quotes around the expression to specify a string.
2026-06-25 20:46:59 WARNING     Evaluation of "45nm" failed.
2026-06-25 20:46:59 WARNING     Failed to evaluate: 45nm
2026-06-25 20:46:59 WARNING     Location: arch attribute "technology"
2026-06-25 20:46:59 WARNING     Problem encountered: SyntaxError: invalid decimal literal (<string>, line 1)
2026-06-25 20:46:59 WARNING     Available bindings: 
2026-06-25 20:46:59 WARNING     	memory_depth = 1
2026-06-25 20:46:59 WARNING     	memory_width = 32
2026-06-25 20:46:59 WARNING     	word-bits = 16
2026-06-25 20:46:59 WARNING     	cluster-size = 1
2026-06-25 20:46:59 WARNING     	num-ports = 2
2026-06-25 20:46:59 WARNING     	meshX = 16
2026-06-25 20:46:59 WARNING     	datawidth = 16
2026-06-25 20:46:59 WARNING     Failed to evaluate: 45nm
2026-06-25 20:46:59 WARNING     Location: arch attribute "technology"
2026-06-25 20:46:59 WARNING     Problem encountered: SyntaxError: invalid decimal literal (<string>, line 1)
2026-06-25 20:46:59 WARNING     Please ensure that the expression used is a valid Python expression.
2026-06-25 20:46:59 WARNING     The following may have been used in the expression:
2026-06-25 20:46:59 WARNING     	nm = UNDEFINED
2026-06-25 20:46:59 WARNING     Strings are allowed here. If you meant to enter a string, please wrap the
2026-06-25 20:46:59 WARNING     expression in single or double quotes:
2026-06-25 20:46:59 WARNING         Found expression: 45nm
2026-06-25 20:46:59 WARNING         Expression as valid string: "45nm"
2026-06-25 20:46:59 WARNING     Expression will be treated as a string. This will be deprecated in version
2026-06-25 20:46:59 WARNING     0.4. Please wrap quotes around the expression to specify a string.
2026-06-25 20:46:59 WARNING     Evaluation of "0.5ns" failed.
2026-06-25 20:46:59 WARNING     Failed to evaluate: 0.5ns
2026-06-25 20:46:59 WARNING     Location: arch attribute "latency"
2026-06-25 20:46:59 WARNING     Problem encountered: SyntaxError: invalid decimal literal (<string>, line 1)
2026-06-25 20:46:59 WARNING     Available bindings: 
2026-06-25 20:46:59 WARNING     	memory_depth = 1
2026-06-25 20:46:59 WARNING     	memory_width = 32
2026-06-25 20:46:59 WARNING     	word-bits = 16
2026-06-25 20:46:59 WARNING     	cluster-size = 1
2026-06-25 20:46:59 WARNING     	num-ports = 2
2026-06-25 20:46:59 WARNING     	meshX = 16
2026-06-25 20:46:59 WARNING     	datawidth = 16
2026-06-25 20:46:59 WARNING     	technology = 45nm
2026-06-25 20:46:59 WARNING     Failed to evaluate: 0.5ns
2026-06-25 20:46:59 WARNING     Location: arch attribute "latency"
2026-06-25 20:46:59 WARNING     Problem encountered: SyntaxError: invalid decimal literal (<string>, line 1)
2026-06-25 20:46:59 WARNING     Please ensure that the expression used is a valid Python expression.
2026-06-25 20:46:59 WARNING     The following may have been used in the expression:
2026-06-25 20:46:59 WARNING     	ns = UNDEFINED
2026-06-25 20:46:59 WARNING     Strings are allowed here. If you meant to enter a string, please wrap the
2026-06-25 20:46:59 WARNING     expression in single or double quotes:
2026-06-25 20:46:59 WARNING         Found expression: 0.5ns
2026-06-25 20:46:59 WARNING         Expression as valid string: "0.5ns"
2026-06-25 20:46:59 WARNING     Expression will be treated as a string. This will be deprecated in version
2026-06-25 20:46:59 WARNING     0.4. Please wrap quotes around the expression to specify a string.
2026-06-25 20:46:59 WARNING     Evaluation of "0.5ns" failed.
2026-06-25 20:46:59 WARNING     Failed to evaluate: 0.5ns
2026-06-25 20:46:59 WARNING     Location: arch attribute "latency"
2026-06-25 20:46:59 WARNING     Problem encountered: SyntaxError: invalid decimal literal (<string>, line 1)
2026-06-25 20:46:59 WARNING     Available bindings: 
2026-06-25 20:46:59 WARNING     Failed to evaluate: 0.5ns
2026-06-25 20:46:59 WARNING     Location: arch attribute "latency"
2026-06-25 20:46:59 WARNING     Problem encountered: SyntaxError: invalid decimal literal (<string>, line 1)
2026-06-25 20:46:59 WARNING     Please ensure that the expression used is a valid Python expression.
2026-06-25 20:46:59 WARNING     The following may have been used in the expression:
2026-06-25 20:46:59 WARNING     	ns = UNDEFINED
2026-06-25 20:46:59 WARNING     Strings are allowed here. If you meant to enter a string, please wrap the
2026-06-25 20:46:59 WARNING     expression in single or double quotes:
2026-06-25 20:46:59 WARNING         Found expression: 0.5ns
2026-06-25 20:46:59 WARNING         Expression as valid string: "0.5ns"
2026-06-25 20:46:59 WARNING     Expression will be treated as a string. This will be deprecated in version
2026-06-25 20:46:59 WARNING     0.4. Please wrap quotes around the expression to specify a string.
2026-06-25 20:46:59 WARNING     Evaluation of "45nm" failed.
2026-06-25 20:46:59 WARNING     Failed to evaluate: 45nm
2026-06-25 20:46:59 WARNING     Location: arch attribute "technology"
2026-06-25 20:46:59 WARNING     Problem encountered: SyntaxError: invalid decimal literal (<string>, line 1)
2026-06-25 20:46:59 WARNING     Available bindings: 
2026-06-25 20:46:59 WARNING     	latency = 0.5ns
2026-06-25 20:46:59 WARNING     	datawidth = 16
2026-06-25 20:46:59 WARNING     	meshX = 16
2026-06-25 20:46:59 WARNING     	word-bits = 16
2026-06-25 20:46:59 WARNING     Failed to evaluate: 45nm
2026-06-25 20:46:59 WARNING     Location: arch attribute "technology"
2026-06-25 20:46:59 WARNING     Problem encountered: SyntaxError: invalid decimal literal (<string>, line 1)
2026-06-25 20:46:59 WARNING     Please ensure that the expression used is a valid Python expression.
2026-06-25 20:46:59 WARNING     The following may have been used in the expression:
2026-06-25 20:46:59 WARNING     	nm = UNDEFINED
2026-06-25 20:46:59 WARNING     Strings are allowed here. If you meant to enter a string, please wrap the
2026-06-25 20:46:59 WARNING     expression in single or double quotes:
2026-06-25 20:46:59 WARNING         Found expression: 45nm
2026-06-25 20:46:59 WARNING         Expression as valid string: "45nm"
2026-06-25 20:46:59 WARNING     Expression will be treated as a string. This will be deprecated in version
2026-06-25 20:46:59 WARNING     0.4. Please wrap quotes around the expression to specify a string.
2026-06-25 20:46:59 WARNING     Evaluation of "45nm" failed.
2026-06-25 20:46:59 WARNING     Failed to evaluate: 45nm
2026-06-25 20:46:59 WARNING     Location: arch attribute "technology"
2026-06-25 20:46:59 WARNING     Problem encountered: SyntaxError: invalid decimal literal (<string>, line 1)
2026-06-25 20:46:59 WARNING     Available bindings: 
2026-06-25 20:46:59 WARNING     	memory_depth = 2048
2026-06-25 20:46:59 WARNING     	memory_width = 512
2026-06-25 20:46:59 WARNING     	word-bits = 16
2026-06-25 20:46:59 WARNING     	cluster-size = 1
2026-06-25 20:46:59 WARNING     	nports = 2
2026-06-25 20:46:59 WARNING     	meshX = 1
2026-06-25 20:46:59 WARNING     	datawidth = 16
2026-06-25 20:46:59 WARNING     Failed to evaluate: 45nm
2026-06-25 20:46:59 WARNING     Location: arch attribute "technology"
2026-06-25 20:46:59 WARNING     Problem encountered: SyntaxError: invalid decimal literal (<string>, line 1)
2026-06-25 20:46:59 WARNING     Please ensure that the expression used is a valid Python expression.
2026-06-25 20:46:59 WARNING     The following may have been used in the expression:
2026-06-25 20:46:59 WARNING     	nm = UNDEFINED
2026-06-25 20:46:59 WARNING     Strings are allowed here. If you meant to enter a string, please wrap the
2026-06-25 20:46:59 WARNING     expression in single or double quotes:
2026-06-25 20:46:59 WARNING         Found expression: 45nm
2026-06-25 20:46:59 WARNING         Expression as valid string: "45nm"
2026-06-25 20:46:59 WARNING     Expression will be treated as a string. This will be deprecated in version
2026-06-25 20:46:59 WARNING     0.4. Please wrap quotes around the expression to specify a string.
2026-06-25 20:46:59 WARNING     Evaluation of "0.5ns" failed.
2026-06-25 20:46:59 WARNING     Failed to evaluate: 0.5ns
2026-06-25 20:46:59 WARNING     Location: arch attribute "latency"
2026-06-25 20:46:59 WARNING     Problem encountered: SyntaxError: invalid decimal literal (<string>, line 1)
2026-06-25 20:46:59 WARNING     Available bindings: 
2026-06-25 20:46:59 WARNING     	memory_depth = 2048
2026-06-25 20:46:59 WARNING     	memory_width = 512
2026-06-25 20:46:59 WARNING     	word-bits = 16
2026-06-25 20:46:59 WARNING     	cluster-size = 1
2026-06-25 20:46:59 WARNING     	nports = 2
2026-06-25 20:46:59 WARNING     	meshX = 1
2026-06-25 20:46:59 WARNING     	datawidth = 16
2026-06-25 20:46:59 WARNING     	technology = 45nm
2026-06-25 20:46:59 WARNING     Failed to evaluate: 0.5ns
2026-06-25 20:46:59 WARNING     Location: arch attribute "latency"
2026-06-25 20:46:59 WARNING     Problem encountered: SyntaxError: invalid decimal literal (<string>, line 1)
2026-06-25 20:46:59 WARNING     Please ensure that the expression used is a valid Python expression.
2026-06-25 20:46:59 WARNING     The following may have been used in the expression:
2026-06-25 20:46:59 WARNING     	ns = UNDEFINED
2026-06-25 20:46:59 WARNING     Strings are allowed here. If you meant to enter a string, please wrap the
2026-06-25 20:46:59 WARNING     expression in single or double quotes:
2026-06-25 20:46:59 WARNING         Found expression: 0.5ns
2026-06-25 20:46:59 WARNING         Expression as valid string: "0.5ns"
2026-06-25 20:46:59 WARNING     Expression will be treated as a string. This will be deprecated in version
2026-06-25 20:46:59 WARNING     0.4. Please wrap quotes around the expression to specify a string.
2026-06-25 20:46:59 WARNING     Evaluation of "DDR4" failed.
2026-06-25 20:46:59 WARNING     Failed to evaluate: DDR4
2026-06-25 20:46:59 WARNING     Location: arch attribute "type"
2026-06-25 20:46:59 WARNING     Problem encountered: NameError: Name 'DDR4' is not defined.
2026-06-25 20:46:59 WARNING     Available bindings: 
2026-06-25 20:46:59 WARNING     Failed to evaluate: DDR4
2026-06-25 20:46:59 WARNING     Location: arch attribute "type"
2026-06-25 20:46:59 WARNING     Problem encountered: NameError: Name 'DDR4' is not defined.
2026-06-25 20:46:59 WARNING     Please ensure that the expression used is a valid Python expression.
2026-06-25 20:46:59 WARNING     The following may have been used in the expression:
2026-06-25 20:46:59 WARNING     	DDR4 = UNDEFINED
2026-06-25 20:46:59 WARNING     Strings are allowed here. If you meant to enter a string, please wrap the
2026-06-25 20:46:59 WARNING     expression in single or double quotes:
2026-06-25 20:46:59 WARNING         Found expression: DDR4
2026-06-25 20:46:59 WARNING         Expression as valid string: "DDR4"
2026-06-25 20:46:59 WARNING     Expression will be treated as a string. This will be deprecated in version
2026-06-25 20:46:59 WARNING     0.4. Please wrap quotes around the expression to specify a string.
2026-06-25 20:46:59 WARNING     Evaluation of "45nm" failed.
2026-06-25 20:46:59 WARNING     Failed to evaluate: 45nm
2026-06-25 20:46:59 WARNING     Location: arch attribute "technology"
2026-06-25 20:46:59 WARNING     Problem encountered: SyntaxError: invalid decimal literal (<string>, line 1)
2026-06-25 20:46:59 WARNING     Available bindings: 
2026-06-25 20:46:59 WARNING     	type = DDR4
2026-06-25 20:46:59 WARNING     	width = 16
2026-06-25 20:46:59 WARNING     	block-size = 1
2026-06-25 20:46:59 WARNING     	word-bits = 16
2026-06-25 20:46:59 WARNING     	shared_bandwidth = 6
2026-06-25 20:46:59 WARNING     	datawidth = 16
2026-06-25 20:46:59 WARNING     Failed to evaluate: 45nm
2026-06-25 20:46:59 WARNING     Location: arch attribute "technology"
2026-06-25 20:46:59 WARNING     Problem encountered: SyntaxError: invalid decimal literal (<string>, line 1)
2026-06-25 20:46:59 WARNING     Please ensure that the expression used is a valid Python expression.
2026-06-25 20:46:59 WARNING     The following may have been used in the expression:
2026-06-25 20:46:59 WARNING     	nm = UNDEFINED
2026-06-25 20:46:59 WARNING     Strings are allowed here. If you meant to enter a string, please wrap the
2026-06-25 20:46:59 WARNING     expression in single or double quotes:
2026-06-25 20:46:59 WARNING         Found expression: 45nm
2026-06-25 20:46:59 WARNING         Expression as valid string: "45nm"
2026-06-25 20:46:59 WARNING     Expression will be treated as a string. This will be deprecated in version
2026-06-25 20:46:59 WARNING     0.4. Please wrap quotes around the expression to specify a string.
2026-06-25 20:46:59 WARNING     Evaluation of "0.5ns" failed.
2026-06-25 20:46:59 WARNING     Failed to evaluate: 0.5ns
2026-06-25 20:46:59 WARNING     Location: arch attribute "latency"
2026-06-25 20:46:59 WARNING     Problem encountered: SyntaxError: invalid decimal literal (<string>, line 1)
2026-06-25 20:46:59 WARNING     Available bindings: 
2026-06-25 20:46:59 WARNING     	type = DDR4
2026-06-25 20:46:59 WARNING     	width = 16
2026-06-25 20:46:59 WARNING     	block-size = 1
2026-06-25 20:46:59 WARNING     	word-bits = 16
2026-06-25 20:46:59 WARNING     	shared_bandwidth = 6
2026-06-25 20:46:59 WARNING     	datawidth = 16
2026-06-25 20:46:59 WARNING     	technology = 45nm
2026-06-25 20:46:59 WARNING     Failed to evaluate: 0.5ns
2026-06-25 20:46:59 WARNING     Location: arch attribute "latency"
2026-06-25 20:46:59 WARNING     Problem encountered: SyntaxError: invalid decimal literal (<string>, line 1)
2026-06-25 20:46:59 WARNING     Please ensure that the expression used is a valid Python expression.
2026-06-25 20:46:59 WARNING     The following may have been used in the expression:
2026-06-25 20:46:59 WARNING     	ns = UNDEFINED
2026-06-25 20:46:59 WARNING     Strings are allowed here. If you meant to enter a string, please wrap the
2026-06-25 20:46:59 WARNING     expression in single or double quotes:
2026-06-25 20:46:59 WARNING         Found expression: 0.5ns
2026-06-25 20:46:59 WARNING         Expression as valid string: "0.5ns"
2026-06-25 20:46:59 WARNING     Expression will be treated as a string. This will be deprecated in version
2026-06-25 20:46:59 WARNING     0.4. Please wrap quotes around the expression to specify a string.
2026-06-25 20:46:59 INFO        Calculated arch attribute "global_cycle_seconds" as "0.5e-9" = 5e-10.
2026-06-25 20:46:59 INFO        Parsing file /app/Examples/VGG_Simba/simba_like/arch/components/smartbuffer_RF.yaml for compound_components info
2026-06-25 20:46:59 WARNING     File /app/Examples/VGG_Simba/simba_like/arch/components/smartbuffer_RF.yaml is outdated. File version is 0.3, while the latest version is 0.4. 
2026-06-25 20:46:59 WARNING      Please update the file to the latest version.
2026-06-25 20:46:59 INFO        Parsing file /app/Examples/VGG_Simba/simba_like/arch/components/smartbuffer_SRAM.yaml for compound_components info
2026-06-25 20:46:59 WARNING     File /app/Examples/VGG_Simba/simba_like/arch/components/smartbuffer_SRAM.yaml is outdated. File version is 0.3, while the latest version is 0.4. 
2026-06-25 20:46:59 WARNING      Please update the file to the latest version.
2026-06-25 20:46:59 INFO        Parsing file /app/Examples/VGG_Simba/simba_like/arch/components/reg_storage.yaml for compound_components info
2026-06-25 20:46:59 WARNING     File /app/Examples/VGG_Simba/simba_like/arch/components/reg_storage.yaml is outdated. File version is 0.3, while the latest version is 0.4. 
2026-06-25 20:46:59 WARNING      Please update the file to the latest version.
2026-06-25 20:46:59 INFO        Parsing file /app/Examples/VGG_Simba/simba_like/arch/components/lmac.yaml for compound_components info
2026-06-25 20:46:59 WARNING     File /app/Examples/VGG_Simba/simba_like/arch/components/lmac.yaml is outdated. File version is 0.3, while the latest version is 0.4. 
2026-06-25 20:46:59 WARNING      Please update the file to the latest version.
2026-06-25 20:46:59 WARNING     Evaluation of "45nm" failed.
2026-06-25 20:46:59 WARNING     Failed to evaluate: 45nm
2026-06-25 20:46:59 WARNING     Location: Architecture class smartbuffer_SRAM attributes"technology"
2026-06-25 20:46:59 WARNING     Problem encountered: SyntaxError: invalid decimal literal (<string>, line 1)
2026-06-25 20:46:59 WARNING     Available bindings: 
2026-06-25 20:46:59 WARNING     	memory_depth = 1024
2026-06-25 20:46:59 WARNING     	memory_width = 128
2026-06-25 20:46:59 WARNING     	word-bits = 16
2026-06-25 20:46:59 WARNING     	cluster-size = 1
2026-06-25 20:46:59 WARNING     	meshX = 16
2026-06-25 20:46:59 WARNING     	datawidth = 16
2026-06-25 20:46:59 WARNING     Failed to evaluate: 45nm
2026-06-25 20:46:59 WARNING     Location: Architecture class smartbuffer_SRAM attributes"technology"
2026-06-25 20:46:59 WARNING     Problem encountered: SyntaxError: invalid decimal literal (<string>, line 1)
2026-06-25 20:46:59 WARNING     Please ensure that the expression used is a valid Python expression.
2026-06-25 20:46:59 WARNING     The following may have been used in the expression:
2026-06-25 20:46:59 WARNING     	nm = UNDEFINED
2026-06-25 20:46:59 WARNING     Strings are allowed here. If you meant to enter a string, please wrap the
2026-06-25 20:46:59 WARNING     expression in single or double quotes:
2026-06-25 20:46:59 WARNING         Found expression: 45nm
2026-06-25 20:46:59 WARNING         Expression as valid string: "45nm"
2026-06-25 20:46:59 WARNING     Expression will be treated as a string. This will be deprecated in version
2026-06-25 20:46:59 WARNING     0.4. Please wrap quotes around the expression to specify a string.
2026-06-25 20:46:59 WARNING     Evaluation of "0.5ns" failed.
2026-06-25 20:46:59 WARNING     Failed to evaluate: 0.5ns
2026-06-25 20:46:59 WARNING     Location: Architecture class smartbuffer_SRAM attributes"latency"
2026-06-25 20:46:59 WARNING     Problem encountered: SyntaxError: invalid decimal literal (<string>, line 1)
2026-06-25 20:46:59 WARNING     Available bindings: 
2026-06-25 20:46:59 WARNING     	memory_depth = 1024
2026-06-25 20:46:59 WARNING     	memory_width = 128
2026-06-25 20:46:59 WARNING     	word-bits = 16
2026-06-25 20:46:59 WARNING     	cluster-size = 1
2026-06-25 20:46:59 WARNING     	meshX = 16
2026-06-25 20:46:59 WARNING     	datawidth = 16
2026-06-25 20:46:59 WARNING     	technology = 45nm
2026-06-25 20:46:59 WARNING     Failed to evaluate: 0.5ns
2026-06-25 20:46:59 WARNING     Location: Architecture class smartbuffer_SRAM attributes"latency"
2026-06-25 20:46:59 WARNING     Problem encountered: SyntaxError: invalid decimal literal (<string>, line 1)
2026-06-25 20:46:59 WARNING     Please ensure that the expression used is a valid Python expression.
2026-06-25 20:46:59 WARNING     The following may have been used in the expression:
2026-06-25 20:46:59 WARNING     	ns = UNDEFINED
2026-06-25 20:46:59 WARNING     Strings are allowed here. If you meant to enter a string, please wrap the
2026-06-25 20:46:59 WARNING     expression in single or double quotes:
2026-06-25 20:46:59 WARNING         Found expression: 0.5ns
2026-06-25 20:46:59 WARNING         Expression as valid string: "0.5ns"
2026-06-25 20:46:59 WARNING     Expression will be treated as a string. This will be deprecated in version
2026-06-25 20:46:59 WARNING     0.4. Please wrap quotes around the expression to specify a string.
2026-06-25 20:46:59 WARNING     Evaluation of "45nm" failed.
2026-06-25 20:46:59 WARNING     Failed to evaluate: 45nm
2026-06-25 20:46:59 WARNING     Location: Architecture class smartbuffer_SRAM attributes"technology"
2026-06-25 20:46:59 WARNING     Problem encountered: SyntaxError: invalid decimal literal (<string>, line 1)
2026-06-25 20:46:59 WARNING     Available bindings: 
2026-06-25 20:46:59 WARNING     	memory_depth = 512
2026-06-25 20:46:59 WARNING     	memory_width = 128
2026-06-25 20:46:59 WARNING     	word-bits = 16
2026-06-25 20:46:59 WARNING     	meshX = 16
2026-06-25 20:46:59 WARNING     	cluster-size = 1
2026-06-25 20:46:59 WARNING     	n_banks = 1
2026-06-25 20:46:59 WARNING     	datawidth = 16
2026-06-25 20:46:59 WARNING     Failed to evaluate: 45nm
2026-06-25 20:46:59 WARNING     Location: Architecture class smartbuffer_SRAM attributes"technology"
2026-06-25 20:46:59 WARNING     Problem encountered: SyntaxError: invalid decimal literal (<string>, line 1)
2026-06-25 20:46:59 WARNING     Please ensure that the expression used is a valid Python expression.
2026-06-25 20:46:59 WARNING     The following may have been used in the expression:
2026-06-25 20:46:59 WARNING     	nm = UNDEFINED
2026-06-25 20:46:59 WARNING     Strings are allowed here. If you meant to enter a string, please wrap the
2026-06-25 20:46:59 WARNING     expression in single or double quotes:
2026-06-25 20:46:59 WARNING         Found expression: 45nm
2026-06-25 20:46:59 WARNING         Expression as valid string: "45nm"
2026-06-25 20:46:59 WARNING     Expression will be treated as a string. This will be deprecated in version
2026-06-25 20:46:59 WARNING     0.4. Please wrap quotes around the expression to specify a string.
2026-06-25 20:46:59 WARNING     Evaluation of "0.5ns" failed.
2026-06-25 20:46:59 WARNING     Failed to evaluate: 0.5ns
2026-06-25 20:46:59 WARNING     Location: Architecture class smartbuffer_SRAM attributes"latency"
2026-06-25 20:46:59 WARNING     Problem encountered: SyntaxError: invalid decimal literal (<string>, line 1)
2026-06-25 20:46:59 WARNING     Available bindings: 
2026-06-25 20:46:59 WARNING     	memory_depth = 512
2026-06-25 20:46:59 WARNING     	memory_width = 128
2026-06-25 20:46:59 WARNING     	word-bits = 16
2026-06-25 20:46:59 WARNING     	meshX = 16
2026-06-25 20:46:59 WARNING     	cluster-size = 1
2026-06-25 20:46:59 WARNING     	n_banks = 1
2026-06-25 20:46:59 WARNING     	datawidth = 16
2026-06-25 20:46:59 WARNING     	technology = 45nm
2026-06-25 20:46:59 WARNING     Failed to evaluate: 0.5ns
2026-06-25 20:46:59 WARNING     Location: Architecture class smartbuffer_SRAM attributes"latency"
2026-06-25 20:46:59 WARNING     Problem encountered: SyntaxError: invalid decimal literal (<string>, line 1)
2026-06-25 20:46:59 WARNING     Please ensure that the expression used is a valid Python expression.
2026-06-25 20:46:59 WARNING     The following may have been used in the expression:
2026-06-25 20:46:59 WARNING     	ns = UNDEFINED
2026-06-25 20:46:59 WARNING     Strings are allowed here. If you meant to enter a string, please wrap the
2026-06-25 20:46:59 WARNING     expression in single or double quotes:
2026-06-25 20:46:59 WARNING         Found expression: 0.5ns
2026-06-25 20:46:59 WARNING         Expression as valid string: "0.5ns"
2026-06-25 20:46:59 WARNING     Expression will be treated as a string. This will be deprecated in version
2026-06-25 20:46:59 WARNING     0.4. Please wrap quotes around the expression to specify a string.
2026-06-25 20:46:59 WARNING     Evaluation of "45nm" failed.
2026-06-25 20:46:59 WARNING     Failed to evaluate: 45nm
2026-06-25 20:46:59 WARNING     Location: Architecture class smartbuffer_SRAM attributes"technology"
2026-06-25 20:46:59 WARNING     Problem encountered: SyntaxError: invalid decimal literal (<string>, line 1)
2026-06-25 20:46:59 WARNING     Available bindings: 
2026-06-25 20:46:59 WARNING     	memory_depth = 64
2026-06-25 20:46:59 WARNING     	memory_width = 64
2026-06-25 20:46:59 WARNING     	cluster-size = 1
2026-06-25 20:46:59 WARNING     	word-bits = 32
2026-06-25 20:46:59 WARNING     	meshX = 16
2026-06-25 20:46:59 WARNING     	datawidth = 16
2026-06-25 20:46:59 WARNING     Failed to evaluate: 45nm
2026-06-25 20:46:59 WARNING     Location: Architecture class smartbuffer_SRAM attributes"technology"
2026-06-25 20:46:59 WARNING     Problem encountered: SyntaxError: invalid decimal literal (<string>, line 1)
2026-06-25 20:46:59 WARNING     Please ensure that the expression used is a valid Python expression.
2026-06-25 20:46:59 WARNING     The following may have been used in the expression:
2026-06-25 20:46:59 WARNING     	nm = UNDEFINED
2026-06-25 20:46:59 WARNING     Strings are allowed here. If you meant to enter a string, please wrap the
2026-06-25 20:46:59 WARNING     expression in single or double quotes:
2026-06-25 20:46:59 WARNING         Found expression: 45nm
2026-06-25 20:46:59 WARNING         Expression as valid string: "45nm"
2026-06-25 20:46:59 WARNING     Expression will be treated as a string. This will be deprecated in version
2026-06-25 20:46:59 WARNING     0.4. Please wrap quotes around the expression to specify a string.
2026-06-25 20:46:59 WARNING     Evaluation of "0.5ns" failed.
2026-06-25 20:46:59 WARNING     Failed to evaluate: 0.5ns
2026-06-25 20:46:59 WARNING     Location: Architecture class smartbuffer_SRAM attributes"latency"
2026-06-25 20:46:59 WARNING     Problem encountered: SyntaxError: invalid decimal literal (<string>, line 1)
2026-06-25 20:46:59 WARNING     Available bindings: 
2026-06-25 20:46:59 WARNING     	memory_depth = 64
2026-06-25 20:46:59 WARNING     	memory_width = 64
2026-06-25 20:46:59 WARNING     	cluster-size = 1
2026-06-25 20:46:59 WARNING     	word-bits = 32
2026-06-25 20:46:59 WARNING     	meshX = 16
2026-06-25 20:46:59 WARNING     	datawidth = 16
2026-06-25 20:46:59 WARNING     	technology = 45nm
2026-06-25 20:46:59 WARNING     Failed to evaluate: 0.5ns
2026-06-25 20:46:59 WARNING     Location: Architecture class smartbuffer_SRAM attributes"latency"
2026-06-25 20:46:59 WARNING     Problem encountered: SyntaxError: invalid decimal literal (<string>, line 1)
2026-06-25 20:46:59 WARNING     Please ensure that the expression used is a valid Python expression.
2026-06-25 20:46:59 WARNING     The following may have been used in the expression:
2026-06-25 20:46:59 WARNING     	ns = UNDEFINED
2026-06-25 20:46:59 WARNING     Strings are allowed here. If you meant to enter a string, please wrap the
2026-06-25 20:46:59 WARNING     expression in single or double quotes:
2026-06-25 20:46:59 WARNING         Found expression: 0.5ns
2026-06-25 20:46:59 WARNING         Expression as valid string: "0.5ns"
2026-06-25 20:46:59 WARNING     Expression will be treated as a string. This will be deprecated in version
2026-06-25 20:46:59 WARNING     0.4. Please wrap quotes around the expression to specify a string.
2026-06-25 20:46:59 WARNING     Evaluation of "45nm" failed.
2026-06-25 20:46:59 WARNING     Failed to evaluate: 45nm
2026-06-25 20:46:59 WARNING     Location: Architecture class smartbuffer_SRAM attributes"technology"
2026-06-25 20:46:59 WARNING     Problem encountered: SyntaxError: invalid decimal literal (<string>, line 1)
2026-06-25 20:46:59 WARNING     Available bindings: 
2026-06-25 20:46:59 WARNING     	memory_depth = 1
2026-06-25 20:46:59 WARNING     	memory_width = 32
2026-06-25 20:46:59 WARNING     	word-bits = 16
2026-06-25 20:46:59 WARNING     	cluster-size = 1
2026-06-25 20:46:59 WARNING     	num-ports = 2
2026-06-25 20:46:59 WARNING     	meshX = 16
2026-06-25 20:46:59 WARNING     	datawidth = 16
2026-06-25 20:46:59 WARNING     Failed to evaluate: 45nm
2026-06-25 20:46:59 WARNING     Location: Architecture class smartbuffer_SRAM attributes"technology"
2026-06-25 20:46:59 WARNING     Problem encountered: SyntaxError: invalid decimal literal (<string>, line 1)
2026-06-25 20:46:59 WARNING     Please ensure that the expression used is a valid Python expression.
2026-06-25 20:46:59 WARNING     The following may have been used in the expression:
2026-06-25 20:46:59 WARNING     	nm = UNDEFINED
2026-06-25 20:46:59 WARNING     Strings are allowed here. If you meant to enter a string, please wrap the
2026-06-25 20:46:59 WARNING     expression in single or double quotes:
2026-06-25 20:46:59 WARNING         Found expression: 45nm
2026-06-25 20:46:59 WARNING         Expression as valid string: "45nm"
2026-06-25 20:46:59 WARNING     Expression will be treated as a string. This will be deprecated in version
2026-06-25 20:46:59 WARNING     0.4. Please wrap quotes around the expression to specify a string.
2026-06-25 20:46:59 WARNING     Evaluation of "0.5ns" failed.
2026-06-25 20:46:59 WARNING     Failed to evaluate: 0.5ns
2026-06-25 20:46:59 WARNING     Location: Architecture class smartbuffer_SRAM attributes"latency"
2026-06-25 20:46:59 WARNING     Problem encountered: SyntaxError: invalid decimal literal (<string>, line 1)
2026-06-25 20:46:59 WARNING     Available bindings: 
2026-06-25 20:46:59 WARNING     	memory_depth = 1
2026-06-25 20:46:59 WARNING     	memory_width = 32
2026-06-25 20:46:59 WARNING     	word-bits = 16
2026-06-25 20:46:59 WARNING     	cluster-size = 1
2026-06-25 20:46:59 WARNING     	num-ports = 2
2026-06-25 20:46:59 WARNING     	meshX = 16
2026-06-25 20:46:59 WARNING     	datawidth = 16
2026-06-25 20:46:59 WARNING     	technology = 45nm
2026-06-25 20:46:59 WARNING     Failed to evaluate: 0.5ns
2026-06-25 20:46:59 WARNING     Location: Architecture class smartbuffer_SRAM attributes"latency"
2026-06-25 20:46:59 WARNING     Problem encountered: SyntaxError: invalid decimal literal (<string>, line 1)
2026-06-25 20:46:59 WARNING     Please ensure that the expression used is a valid Python expression.
2026-06-25 20:46:59 WARNING     The following may have been used in the expression:
2026-06-25 20:46:59 WARNING     	ns = UNDEFINED
2026-06-25 20:46:59 WARNING     Strings are allowed here. If you meant to enter a string, please wrap the
2026-06-25 20:46:59 WARNING     expression in single or double quotes:
2026-06-25 20:46:59 WARNING         Found expression: 0.5ns
2026-06-25 20:46:59 WARNING         Expression as valid string: "0.5ns"
2026-06-25 20:46:59 WARNING     Expression will be treated as a string. This will be deprecated in version
2026-06-25 20:46:59 WARNING     0.4. Please wrap quotes around the expression to specify a string.
2026-06-25 20:46:59 WARNING     Evaluation of "0.5ns" failed.
2026-06-25 20:46:59 WARNING     Failed to evaluate: 0.5ns
2026-06-25 20:46:59 WARNING     Location: Architecture class lmac attributes"latency"
2026-06-25 20:46:59 WARNING     Problem encountered: SyntaxError: invalid decimal literal (<string>, line 1)
2026-06-25 20:46:59 WARNING     Available bindings: 
2026-06-25 20:46:59 WARNING     Failed to evaluate: 0.5ns
2026-06-25 20:46:59 WARNING     Location: Architecture class lmac attributes"latency"
2026-06-25 20:46:59 WARNING     Problem encountered: SyntaxError: invalid decimal literal (<string>, line 1)
2026-06-25 20:46:59 WARNING     Please ensure that the expression used is a valid Python expression.
2026-06-25 20:46:59 WARNING     The following may have been used in the expression:
2026-06-25 20:46:59 WARNING     	ns = UNDEFINED
2026-06-25 20:46:59 WARNING     Strings are allowed here. If you meant to enter a string, please wrap the
2026-06-25 20:46:59 WARNING     expression in single or double quotes:
2026-06-25 20:46:59 WARNING         Found expression: 0.5ns
2026-06-25 20:46:59 WARNING         Expression as valid string: "0.5ns"
2026-06-25 20:46:59 WARNING     Expression will be treated as a string. This will be deprecated in version
2026-06-25 20:46:59 WARNING     0.4. Please wrap quotes around the expression to specify a string.
2026-06-25 20:46:59 WARNING     Evaluation of "45nm" failed.
2026-06-25 20:46:59 WARNING     Failed to evaluate: 45nm
2026-06-25 20:46:59 WARNING     Location: Architecture class lmac attributes"technology"
2026-06-25 20:46:59 WARNING     Problem encountered: SyntaxError: invalid decimal literal (<string>, line 1)
2026-06-25 20:46:59 WARNING     Available bindings: 
2026-06-25 20:46:59 WARNING     	latency = 0.5ns
2026-06-25 20:46:59 WARNING     	datawidth = 16
2026-06-25 20:46:59 WARNING     	meshX = 16
2026-06-25 20:46:59 WARNING     	word-bits = 16
2026-06-25 20:46:59 WARNING     Failed to evaluate: 45nm
2026-06-25 20:46:59 WARNING     Location: Architecture class lmac attributes"technology"
2026-06-25 20:46:59 WARNING     Problem encountered: SyntaxError: invalid decimal literal (<string>, line 1)
2026-06-25 20:46:59 WARNING     Please ensure that the expression used is a valid Python expression.
2026-06-25 20:46:59 WARNING     The following may have been used in the expression:
2026-06-25 20:46:59 WARNING     	nm = UNDEFINED
2026-06-25 20:46:59 WARNING     Strings are allowed here. If you meant to enter a string, please wrap the
2026-06-25 20:46:59 WARNING     expression in single or double quotes:
2026-06-25 20:46:59 WARNING         Found expression: 45nm
2026-06-25 20:46:59 WARNING         Expression as valid string: "45nm"
2026-06-25 20:46:59 WARNING     Expression will be treated as a string. This will be deprecated in version
2026-06-25 20:46:59 WARNING     0.4. Please wrap quotes around the expression to specify a string.
2026-06-25 20:46:59 WARNING     Evaluation of "45nm" failed.
2026-06-25 20:46:59 WARNING     Failed to evaluate: 45nm
2026-06-25 20:46:59 WARNING     Location: Architecture class smartbuffer_SRAM attributes"technology"
2026-06-25 20:46:59 WARNING     Problem encountered: SyntaxError: invalid decimal literal (<string>, line 1)
2026-06-25 20:46:59 WARNING     Available bindings: 
2026-06-25 20:46:59 WARNING     	memory_depth = 2048
2026-06-25 20:46:59 WARNING     	memory_width = 512
2026-06-25 20:46:59 WARNING     	word-bits = 16
2026-06-25 20:46:59 WARNING     	cluster-size = 1
2026-06-25 20:46:59 WARNING     	nports = 2
2026-06-25 20:46:59 WARNING     	meshX = 1
2026-06-25 20:46:59 WARNING     	datawidth = 16
2026-06-25 20:46:59 WARNING     Failed to evaluate: 45nm
2026-06-25 20:46:59 WARNING     Location: Architecture class smartbuffer_SRAM attributes"technology"
2026-06-25 20:46:59 WARNING     Problem encountered: SyntaxError: invalid decimal literal (<string>, line 1)
2026-06-25 20:46:59 WARNING     Please ensure that the expression used is a valid Python expression.
2026-06-25 20:46:59 WARNING     The following may have been used in the expression:
2026-06-25 20:46:59 WARNING     	nm = UNDEFINED
2026-06-25 20:46:59 WARNING     Strings are allowed here. If you meant to enter a string, please wrap the
2026-06-25 20:46:59 WARNING     expression in single or double quotes:
2026-06-25 20:46:59 WARNING         Found expression: 45nm
2026-06-25 20:46:59 WARNING         Expression as valid string: "45nm"
2026-06-25 20:46:59 WARNING     Expression will be treated as a string. This will be deprecated in version
2026-06-25 20:46:59 WARNING     0.4. Please wrap quotes around the expression to specify a string.
2026-06-25 20:46:59 WARNING     Evaluation of "0.5ns" failed.
2026-06-25 20:46:59 WARNING     Failed to evaluate: 0.5ns
2026-06-25 20:46:59 WARNING     Location: Architecture class smartbuffer_SRAM attributes"latency"
2026-06-25 20:46:59 WARNING     Problem encountered: SyntaxError: invalid decimal literal (<string>, line 1)
2026-06-25 20:46:59 WARNING     Available bindings: 
2026-06-25 20:46:59 WARNING     	memory_depth = 2048
2026-06-25 20:46:59 WARNING     	memory_width = 512
2026-06-25 20:46:59 WARNING     	word-bits = 16
2026-06-25 20:46:59 WARNING     	cluster-size = 1
2026-06-25 20:46:59 WARNING     	nports = 2
2026-06-25 20:46:59 WARNING     	meshX = 1
2026-06-25 20:46:59 WARNING     	datawidth = 16
2026-06-25 20:46:59 WARNING     	technology = 45nm
2026-06-25 20:46:59 WARNING     Failed to evaluate: 0.5ns
2026-06-25 20:46:59 WARNING     Location: Architecture class smartbuffer_SRAM attributes"latency"
2026-06-25 20:46:59 WARNING     Problem encountered: SyntaxError: invalid decimal literal (<string>, line 1)
2026-06-25 20:46:59 WARNING     Please ensure that the expression used is a valid Python expression.
2026-06-25 20:46:59 WARNING     The following may have been used in the expression:
2026-06-25 20:46:59 WARNING     	ns = UNDEFINED
2026-06-25 20:46:59 WARNING     Strings are allowed here. If you meant to enter a string, please wrap the
2026-06-25 20:46:59 WARNING     expression in single or double quotes:
2026-06-25 20:46:59 WARNING         Found expression: 0.5ns
2026-06-25 20:46:59 WARNING         Expression as valid string: "0.5ns"
2026-06-25 20:46:59 WARNING     Expression will be treated as a string. This will be deprecated in version
2026-06-25 20:46:59 WARNING     0.4. Please wrap quotes around the expression to specify a string.
2026-06-25 20:46:59 WARNING     Evaluation of "DDR4" failed.
2026-06-25 20:46:59 WARNING     Failed to evaluate: DDR4
2026-06-25 20:46:59 WARNING     Location: Architecture class DRAM attributes"type"
2026-06-25 20:46:59 WARNING     Problem encountered: NameError: Name 'DDR4' is not defined.
2026-06-25 20:46:59 WARNING     Available bindings: 
2026-06-25 20:46:59 WARNING     Failed to evaluate: DDR4
2026-06-25 20:46:59 WARNING     Location: Architecture class DRAM attributes"type"
2026-06-25 20:46:59 WARNING     Problem encountered: NameError: Name 'DDR4' is not defined.
2026-06-25 20:46:59 WARNING     Please ensure that the expression used is a valid Python expression.
2026-06-25 20:46:59 WARNING     The following may have been used in the expression:
2026-06-25 20:46:59 WARNING     	DDR4 = UNDEFINED
2026-06-25 20:46:59 WARNING     Strings are allowed here. If you meant to enter a string, please wrap the
2026-06-25 20:46:59 WARNING     expression in single or double quotes:
2026-06-25 20:46:59 WARNING         Found expression: DDR4
2026-06-25 20:46:59 WARNING         Expression as valid string: "DDR4"
2026-06-25 20:46:59 WARNING     Expression will be treated as a string. This will be deprecated in version
2026-06-25 20:46:59 WARNING     0.4. Please wrap quotes around the expression to specify a string.
2026-06-25 20:46:59 WARNING     Evaluation of "45nm" failed.
2026-06-25 20:46:59 WARNING     Failed to evaluate: 45nm
2026-06-25 20:46:59 WARNING     Location: Architecture class DRAM attributes"technology"
2026-06-25 20:46:59 WARNING     Problem encountered: SyntaxError: invalid decimal literal (<string>, line 1)
2026-06-25 20:46:59 WARNING     Available bindings: 
2026-06-25 20:46:59 WARNING     	type = DDR4
2026-06-25 20:46:59 WARNING     	width = 16
2026-06-25 20:46:59 WARNING     	block-size = 1
2026-06-25 20:46:59 WARNING     	word-bits = 16
2026-06-25 20:46:59 WARNING     	shared_bandwidth = 6
2026-06-25 20:46:59 WARNING     	datawidth = 16
2026-06-25 20:46:59 WARNING     Failed to evaluate: 45nm
2026-06-25 20:46:59 WARNING     Location: Architecture class DRAM attributes"technology"
2026-06-25 20:46:59 WARNING     Problem encountered: SyntaxError: invalid decimal literal (<string>, line 1)
2026-06-25 20:46:59 WARNING     Please ensure that the expression used is a valid Python expression.
2026-06-25 20:46:59 WARNING     The following may have been used in the expression:
2026-06-25 20:46:59 WARNING     	nm = UNDEFINED
2026-06-25 20:46:59 WARNING     Strings are allowed here. If you meant to enter a string, please wrap the
2026-06-25 20:46:59 WARNING     expression in single or double quotes:
2026-06-25 20:46:59 WARNING         Found expression: 45nm
2026-06-25 20:46:59 WARNING         Expression as valid string: "45nm"
2026-06-25 20:46:59 WARNING     Expression will be treated as a string. This will be deprecated in version
2026-06-25 20:46:59 WARNING     0.4. Please wrap quotes around the expression to specify a string.
2026-06-25 20:46:59 WARNING     Evaluation of "0.5ns" failed.
2026-06-25 20:46:59 WARNING     Failed to evaluate: 0.5ns
2026-06-25 20:46:59 WARNING     Location: Architecture class DRAM attributes"latency"
2026-06-25 20:46:59 WARNING     Problem encountered: SyntaxError: invalid decimal literal (<string>, line 1)
2026-06-25 20:46:59 WARNING     Available bindings: 
2026-06-25 20:46:59 WARNING     	type = DDR4
2026-06-25 20:46:59 WARNING     	width = 16
2026-06-25 20:46:59 WARNING     	block-size = 1
2026-06-25 20:46:59 WARNING     	word-bits = 16
2026-06-25 20:46:59 WARNING     	shared_bandwidth = 6
2026-06-25 20:46:59 WARNING     	datawidth = 16
2026-06-25 20:46:59 WARNING     	technology = 45nm
2026-06-25 20:46:59 WARNING     Failed to evaluate: 0.5ns
2026-06-25 20:46:59 WARNING     Location: Architecture class DRAM attributes"latency"
2026-06-25 20:46:59 WARNING     Problem encountered: SyntaxError: invalid decimal literal (<string>, line 1)
2026-06-25 20:46:59 WARNING     Please ensure that the expression used is a valid Python expression.
2026-06-25 20:46:59 WARNING     The following may have been used in the expression:
2026-06-25 20:46:59 WARNING     	ns = UNDEFINED
2026-06-25 20:46:59 WARNING     Strings are allowed here. If you meant to enter a string, please wrap the
2026-06-25 20:46:59 WARNING     expression in single or double quotes:
2026-06-25 20:46:59 WARNING         Found expression: 0.5ns
2026-06-25 20:46:59 WARNING         Expression as valid string: "0.5ns"
2026-06-25 20:46:59 WARNING     Expression will be treated as a string. This will be deprecated in version
2026-06-25 20:46:59 WARNING     0.4. Please wrap quotes around the expression to specify a string.
2026-06-25 20:46:59 INFO        Estimator plug-in identified by: /usr/local/share/accelergy/estimation_plug_ins/accelergy-table-based-plug-ins/table.estimator.yaml
2026-06-25 20:46:59 INFO        Estimator plug-in identified by: /usr/local/share/accelergy/estimation_plug_ins/accelergy-cacti-plug-in/cacti.estimator.yaml
2026-06-25 20:46:59 INFO        Estimator plug-in identified by: /usr/local/share/accelergy/estimation_plug_ins/dummy_tables/dummy.estimator.yaml
2026-06-25 20:46:59 INFO        Estimator plug-in identified by: /usr/local/share/accelergy/estimation_plug_ins/accelergy-aladdin-plug-in/aladdin.estimator.yaml
2026-06-25 20:46:59 INFO        Loading Python plug-in: /usr/local/share/accelergy/estimation_plug_ins/accelergy-cacti-plug-in/cacti_wrapper.py. Errors below are likely due to plug-in, not Accelergy.
2026-06-25 20:46:59 INFO        Getting all estimators in module <module 'python_plug_in0' from '/usr/local/share/accelergy/estimation_plug_ins/accelergy-cacti-plug-in/cacti_wrapper.py'>
2026-06-25 20:46:59 INFO        Added estimator CactiCache that estimates cache with actions idle, read, read_access, update, update_access, write, write_access, leak
2026-06-25 20:46:59 INFO        Added estimator CactiDRAM that estimates ['DRAM', 'dram'] with actions idle, read, update, write, leak
2026-06-25 20:46:59 INFO        Added estimator CactiSRAM that estimates ['SRAM', 'sram'] with actions idle, read, update, write, leak
2026-06-25 20:46:59 INFO        Done loading Python plug-ins.
2026-06-25 20:46:59 INFO        Found estimator plug-in: DEPRECATED table-based-plug-ins. Use the Library plug-in instead. (<SetsOfTables.SetsOfTables object at 0x7eff64168520>)
2026-06-25 20:46:59 INFO        Found estimator plug-in: dummy (<DummyTable.DummyTable object at 0x7eff63f09ed0>)
2026-06-25 20:46:59 INFO        Found estimator plug-in: Aladdin_table (<AladdinTable.AladdinTable object at 0x7eff64d28dc0>)
2026-06-25 20:46:59 INFO        Found estimator plug-in: CactiCache (<accelergy.plug_in_interface.estimator_wrapper.EstimatorWrapper object at 0x7eff63f0a8f0>)
2026-06-25 20:46:59 INFO        Found estimator plug-in: CactiDRAM (<accelergy.plug_in_interface.estimator_wrapper.EstimatorWrapper object at 0x7eff64078b50>)
2026-06-25 20:46:59 INFO        Found estimator plug-in: CactiSRAM (<accelergy.plug_in_interface.estimator_wrapper.EstimatorWrapper object at 0x7eff64079360>)
2026-06-25 20:46:59 INFO        Calculated storage."technology" as "technology" = 45nm.
2026-06-25 20:46:59 INFO        Calculated storage."width" as "memory_width" = 128.
2026-06-25 20:46:59 INFO        Calculated storage."depth" as "memory_depth" = 1024.
2026-06-25 20:46:59 INFO        Calculated storage."n_rdwr_ports" as "n_rdwr_ports" = 2.
2026-06-25 20:46:59 INFO        Calculated storage."n_banks" as "n_banks" = 1.
2026-06-25 20:46:59 INFO        Calculated address_generators[0..1]."technology" as "technology" = 45nm.
2026-06-25 20:46:59 INFO        Calculated address_generators[0..1]."width" as "log(memory_depth)" = 6.931471805599453.
2026-06-25 20:46:59 INFO        Calculated index range expression as "n_banks" = 1.
2026-06-25 20:46:59 INFO        Calculated index range expression as "n_banks" = 1.
2026-06-25 20:46:59 INFO        Calculated System.ws.PE[0..15].PEInputBuffer.write.write."data_delta" as "data_delta" = 0.
2026-06-25 20:46:59 INFO        Calculated System.ws.PE[0..15].PEInputBuffer.write.write."address_delta" as "address_delta" = 0.
2026-06-25 20:46:59 INFO        Calculated System.ws.PE[0..15].PEInputBuffer.write.write."data_delta" as "data_delta" = 1.
2026-06-25 20:46:59 INFO        Calculated System.ws.PE[0..15].PEInputBuffer.write.write."address_delta" as "address_delta" = 0.
2026-06-25 20:46:59 INFO        Calculated System.ws.PE[0..15].PEInputBuffer.write.write."data_delta" as "data_delta" = 0.
2026-06-25 20:46:59 INFO        Calculated System.ws.PE[0..15].PEInputBuffer.write.write."address_delta" as "address_delta" = 1.
2026-06-25 20:46:59 INFO        Calculated System.ws.PE[0..15].PEInputBuffer.write.write."data_delta" as "data_delta" = 1.
2026-06-25 20:46:59 INFO        Calculated System.ws.PE[0..15].PEInputBuffer.write.write."address_delta" as "address_delta" = 1.
2026-06-25 20:46:59 INFO        Calculated System.ws.PE[0..15].PEInputBuffer.read.read."data_delta" as "data_delta" = 0.
2026-06-25 20:46:59 INFO        Calculated System.ws.PE[0..15].PEInputBuffer.read.read."address_delta" as "address_delta" = 0.
2026-06-25 20:46:59 INFO        Calculated System.ws.PE[0..15].PEInputBuffer.read.read."data_delta" as "data_delta" = 1.
2026-06-25 20:46:59 INFO        Calculated System.ws.PE[0..15].PEInputBuffer.read.read."address_delta" as "address_delta" = 0.
2026-06-25 20:46:59 INFO        Calculated System.ws.PE[0..15].PEInputBuffer.read.read."data_delta" as "data_delta" = 0.
2026-06-25 20:46:59 INFO        Calculated System.ws.PE[0..15].PEInputBuffer.read.read."address_delta" as "address_delta" = 1.
2026-06-25 20:46:59 INFO        Calculated System.ws.PE[0..15].PEInputBuffer.read.read."data_delta" as "data_delta" = 1.
2026-06-25 20:46:59 INFO        Calculated System.ws.PE[0..15].PEInputBuffer.read.read."address_delta" as "address_delta" = 1.
2026-06-25 20:46:59 INFO        Calculated storage."technology" as "technology" = 45nm.
2026-06-25 20:46:59 INFO        Calculated storage."width" as "memory_width" = 128.
2026-06-25 20:46:59 INFO        Calculated storage."depth" as "memory_depth" = 512.
2026-06-25 20:46:59 INFO        Calculated storage."n_rdwr_ports" as "n_rdwr_ports" = 2.
2026-06-25 20:46:59 INFO        Calculated storage."n_banks" as "n_banks" = 1.
2026-06-25 20:46:59 INFO        Calculated address_generators[0..1]."technology" as "technology" = 45nm.
2026-06-25 20:46:59 INFO        Calculated address_generators[0..1]."width" as "log(memory_depth)" = 6.238324625039508.
2026-06-25 20:46:59 INFO        Calculated index range expression as "n_banks" = 1.
2026-06-25 20:46:59 INFO        Calculated index range expression as "n_banks" = 1.
2026-06-25 20:46:59 INFO        Calculated System.ws.PE[0..15].PEWeightBuffer[0..7].write.write."data_delta" as "data_delta" = 0.
2026-06-25 20:46:59 INFO        Calculated System.ws.PE[0..15].PEWeightBuffer[0..7].write.write."address_delta" as "address_delta" = 0.
2026-06-25 20:46:59 INFO        Calculated System.ws.PE[0..15].PEWeightBuffer[0..7].write.write."data_delta" as "data_delta" = 1.
2026-06-25 20:46:59 INFO        Calculated System.ws.PE[0..15].PEWeightBuffer[0..7].write.write."address_delta" as "address_delta" = 0.
2026-06-25 20:46:59 INFO        Calculated System.ws.PE[0..15].PEWeightBuffer[0..7].write.write."data_delta" as "data_delta" = 0.
2026-06-25 20:46:59 INFO        Calculated System.ws.PE[0..15].PEWeightBuffer[0..7].write.write."address_delta" as "address_delta" = 1.
2026-06-25 20:46:59 INFO        Calculated System.ws.PE[0..15].PEWeightBuffer[0..7].write.write."data_delta" as "data_delta" = 1.
2026-06-25 20:46:59 INFO        Calculated System.ws.PE[0..15].PEWeightBuffer[0..7].write.write."address_delta" as "address_delta" = 1.
2026-06-25 20:46:59 INFO        Calculated System.ws.PE[0..15].PEWeightBuffer[0..7].read.read."data_delta" as "data_delta" = 0.
2026-06-25 20:46:59 INFO        Calculated System.ws.PE[0..15].PEWeightBuffer[0..7].read.read."address_delta" as "address_delta" = 0.
2026-06-25 20:46:59 INFO        Calculated System.ws.PE[0..15].PEWeightBuffer[0..7].read.read."data_delta" as "data_delta" = 1.
2026-06-25 20:46:59 INFO        Calculated System.ws.PE[0..15].PEWeightBuffer[0..7].read.read."address_delta" as "address_delta" = 0.
2026-06-25 20:46:59 INFO        Calculated System.ws.PE[0..15].PEWeightBuffer[0..7].read.read."data_delta" as "data_delta" = 0.
2026-06-25 20:46:59 INFO        Calculated System.ws.PE[0..15].PEWeightBuffer[0..7].read.read."address_delta" as "address_delta" = 1.
2026-06-25 20:46:59 INFO        Calculated System.ws.PE[0..15].PEWeightBuffer[0..7].read.read."data_delta" as "data_delta" = 1.
2026-06-25 20:46:59 INFO        Calculated System.ws.PE[0..15].PEWeightBuffer[0..7].read.read."address_delta" as "address_delta" = 1.
2026-06-25 20:46:59 INFO        Calculated storage."technology" as "technology" = 45nm.
2026-06-25 20:46:59 INFO        Calculated storage."width" as "memory_width" = 64.
2026-06-25 20:46:59 INFO        Calculated storage."depth" as "memory_depth" = 64.
2026-06-25 20:46:59 INFO        Calculated storage."n_rdwr_ports" as "n_rdwr_ports" = 2.
2026-06-25 20:46:59 INFO        Calculated storage."n_banks" as "n_banks" = 1.
2026-06-25 20:46:59 INFO        Calculated address_generators[0..1]."technology" as "technology" = 45nm.
2026-06-25 20:46:59 INFO        Calculated address_generators[0..1]."width" as "log(memory_depth)" = 4.1588830833596715.
2026-06-25 20:46:59 INFO        Calculated index range expression as "n_banks" = 1.
2026-06-25 20:46:59 INFO        Calculated index range expression as "n_banks" = 1.
2026-06-25 20:46:59 INFO        Calculated System.ws.PE[0..15].PEAccuBuffer[0..7].write.write."data_delta" as "data_delta" = 0.
2026-06-25 20:46:59 INFO        Calculated System.ws.PE[0..15].PEAccuBuffer[0..7].write.write."address_delta" as "address_delta" = 0.
2026-06-25 20:46:59 INFO        Calculated System.ws.PE[0..15].PEAccuBuffer[0..7].write.write."data_delta" as "data_delta" = 1.
2026-06-25 20:46:59 INFO        Calculated System.ws.PE[0..15].PEAccuBuffer[0..7].write.write."address_delta" as "address_delta" = 0.
2026-06-25 20:46:59 INFO        Calculated System.ws.PE[0..15].PEAccuBuffer[0..7].write.write."data_delta" as "data_delta" = 0.
2026-06-25 20:46:59 INFO        Calculated System.ws.PE[0..15].PEAccuBuffer[0..7].write.write."address_delta" as "address_delta" = 1.
2026-06-25 20:46:59 INFO        Calculated System.ws.PE[0..15].PEAccuBuffer[0..7].write.write."data_delta" as "data_delta" = 1.
2026-06-25 20:46:59 INFO        Calculated System.ws.PE[0..15].PEAccuBuffer[0..7].write.write."address_delta" as "address_delta" = 1.
2026-06-25 20:46:59 INFO        Calculated System.ws.PE[0..15].PEAccuBuffer[0..7].read.read."data_delta" as "data_delta" = 0.
2026-06-25 20:46:59 INFO        Calculated System.ws.PE[0..15].PEAccuBuffer[0..7].read.read."address_delta" as "address_delta" = 0.
2026-06-25 20:46:59 INFO        Calculated System.ws.PE[0..15].PEAccuBuffer[0..7].read.read."data_delta" as "data_delta" = 1.
2026-06-25 20:46:59 INFO        Calculated System.ws.PE[0..15].PEAccuBuffer[0..7].read.read."address_delta" as "address_delta" = 0.
2026-06-25 20:46:59 INFO        Calculated System.ws.PE[0..15].PEAccuBuffer[0..7].read.read."data_delta" as "data_delta" = 0.
2026-06-25 20:46:59 INFO        Calculated System.ws.PE[0..15].PEAccuBuffer[0..7].read.read."address_delta" as "address_delta" = 1.
2026-06-25 20:46:59 INFO        Calculated System.ws.PE[0..15].PEAccuBuffer[0..7].read.read."data_delta" as "data_delta" = 1.
2026-06-25 20:46:59 INFO        Calculated System.ws.PE[0..15].PEAccuBuffer[0..7].read.read."address_delta" as "address_delta" = 1.
2026-06-25 20:46:59 INFO        Calculated storage."technology" as "technology" = 45nm.
2026-06-25 20:46:59 INFO        Calculated storage."width" as "memory_width" = 32.
2026-06-25 20:46:59 INFO        Calculated storage."depth" as "memory_depth" = 1.
2026-06-25 20:46:59 INFO        Calculated storage."n_rdwr_ports" as "n_rdwr_ports" = 2.
2026-06-25 20:46:59 INFO        Calculated storage."n_banks" as "n_banks" = 1.
2026-06-25 20:46:59 INFO        Calculated address_generators[0..1]."technology" as "technology" = 45nm.
2026-06-25 20:46:59 INFO        Calculated address_generators[0..1]."width" as "log(memory_depth)" = 0.0.
2026-06-25 20:46:59 INFO        Calculated index range expression as "n_banks" = 1.
2026-06-25 20:46:59 INFO        Calculated index range expression as "n_banks" = 1.
2026-06-25 20:46:59 INFO        Calculated System.ws.PE[0..15].PEWeightRegs[0..63].write.write."data_delta" as "data_delta" = 0.
2026-06-25 20:46:59 INFO        Calculated System.ws.PE[0..15].PEWeightRegs[0..63].write.write."address_delta" as "address_delta" = 0.
2026-06-25 20:46:59 INFO        Calculated System.ws.PE[0..15].PEWeightRegs[0..63].write.write."data_delta" as "data_delta" = 1.
2026-06-25 20:46:59 INFO        Calculated System.ws.PE[0..15].PEWeightRegs[0..63].write.write."address_delta" as "address_delta" = 0.
2026-06-25 20:46:59 INFO        Calculated System.ws.PE[0..15].PEWeightRegs[0..63].write.write."data_delta" as "data_delta" = 0.
2026-06-25 20:46:59 INFO        Calculated System.ws.PE[0..15].PEWeightRegs[0..63].write.write."address_delta" as "address_delta" = 1.
2026-06-25 20:46:59 INFO        Calculated System.ws.PE[0..15].PEWeightRegs[0..63].write.write."data_delta" as "data_delta" = 1.
2026-06-25 20:46:59 INFO        Calculated System.ws.PE[0..15].PEWeightRegs[0..63].write.write."address_delta" as "address_delta" = 1.
2026-06-25 20:46:59 INFO        Calculated System.ws.PE[0..15].PEWeightRegs[0..63].read.read."data_delta" as "data_delta" = 0.
2026-06-25 20:46:59 INFO        Calculated System.ws.PE[0..15].PEWeightRegs[0..63].read.read."address_delta" as "address_delta" = 0.
2026-06-25 20:46:59 INFO        Calculated System.ws.PE[0..15].PEWeightRegs[0..63].read.read."data_delta" as "data_delta" = 1.
2026-06-25 20:46:59 INFO        Calculated System.ws.PE[0..15].PEWeightRegs[0..63].read.read."address_delta" as "address_delta" = 0.
2026-06-25 20:46:59 INFO        Calculated System.ws.PE[0..15].PEWeightRegs[0..63].read.read."data_delta" as "data_delta" = 0.
2026-06-25 20:46:59 INFO        Calculated System.ws.PE[0..15].PEWeightRegs[0..63].read.read."address_delta" as "address_delta" = 1.
2026-06-25 20:46:59 INFO        Calculated System.ws.PE[0..15].PEWeightRegs[0..63].read.read."data_delta" as "data_delta" = 1.
2026-06-25 20:46:59 INFO        Calculated System.ws.PE[0..15].PEWeightRegs[0..63].read.read."address_delta" as "address_delta" = 1.
2026-06-25 20:46:59 INFO        Calculated intmac."technology" as "technology" = 45nm.
2026-06-25 20:46:59 INFO        Calculated intmac."datawidth" as "datawidth" = 16.
2026-06-25 20:46:59 INFO        Calculated storage."technology" as "technology" = 45nm.
2026-06-25 20:46:59 INFO        Calculated storage."width" as "memory_width" = 512.
2026-06-25 20:46:59 INFO        Calculated storage."depth" as "memory_depth" = 2048.
2026-06-25 20:46:59 INFO        Calculated storage."n_rdwr_ports" as "n_rdwr_ports" = 2.
2026-06-25 20:46:59 INFO        Calculated storage."n_banks" as "n_banks" = 1.
2026-06-25 20:46:59 INFO        Calculated address_generators[0..1]."technology" as "technology" = 45nm.
2026-06-25 20:46:59 INFO        Calculated address_generators[0..1]."width" as "log(memory_depth)" = 7.6246189861593985.
2026-06-25 20:46:59 INFO        Calculated index range expression as "n_banks" = 1.
2026-06-25 20:46:59 INFO        Calculated index range expression as "n_banks" = 1.
2026-06-25 20:46:59 INFO        Calculated System.ws.GlobalBuffer.write.write."data_delta" as "data_delta" = 0.
2026-06-25 20:46:59 INFO        Calculated System.ws.GlobalBuffer.write.write."address_delta" as "address_delta" = 0.
2026-06-25 20:46:59 INFO        Calculated System.ws.GlobalBuffer.write.write."data_delta" as "data_delta" = 1.
2026-06-25 20:46:59 INFO        Calculated System.ws.GlobalBuffer.write.write."address_delta" as "address_delta" = 0.
2026-06-25 20:46:59 INFO        Calculated System.ws.GlobalBuffer.write.write."data_delta" as "data_delta" = 0.
2026-06-25 20:46:59 INFO        Calculated System.ws.GlobalBuffer.write.write."address_delta" as "address_delta" = 1.
2026-06-25 20:46:59 INFO        Calculated System.ws.GlobalBuffer.write.write."data_delta" as "data_delta" = 1.
2026-06-25 20:46:59 INFO        Calculated System.ws.GlobalBuffer.write.write."address_delta" as "address_delta" = 1.
2026-06-25 20:46:59 INFO        Calculated System.ws.GlobalBuffer.read.read."data_delta" as "data_delta" = 0.
2026-06-25 20:46:59 INFO        Calculated System.ws.GlobalBuffer.read.read."address_delta" as "address_delta" = 0.
2026-06-25 20:46:59 INFO        Calculated System.ws.GlobalBuffer.read.read."data_delta" as "data_delta" = 1.
2026-06-25 20:46:59 INFO        Calculated System.ws.GlobalBuffer.read.read."address_delta" as "address_delta" = 0.
2026-06-25 20:46:59 INFO        Calculated System.ws.GlobalBuffer.read.read."data_delta" as "data_delta" = 0.
2026-06-25 20:46:59 INFO        Calculated System.ws.GlobalBuffer.read.read."address_delta" as "address_delta" = 1.
2026-06-25 20:46:59 INFO        Calculated System.ws.GlobalBuffer.read.read."data_delta" as "data_delta" = 1.
2026-06-25 20:46:59 INFO        Calculated System.ws.GlobalBuffer.read.read."address_delta" as "address_delta" = 1.
2026-06-25 20:46:59 INFO        
2026-06-25 20:46:59 INFO        ENERGY ESTIMATION for SRAM(technology=45nm, width=128, depth=1024, n_rdwr_ports=2, n_banks=1, global_cycle_seconds=5e-10).write(data_delta=0, address_delta=0, global_cycle_seconds=5e-10)
2026-06-25 20:46:59 INFO        CactiSRAM estimated 0.0 with accuracy 80%. Messages:
2026-06-25 20:46:59 INFO        | Unused arguments (n_rdwr_ports, global_cycle_seconds) provided for ['SRAM', 'sram'].__init__. Arguments used: (technology, width, depth, n_banks)
2026-06-25 20:46:59 INFO        | Unused arguments (global_cycle_seconds) provided for ['SRAM', 'sram'].write. Arguments used: (data_delta, address_delta)
2026-06-25 20:46:59 INFO        | Calling CACTI with cache_size=16384 n_rw_ports=1 block_size=16 tech_node_um=0.045 n_banks=1 tag_size=0 associativity=1
2026-06-25 20:46:59 INFO        | Calling CACTI with input path /usr/local/share/accelergy/estimation_plug_ins/accelergy-cacti-plug-in/cacti_inputs_outputs/tmpa_1x3ujx
2026-06-25 20:46:59 INFO        | CACTI output will be written to /usr/local/share/accelergy/estimation_plug_ins/accelergy-cacti-plug-in/cacti_inputs_outputs/tmpmk29n35g
2026-06-25 20:46:59 INFO        | CACTI executable not found at /usr/local/share/accelergy/estimation_plug_ins/accelergy-cacti-plug-in/cacti/cacti
2026-06-25 20:46:59 INFO        | Calling: cd /usr/local/share/accelergy/estimation_plug_ins/accelergy-cacti-plug-in ; ./cacti -infile /usr/local/share/accelergy/estimation_plug_ins/accelergy-cacti-plug-in/cacti_inputs_outputs/tmpa_1x3ujx >> /usr/local/share/accelergy/estimation_plug_ins/accelergy-cacti-plug-in/cacti_inputs_outputs/tmpmk29n35g 2>&1
2026-06-25 20:46:59 INFO        | Cache bandwidth: 16.0 bytes/cycle
2026-06-25 20:46:59 INFO        | Cache bandwidth: 113563773156.36313 bits/second
2026-06-25 20:46:59 INFO        
2026-06-25 20:46:59 INFO        ENERGY ESTIMATION for intadder(technology=45nm, width=6.931471805599453, global_cycle_seconds=5e-10).count(global_cycle_seconds=5e-10)
2026-06-25 20:46:59 INFO        dummy estimated 1p with accuracy 1%. 
2026-06-25 20:46:59 INFO        Plug-ins provided accuracy, but failed to estimate:
2026-06-25 20:46:59 INFO        | Aladdin_table with accuracy 70% estimating value: KeyError: 'action_latency_cycles'
2026-06-25 20:46:59 INFO        
2026-06-25 20:46:59 INFO        ENERGY ESTIMATION for intadder(technology=45nm, width=6.931471805599453, global_cycle_seconds=5e-10).idle(global_cycle_seconds=5e-10)
2026-06-25 20:46:59 INFO        dummy estimated 1p with accuracy 1%. 
2026-06-25 20:46:59 INFO        Plug-ins provided accuracy, but failed to estimate:
2026-06-25 20:46:59 INFO        | Aladdin_table with accuracy 70% estimating value: KeyError: 'action_latency_cycles'
2026-06-25 20:46:59 INFO        
2026-06-25 20:46:59 INFO        ENERGY ESTIMATION for SRAM(technology=45nm, width=128, depth=1024, n_rdwr_ports=2, n_banks=1, global_cycle_seconds=5e-10).write(data_delta=1, address_delta=0, global_cycle_seconds=5e-10)
2026-06-25 20:46:59 INFO        CactiSRAM estimated 1.6255679999999998e-11 with accuracy 80%. Messages:
2026-06-25 20:46:59 INFO        | Unused arguments (n_rdwr_ports, global_cycle_seconds) provided for ['SRAM', 'sram'].__init__. Arguments used: (technology, width, depth, n_banks)
2026-06-25 20:46:59 INFO        | Unused arguments (global_cycle_seconds) provided for ['SRAM', 'sram'].write. Arguments used: (data_delta, address_delta)
2026-06-25 20:46:59 INFO        | Calling CACTI with cache_size=16384 n_rw_ports=1 block_size=16 tech_node_um=0.045 n_banks=1 tag_size=0 associativity=1
2026-06-25 20:46:59 INFO        | Calling CACTI with input path /usr/local/share/accelergy/estimation_plug_ins/accelergy-cacti-plug-in/cacti_inputs_outputs/tmppsuvtcij
2026-06-25 20:46:59 INFO        | CACTI output will be written to /usr/local/share/accelergy/estimation_plug_ins/accelergy-cacti-plug-in/cacti_inputs_outputs/tmpuf9k3ghw
2026-06-25 20:46:59 INFO        | CACTI executable not found at /usr/local/share/accelergy/estimation_plug_ins/accelergy-cacti-plug-in/cacti/cacti
2026-06-25 20:46:59 INFO        | Calling: cd /usr/local/share/accelergy/estimation_plug_ins/accelergy-cacti-plug-in ; ./cacti -infile /usr/local/share/accelergy/estimation_plug_ins/accelergy-cacti-plug-in/cacti_inputs_outputs/tmppsuvtcij >> /usr/local/share/accelergy/estimation_plug_ins/accelergy-cacti-plug-in/cacti_inputs_outputs/tmpuf9k3ghw 2>&1
2026-06-25 20:46:59 INFO        | Cache bandwidth: 16.0 bytes/cycle
2026-06-25 20:46:59 INFO        | Cache bandwidth: 113563773156.36313 bits/second
2026-06-25 20:46:59 INFO        
2026-06-25 20:46:59 INFO        ENERGY ESTIMATION for intadder(technology=45nm, width=6.931471805599453, global_cycle_seconds=5e-10).count(global_cycle_seconds=5e-10)
2026-06-25 20:46:59 INFO        dummy estimated 1p with accuracy 1%. 
2026-06-25 20:46:59 INFO        Plug-ins provided accuracy, but failed to estimate:
2026-06-25 20:46:59 INFO        | Aladdin_table with accuracy 70% estimating value: KeyError: 'action_latency_cycles'
2026-06-25 20:46:59 INFO        
2026-06-25 20:46:59 INFO        ENERGY ESTIMATION for intadder(technology=45nm, width=6.931471805599453, global_cycle_seconds=5e-10).idle(global_cycle_seconds=5e-10)
2026-06-25 20:46:59 INFO        dummy estimated 1p with accuracy 1%. 
2026-06-25 20:46:59 INFO        Plug-ins provided accuracy, but failed to estimate:
2026-06-25 20:46:59 INFO        | Aladdin_table with accuracy 70% estimating value: KeyError: 'action_latency_cycles'
2026-06-25 20:46:59 INFO        
2026-06-25 20:46:59 INFO        ENERGY ESTIMATION for SRAM(technology=45nm, width=128, depth=1024, n_rdwr_ports=2, n_banks=1, global_cycle_seconds=5e-10).write(data_delta=0, address_delta=1, global_cycle_seconds=5e-10)
2026-06-25 20:47:00 INFO        CactiSRAM estimated 6.96672e-12 with accuracy 80%. Messages:
2026-06-25 20:47:00 INFO        | Unused arguments (n_rdwr_ports, global_cycle_seconds) provided for ['SRAM', 'sram'].__init__. Arguments used: (technology, width, depth, n_banks)
2026-06-25 20:47:00 INFO        | Unused arguments (global_cycle_seconds) provided for ['SRAM', 'sram'].write. Arguments used: (data_delta, address_delta)
2026-06-25 20:47:00 INFO        | Calling CACTI with cache_size=16384 n_rw_ports=1 block_size=16 tech_node_um=0.045 n_banks=1 tag_size=0 associativity=1
2026-06-25 20:47:00 INFO        | Calling CACTI with input path /usr/local/share/accelergy/estimation_plug_ins/accelergy-cacti-plug-in/cacti_inputs_outputs/tmpkyq9zg9y
2026-06-25 20:47:00 INFO        | CACTI output will be written to /usr/local/share/accelergy/estimation_plug_ins/accelergy-cacti-plug-in/cacti_inputs_outputs/tmpnh_5ro76
2026-06-25 20:47:00 INFO        | CACTI executable not found at /usr/local/share/accelergy/estimation_plug_ins/accelergy-cacti-plug-in/cacti/cacti
2026-06-25 20:47:00 INFO        | Calling: cd /usr/local/share/accelergy/estimation_plug_ins/accelergy-cacti-plug-in ; ./cacti -infile /usr/local/share/accelergy/estimation_plug_ins/accelergy-cacti-plug-in/cacti_inputs_outputs/tmpkyq9zg9y >> /usr/local/share/accelergy/estimation_plug_ins/accelergy-cacti-plug-in/cacti_inputs_outputs/tmpnh_5ro76 2>&1
2026-06-25 20:47:00 INFO        | Cache bandwidth: 16.0 bytes/cycle
2026-06-25 20:47:00 INFO        | Cache bandwidth: 113563773156.36313 bits/second
2026-06-25 20:47:00 INFO        
2026-06-25 20:47:00 INFO        ENERGY ESTIMATION for intadder(technology=45nm, width=6.931471805599453, global_cycle_seconds=5e-10).count(global_cycle_seconds=5e-10)
2026-06-25 20:47:00 INFO        dummy estimated 1p with accuracy 1%. 
2026-06-25 20:47:00 INFO        Plug-ins provided accuracy, but failed to estimate:
2026-06-25 20:47:00 INFO        | Aladdin_table with accuracy 70% estimating value: KeyError: 'action_latency_cycles'
2026-06-25 20:47:00 INFO        
2026-06-25 20:47:00 INFO        ENERGY ESTIMATION for intadder(technology=45nm, width=6.931471805599453, global_cycle_seconds=5e-10).idle(global_cycle_seconds=5e-10)
2026-06-25 20:47:00 INFO        dummy estimated 1p with accuracy 1%. 
2026-06-25 20:47:00 INFO        Plug-ins provided accuracy, but failed to estimate:
2026-06-25 20:47:00 INFO        | Aladdin_table with accuracy 70% estimating value: KeyError: 'action_latency_cycles'
2026-06-25 20:47:00 INFO        
2026-06-25 20:47:00 INFO        ENERGY ESTIMATION for SRAM(technology=45nm, width=128, depth=1024, n_rdwr_ports=2, n_banks=1, global_cycle_seconds=5e-10).write(data_delta=1, address_delta=1, global_cycle_seconds=5e-10)
2026-06-25 20:47:00 INFO        CactiSRAM estimated 2.32224e-11 with accuracy 80%. Messages:
2026-06-25 20:47:00 INFO        | Unused arguments (n_rdwr_ports, global_cycle_seconds) provided for ['SRAM', 'sram'].__init__. Arguments used: (technology, width, depth, n_banks)
2026-06-25 20:47:00 INFO        | Unused arguments (global_cycle_seconds) provided for ['SRAM', 'sram'].write. Arguments used: (data_delta, address_delta)
2026-06-25 20:47:00 INFO        | Calling CACTI with cache_size=16384 n_rw_ports=1 block_size=16 tech_node_um=0.045 n_banks=1 tag_size=0 associativity=1
2026-06-25 20:47:00 INFO        | Calling CACTI with input path /usr/local/share/accelergy/estimation_plug_ins/accelergy-cacti-plug-in/cacti_inputs_outputs/tmp17hlfc0w
2026-06-25 20:47:00 INFO        | CACTI output will be written to /usr/local/share/accelergy/estimation_plug_ins/accelergy-cacti-plug-in/cacti_inputs_outputs/tmp6bcugh5g
2026-06-25 20:47:00 INFO        | CACTI executable not found at /usr/local/share/accelergy/estimation_plug_ins/accelergy-cacti-plug-in/cacti/cacti
2026-06-25 20:47:00 INFO        | Calling: cd /usr/local/share/accelergy/estimation_plug_ins/accelergy-cacti-plug-in ; ./cacti -infile /usr/local/share/accelergy/estimation_plug_ins/accelergy-cacti-plug-in/cacti_inputs_outputs/tmp17hlfc0w >> /usr/local/share/accelergy/estimation_plug_ins/accelergy-cacti-plug-in/cacti_inputs_outputs/tmp6bcugh5g 2>&1
2026-06-25 20:47:00 INFO        | Cache bandwidth: 16.0 bytes/cycle
2026-06-25 20:47:00 INFO        | Cache bandwidth: 113563773156.36313 bits/second
2026-06-25 20:47:00 INFO        
2026-06-25 20:47:00 INFO        ENERGY ESTIMATION for intadder(technology=45nm, width=6.931471805599453, global_cycle_seconds=5e-10).count(global_cycle_seconds=5e-10)
2026-06-25 20:47:00 INFO        dummy estimated 1p with accuracy 1%. 
2026-06-25 20:47:00 INFO        Plug-ins provided accuracy, but failed to estimate:
2026-06-25 20:47:00 INFO        | Aladdin_table with accuracy 70% estimating value: KeyError: 'action_latency_cycles'
2026-06-25 20:47:00 INFO        
2026-06-25 20:47:00 INFO        ENERGY ESTIMATION for intadder(technology=45nm, width=6.931471805599453, global_cycle_seconds=5e-10).idle(global_cycle_seconds=5e-10)
2026-06-25 20:47:00 INFO        dummy estimated 1p with accuracy 1%. 
2026-06-25 20:47:00 INFO        Plug-ins provided accuracy, but failed to estimate:
2026-06-25 20:47:00 INFO        | Aladdin_table with accuracy 70% estimating value: KeyError: 'action_latency_cycles'
2026-06-25 20:47:00 INFO        
2026-06-25 20:47:00 INFO        ENERGY ESTIMATION for SRAM(technology=45nm, width=128, depth=1024, n_rdwr_ports=2, n_banks=1, global_cycle_seconds=5e-10).read(data_delta=0, address_delta=0, global_cycle_seconds=5e-10)
2026-06-25 20:47:00 INFO        CactiSRAM estimated 0.0 with accuracy 80%. Messages:
2026-06-25 20:47:00 INFO        | Unused arguments (n_rdwr_ports, global_cycle_seconds) provided for ['SRAM', 'sram'].__init__. Arguments used: (technology, width, depth, n_banks)
2026-06-25 20:47:00 INFO        | Unused arguments (global_cycle_seconds) provided for ['SRAM', 'sram'].read. Arguments used: (data_delta, address_delta)
2026-06-25 20:47:00 INFO        | Calling CACTI with cache_size=16384 n_rw_ports=1 block_size=16 tech_node_um=0.045 n_banks=1 tag_size=0 associativity=1
2026-06-25 20:47:00 INFO        | Calling CACTI with input path /usr/local/share/accelergy/estimation_plug_ins/accelergy-cacti-plug-in/cacti_inputs_outputs/tmpe6u9ujve
2026-06-25 20:47:00 INFO        | CACTI output will be written to /usr/local/share/accelergy/estimation_plug_ins/accelergy-cacti-plug-in/cacti_inputs_outputs/tmpiqv4oe3g
2026-06-25 20:47:00 INFO        | CACTI executable not found at /usr/local/share/accelergy/estimation_plug_ins/accelergy-cacti-plug-in/cacti/cacti
2026-06-25 20:47:00 INFO        | Calling: cd /usr/local/share/accelergy/estimation_plug_ins/accelergy-cacti-plug-in ; ./cacti -infile /usr/local/share/accelergy/estimation_plug_ins/accelergy-cacti-plug-in/cacti_inputs_outputs/tmpe6u9ujve >> /usr/local/share/accelergy/estimation_plug_ins/accelergy-cacti-plug-in/cacti_inputs_outputs/tmpiqv4oe3g 2>&1
2026-06-25 20:47:00 INFO        | Cache bandwidth: 16.0 bytes/cycle
2026-06-25 20:47:00 INFO        | Cache bandwidth: 113563773156.36313 bits/second
2026-06-25 20:47:00 INFO        
2026-06-25 20:47:00 INFO        ENERGY ESTIMATION for intadder(technology=45nm, width=6.931471805599453, global_cycle_seconds=5e-10).add(global_cycle_seconds=5e-10)
2026-06-25 20:47:00 INFO        dummy estimated 1p with accuracy 1%. 
2026-06-25 20:47:00 INFO        Plug-ins provided accuracy, but failed to estimate:
2026-06-25 20:47:00 INFO        | Aladdin_table with accuracy 70% estimating value: KeyError: 'action_latency_cycles'
2026-06-25 20:47:00 INFO        
2026-06-25 20:47:00 INFO        ENERGY ESTIMATION for intadder(technology=45nm, width=6.931471805599453, global_cycle_seconds=5e-10).idle(global_cycle_seconds=5e-10)
2026-06-25 20:47:00 INFO        dummy estimated 1p with accuracy 1%. 
2026-06-25 20:47:00 INFO        Plug-ins provided accuracy, but failed to estimate:
2026-06-25 20:47:00 INFO        | Aladdin_table with accuracy 70% estimating value: KeyError: 'action_latency_cycles'
2026-06-25 20:47:00 INFO        
2026-06-25 20:47:00 INFO        ENERGY ESTIMATION for SRAM(technology=45nm, width=128, depth=1024, n_rdwr_ports=2, n_banks=1, global_cycle_seconds=5e-10).read(data_delta=1, address_delta=0, global_cycle_seconds=5e-10)
2026-06-25 20:47:00 INFO        CactiSRAM estimated 7.523669999999999e-12 with accuracy 80%. Messages:
2026-06-25 20:47:00 INFO        | Unused arguments (n_rdwr_ports, global_cycle_seconds) provided for ['SRAM', 'sram'].__init__. Arguments used: (technology, width, depth, n_banks)
2026-06-25 20:47:00 INFO        | Unused arguments (global_cycle_seconds) provided for ['SRAM', 'sram'].read. Arguments used: (data_delta, address_delta)
2026-06-25 20:47:00 INFO        | Calling CACTI with cache_size=16384 n_rw_ports=1 block_size=16 tech_node_um=0.045 n_banks=1 tag_size=0 associativity=1
2026-06-25 20:47:00 INFO        | Calling CACTI with input path /usr/local/share/accelergy/estimation_plug_ins/accelergy-cacti-plug-in/cacti_inputs_outputs/tmpgprwb7u_
2026-06-25 20:47:00 INFO        | CACTI output will be written to /usr/local/share/accelergy/estimation_plug_ins/accelergy-cacti-plug-in/cacti_inputs_outputs/tmp4ctkacgl
2026-06-25 20:47:00 INFO        | CACTI executable not found at /usr/local/share/accelergy/estimation_plug_ins/accelergy-cacti-plug-in/cacti/cacti
2026-06-25 20:47:00 INFO        | Calling: cd /usr/local/share/accelergy/estimation_plug_ins/accelergy-cacti-plug-in ; ./cacti -infile /usr/local/share/accelergy/estimation_plug_ins/accelergy-cacti-plug-in/cacti_inputs_outputs/tmpgprwb7u_ >> /usr/local/share/accelergy/estimation_plug_ins/accelergy-cacti-plug-in/cacti_inputs_outputs/tmp4ctkacgl 2>&1
2026-06-25 20:47:00 INFO        | Cache bandwidth: 16.0 bytes/cycle
2026-06-25 20:47:00 INFO        | Cache bandwidth: 113563773156.36313 bits/second
2026-06-25 20:47:00 INFO        
2026-06-25 20:47:00 INFO        ENERGY ESTIMATION for intadder(technology=45nm, width=6.931471805599453, global_cycle_seconds=5e-10).add(global_cycle_seconds=5e-10)
2026-06-25 20:47:00 INFO        dummy estimated 1p with accuracy 1%. 
2026-06-25 20:47:00 INFO        Plug-ins provided accuracy, but failed to estimate:
2026-06-25 20:47:00 INFO        | Aladdin_table with accuracy 70% estimating value: KeyError: 'action_latency_cycles'
2026-06-25 20:47:00 INFO        
2026-06-25 20:47:00 INFO        ENERGY ESTIMATION for intadder(technology=45nm, width=6.931471805599453, global_cycle_seconds=5e-10).idle(global_cycle_seconds=5e-10)
2026-06-25 20:47:00 INFO        dummy estimated 1p with accuracy 1%. 
2026-06-25 20:47:00 INFO        Plug-ins provided accuracy, but failed to estimate:
2026-06-25 20:47:00 INFO        | Aladdin_table with accuracy 70% estimating value: KeyError: 'action_latency_cycles'
2026-06-25 20:47:00 INFO        
2026-06-25 20:47:00 INFO        ENERGY ESTIMATION for SRAM(technology=45nm, width=128, depth=1024, n_rdwr_ports=2, n_banks=1, global_cycle_seconds=5e-10).read(data_delta=0, address_delta=1, global_cycle_seconds=5e-10)
2026-06-25 20:47:01 INFO        CactiSRAM estimated 3.22443e-12 with accuracy 80%. Messages:
2026-06-25 20:47:01 INFO        | Unused arguments (n_rdwr_ports, global_cycle_seconds) provided for ['SRAM', 'sram'].__init__. Arguments used: (technology, width, depth, n_banks)
2026-06-25 20:47:01 INFO        | Unused arguments (global_cycle_seconds) provided for ['SRAM', 'sram'].read. Arguments used: (data_delta, address_delta)
2026-06-25 20:47:01 INFO        | Calling CACTI with cache_size=16384 n_rw_ports=1 block_size=16 tech_node_um=0.045 n_banks=1 tag_size=0 associativity=1
2026-06-25 20:47:01 INFO        | Calling CACTI with input path /usr/local/share/accelergy/estimation_plug_ins/accelergy-cacti-plug-in/cacti_inputs_outputs/tmp82euudms
2026-06-25 20:47:01 INFO        | CACTI output will be written to /usr/local/share/accelergy/estimation_plug_ins/accelergy-cacti-plug-in/cacti_inputs_outputs/tmp25fdgxa7
2026-06-25 20:47:01 INFO        | CACTI executable not found at /usr/local/share/accelergy/estimation_plug_ins/accelergy-cacti-plug-in/cacti/cacti
2026-06-25 20:47:01 INFO        | Calling: cd /usr/local/share/accelergy/estimation_plug_ins/accelergy-cacti-plug-in ; ./cacti -infile /usr/local/share/accelergy/estimation_plug_ins/accelergy-cacti-plug-in/cacti_inputs_outputs/tmp82euudms >> /usr/local/share/accelergy/estimation_plug_ins/accelergy-cacti-plug-in/cacti_inputs_outputs/tmp25fdgxa7 2>&1
2026-06-25 20:47:01 INFO        | Cache bandwidth: 16.0 bytes/cycle
2026-06-25 20:47:01 INFO        | Cache bandwidth: 113563773156.36313 bits/second
2026-06-25 20:47:01 INFO        
2026-06-25 20:47:01 INFO        ENERGY ESTIMATION for intadder(technology=45nm, width=6.931471805599453, global_cycle_seconds=5e-10).add(global_cycle_seconds=5e-10)
2026-06-25 20:47:01 INFO        dummy estimated 1p with accuracy 1%. 
2026-06-25 20:47:01 INFO        Plug-ins provided accuracy, but failed to estimate:
2026-06-25 20:47:01 INFO        | Aladdin_table with accuracy 70% estimating value: KeyError: 'action_latency_cycles'
2026-06-25 20:47:01 INFO        
2026-06-25 20:47:01 INFO        ENERGY ESTIMATION for intadder(technology=45nm, width=6.931471805599453, global_cycle_seconds=5e-10).idle(global_cycle_seconds=5e-10)
2026-06-25 20:47:01 INFO        dummy estimated 1p with accuracy 1%. 
2026-06-25 20:47:01 INFO        Plug-ins provided accuracy, but failed to estimate:
2026-06-25 20:47:01 INFO        | Aladdin_table with accuracy 70% estimating value: KeyError: 'action_latency_cycles'
2026-06-25 20:47:01 INFO        
2026-06-25 20:47:01 INFO        ENERGY ESTIMATION for SRAM(technology=45nm, width=128, depth=1024, n_rdwr_ports=2, n_banks=1, global_cycle_seconds=5e-10).read(data_delta=1, address_delta=1, global_cycle_seconds=5e-10)
2026-06-25 20:47:01 INFO        CactiSRAM estimated 1.07481e-11 with accuracy 80%. Messages:
2026-06-25 20:47:01 INFO        | Unused arguments (n_rdwr_ports, global_cycle_seconds) provided for ['SRAM', 'sram'].__init__. Arguments used: (technology, width, depth, n_banks)
2026-06-25 20:47:01 INFO        | Unused arguments (global_cycle_seconds) provided for ['SRAM', 'sram'].read. Arguments used: (data_delta, address_delta)
2026-06-25 20:47:01 INFO        | Calling CACTI with cache_size=16384 n_rw_ports=1 block_size=16 tech_node_um=0.045 n_banks=1 tag_size=0 associativity=1
2026-06-25 20:47:01 INFO        | Calling CACTI with input path /usr/local/share/accelergy/estimation_plug_ins/accelergy-cacti-plug-in/cacti_inputs_outputs/tmp4lno52at
2026-06-25 20:47:01 INFO        | CACTI output will be written to /usr/local/share/accelergy/estimation_plug_ins/accelergy-cacti-plug-in/cacti_inputs_outputs/tmp_97r4esm
2026-06-25 20:47:01 INFO        | CACTI executable not found at /usr/local/share/accelergy/estimation_plug_ins/accelergy-cacti-plug-in/cacti/cacti
2026-06-25 20:47:01 INFO        | Calling: cd /usr/local/share/accelergy/estimation_plug_ins/accelergy-cacti-plug-in ; ./cacti -infile /usr/local/share/accelergy/estimation_plug_ins/accelergy-cacti-plug-in/cacti_inputs_outputs/tmp4lno52at >> /usr/local/share/accelergy/estimation_plug_ins/accelergy-cacti-plug-in/cacti_inputs_outputs/tmp_97r4esm 2>&1
2026-06-25 20:47:01 INFO        | Cache bandwidth: 16.0 bytes/cycle
2026-06-25 20:47:01 INFO        | Cache bandwidth: 113563773156.36313 bits/second
2026-06-25 20:47:01 INFO        
2026-06-25 20:47:01 INFO        ENERGY ESTIMATION for intadder(technology=45nm, width=6.931471805599453, global_cycle_seconds=5e-10).add(global_cycle_seconds=5e-10)
2026-06-25 20:47:01 INFO        dummy estimated 1p with accuracy 1%. 
2026-06-25 20:47:01 INFO        Plug-ins provided accuracy, but failed to estimate:
2026-06-25 20:47:01 INFO        | Aladdin_table with accuracy 70% estimating value: KeyError: 'action_latency_cycles'
2026-06-25 20:47:01 INFO        
2026-06-25 20:47:01 INFO        ENERGY ESTIMATION for intadder(technology=45nm, width=6.931471805599453, global_cycle_seconds=5e-10).idle(global_cycle_seconds=5e-10)
2026-06-25 20:47:01 INFO        dummy estimated 1p with accuracy 1%. 
2026-06-25 20:47:01 INFO        Plug-ins provided accuracy, but failed to estimate:
2026-06-25 20:47:01 INFO        | Aladdin_table with accuracy 70% estimating value: KeyError: 'action_latency_cycles'
2026-06-25 20:47:01 INFO        
2026-06-25 20:47:01 INFO        ENERGY ESTIMATION for SRAM(technology=45nm, width=128, depth=1024, n_rdwr_ports=2, n_banks=1, global_cycle_seconds=5e-10).idle(global_cycle_seconds=5e-10)
2026-06-25 20:47:01 INFO        CactiSRAM estimated 0 with accuracy 80%. Messages:
2026-06-25 20:47:01 INFO        | Unused arguments (n_rdwr_ports, global_cycle_seconds) provided for ['SRAM', 'sram'].__init__. Arguments used: (technology, width, depth, n_banks)
2026-06-25 20:47:01 INFO        | Unused arguments (global_cycle_seconds) provided for ['SRAM', 'sram'].idle. Arguments used: ()
2026-06-25 20:47:01 INFO        
2026-06-25 20:47:01 INFO        ENERGY ESTIMATION for intadder(technology=45nm, width=6.931471805599453, global_cycle_seconds=5e-10).idle(global_cycle_seconds=5e-10)
2026-06-25 20:47:01 INFO        dummy estimated 1p with accuracy 1%. 
2026-06-25 20:47:01 INFO        Plug-ins provided accuracy, but failed to estimate:
2026-06-25 20:47:01 INFO        | Aladdin_table with accuracy 70% estimating value: KeyError: 'action_latency_cycles'
2026-06-25 20:47:01 INFO        
2026-06-25 20:47:01 INFO        ENERGY ESTIMATION for SRAM(technology=45nm, width=128, depth=512, n_rdwr_ports=2, n_banks=1, global_cycle_seconds=5e-10).write(data_delta=0, address_delta=0, global_cycle_seconds=5e-10)
2026-06-25 20:47:01 INFO        CactiSRAM estimated 0.0 with accuracy 80%. Messages:
2026-06-25 20:47:01 INFO        | Unused arguments (n_rdwr_ports, global_cycle_seconds) provided for ['SRAM', 'sram'].__init__. Arguments used: (technology, width, depth, n_banks)
2026-06-25 20:47:01 INFO        | Unused arguments (global_cycle_seconds) provided for ['SRAM', 'sram'].write. Arguments used: (data_delta, address_delta)
2026-06-25 20:47:01 INFO        | Calling CACTI with cache_size=8192 n_rw_ports=1 block_size=16 tech_node_um=0.045 n_banks=1 tag_size=0 associativity=1
2026-06-25 20:47:01 INFO        | Calling CACTI with input path /usr/local/share/accelergy/estimation_plug_ins/accelergy-cacti-plug-in/cacti_inputs_outputs/tmp94krw5l2
2026-06-25 20:47:01 INFO        | CACTI output will be written to /usr/local/share/accelergy/estimation_plug_ins/accelergy-cacti-plug-in/cacti_inputs_outputs/tmpcyud_5dk
2026-06-25 20:47:01 INFO        | CACTI executable not found at /usr/local/share/accelergy/estimation_plug_ins/accelergy-cacti-plug-in/cacti/cacti
2026-06-25 20:47:01 INFO        | Calling: cd /usr/local/share/accelergy/estimation_plug_ins/accelergy-cacti-plug-in ; ./cacti -infile /usr/local/share/accelergy/estimation_plug_ins/accelergy-cacti-plug-in/cacti_inputs_outputs/tmp94krw5l2 >> /usr/local/share/accelergy/estimation_plug_ins/accelergy-cacti-plug-in/cacti_inputs_outputs/tmpcyud_5dk 2>&1
2026-06-25 20:47:01 INFO        | Cache bandwidth: 16.0 bytes/cycle
2026-06-25 20:47:01 INFO        | Cache bandwidth: 144426980313.92557 bits/second
2026-06-25 20:47:01 INFO        
2026-06-25 20:47:01 INFO        ENERGY ESTIMATION for intadder(technology=45nm, width=6.238324625039508, global_cycle_seconds=5e-10).count(global_cycle_seconds=5e-10)
2026-06-25 20:47:01 INFO        dummy estimated 1p with accuracy 1%. 
2026-06-25 20:47:01 INFO        Plug-ins provided accuracy, but failed to estimate:
2026-06-25 20:47:01 INFO        | Aladdin_table with accuracy 70% estimating value: KeyError: 'action_latency_cycles'
2026-06-25 20:47:01 INFO        
2026-06-25 20:47:01 INFO        ENERGY ESTIMATION for intadder(technology=45nm, width=6.238324625039508, global_cycle_seconds=5e-10).idle(global_cycle_seconds=5e-10)
2026-06-25 20:47:01 INFO        dummy estimated 1p with accuracy 1%. 
2026-06-25 20:47:01 INFO        Plug-ins provided accuracy, but failed to estimate:
2026-06-25 20:47:01 INFO        | Aladdin_table with accuracy 70% estimating value: KeyError: 'action_latency_cycles'
2026-06-25 20:47:01 INFO        
2026-06-25 20:47:01 INFO        ENERGY ESTIMATION for SRAM(technology=45nm, width=128, depth=512, n_rdwr_ports=2, n_banks=1, global_cycle_seconds=5e-10).write(data_delta=1, address_delta=0, global_cycle_seconds=5e-10)
2026-06-25 20:47:01 INFO        CactiSRAM estimated 9.83668e-12 with accuracy 80%. Messages:
2026-06-25 20:47:01 INFO        | Unused arguments (n_rdwr_ports, global_cycle_seconds) provided for ['SRAM', 'sram'].__init__. Arguments used: (technology, width, depth, n_banks)
2026-06-25 20:47:01 INFO        | Unused arguments (global_cycle_seconds) provided for ['SRAM', 'sram'].write. Arguments used: (data_delta, address_delta)
2026-06-25 20:47:01 INFO        | Calling CACTI with cache_size=8192 n_rw_ports=1 block_size=16 tech_node_um=0.045 n_banks=1 tag_size=0 associativity=1
2026-06-25 20:47:01 INFO        | Calling CACTI with input path /usr/local/share/accelergy/estimation_plug_ins/accelergy-cacti-plug-in/cacti_inputs_outputs/tmpqxq_yadi
2026-06-25 20:47:01 INFO        | CACTI output will be written to /usr/local/share/accelergy/estimation_plug_ins/accelergy-cacti-plug-in/cacti_inputs_outputs/tmphfd1zp2o
2026-06-25 20:47:01 INFO        | CACTI executable not found at /usr/local/share/accelergy/estimation_plug_ins/accelergy-cacti-plug-in/cacti/cacti
2026-06-25 20:47:01 INFO        | Calling: cd /usr/local/share/accelergy/estimation_plug_ins/accelergy-cacti-plug-in ; ./cacti -infile /usr/local/share/accelergy/estimation_plug_ins/accelergy-cacti-plug-in/cacti_inputs_outputs/tmpqxq_yadi >> /usr/local/share/accelergy/estimation_plug_ins/accelergy-cacti-plug-in/cacti_inputs_outputs/tmphfd1zp2o 2>&1
2026-06-25 20:47:01 INFO        | Cache bandwidth: 16.0 bytes/cycle
2026-06-25 20:47:01 INFO        | Cache bandwidth: 144426980313.92557 bits/second
2026-06-25 20:47:01 INFO        
2026-06-25 20:47:01 INFO        ENERGY ESTIMATION for intadder(technology=45nm, width=6.238324625039508, global_cycle_seconds=5e-10).count(global_cycle_seconds=5e-10)
2026-06-25 20:47:01 INFO        dummy estimated 1p with accuracy 1%. 
2026-06-25 20:47:01 INFO        Plug-ins provided accuracy, but failed to estimate:
2026-06-25 20:47:01 INFO        | Aladdin_table with accuracy 70% estimating value: KeyError: 'action_latency_cycles'
2026-06-25 20:47:01 INFO        
2026-06-25 20:47:01 INFO        ENERGY ESTIMATION for intadder(technology=45nm, width=6.238324625039508, global_cycle_seconds=5e-10).idle(global_cycle_seconds=5e-10)
2026-06-25 20:47:01 INFO        dummy estimated 1p with accuracy 1%. 
2026-06-25 20:47:01 INFO        Plug-ins provided accuracy, but failed to estimate:
2026-06-25 20:47:01 INFO        | Aladdin_table with accuracy 70% estimating value: KeyError: 'action_latency_cycles'
2026-06-25 20:47:01 INFO        
2026-06-25 20:47:01 INFO        ENERGY ESTIMATION for SRAM(technology=45nm, width=128, depth=512, n_rdwr_ports=2, n_banks=1, global_cycle_seconds=5e-10).write(data_delta=0, address_delta=1, global_cycle_seconds=5e-10)
2026-06-25 20:47:01 INFO        CactiSRAM estimated 4.21572e-12 with accuracy 80%. Messages:
2026-06-25 20:47:01 INFO        | Unused arguments (n_rdwr_ports, global_cycle_seconds) provided for ['SRAM', 'sram'].__init__. Arguments used: (technology, width, depth, n_banks)
2026-06-25 20:47:01 INFO        | Unused arguments (global_cycle_seconds) provided for ['SRAM', 'sram'].write. Arguments used: (data_delta, address_delta)
2026-06-25 20:47:01 INFO        | Calling CACTI with cache_size=8192 n_rw_ports=1 block_size=16 tech_node_um=0.045 n_banks=1 tag_size=0 associativity=1
2026-06-25 20:47:01 INFO        | Calling CACTI with input path /usr/local/share/accelergy/estimation_plug_ins/accelergy-cacti-plug-in/cacti_inputs_outputs/tmpu78g6l3y
2026-06-25 20:47:01 INFO        | CACTI output will be written to /usr/local/share/accelergy/estimation_plug_ins/accelergy-cacti-plug-in/cacti_inputs_outputs/tmpur408zp2
2026-06-25 20:47:01 INFO        | CACTI executable not found at /usr/local/share/accelergy/estimation_plug_ins/accelergy-cacti-plug-in/cacti/cacti
2026-06-25 20:47:01 INFO        | Calling: cd /usr/local/share/accelergy/estimation_plug_ins/accelergy-cacti-plug-in ; ./cacti -infile /usr/local/share/accelergy/estimation_plug_ins/accelergy-cacti-plug-in/cacti_inputs_outputs/tmpu78g6l3y >> /usr/local/share/accelergy/estimation_plug_ins/accelergy-cacti-plug-in/cacti_inputs_outputs/tmpur408zp2 2>&1
2026-06-25 20:47:01 INFO        | Cache bandwidth: 16.0 bytes/cycle
2026-06-25 20:47:01 INFO        | Cache bandwidth: 144426980313.92557 bits/second
2026-06-25 20:47:01 INFO        
2026-06-25 20:47:01 INFO        ENERGY ESTIMATION for intadder(technology=45nm, width=6.238324625039508, global_cycle_seconds=5e-10).count(global_cycle_seconds=5e-10)
2026-06-25 20:47:01 INFO        dummy estimated 1p with accuracy 1%. 
2026-06-25 20:47:01 INFO        Plug-ins provided accuracy, but failed to estimate:
2026-06-25 20:47:01 INFO        | Aladdin_table with accuracy 70% estimating value: KeyError: 'action_latency_cycles'
2026-06-25 20:47:01 INFO        
2026-06-25 20:47:01 INFO        ENERGY ESTIMATION for intadder(technology=45nm, width=6.238324625039508, global_cycle_seconds=5e-10).idle(global_cycle_seconds=5e-10)
2026-06-25 20:47:01 INFO        dummy estimated 1p with accuracy 1%. 
2026-06-25 20:47:01 INFO        Plug-ins provided accuracy, but failed to estimate:
2026-06-25 20:47:01 INFO        | Aladdin_table with accuracy 70% estimating value: KeyError: 'action_latency_cycles'
2026-06-25 20:47:01 INFO        
2026-06-25 20:47:01 INFO        ENERGY ESTIMATION for SRAM(technology=45nm, width=128, depth=512, n_rdwr_ports=2, n_banks=1, global_cycle_seconds=5e-10).write(data_delta=1, address_delta=1, global_cycle_seconds=5e-10)
2026-06-25 20:47:01 INFO        CactiSRAM estimated 1.40524e-11 with accuracy 80%. Messages:
2026-06-25 20:47:01 INFO        | Unused arguments (n_rdwr_ports, global_cycle_seconds) provided for ['SRAM', 'sram'].__init__. Arguments used: (technology, width, depth, n_banks)
2026-06-25 20:47:01 INFO        | Unused arguments (global_cycle_seconds) provided for ['SRAM', 'sram'].write. Arguments used: (data_delta, address_delta)
2026-06-25 20:47:01 INFO        | Calling CACTI with cache_size=8192 n_rw_ports=1 block_size=16 tech_node_um=0.045 n_banks=1 tag_size=0 associativity=1
2026-06-25 20:47:01 INFO        | Calling CACTI with input path /usr/local/share/accelergy/estimation_plug_ins/accelergy-cacti-plug-in/cacti_inputs_outputs/tmpwf7ia4iw
2026-06-25 20:47:01 INFO        | CACTI output will be written to /usr/local/share/accelergy/estimation_plug_ins/accelergy-cacti-plug-in/cacti_inputs_outputs/tmpzgw1r4ma
2026-06-25 20:47:01 INFO        | CACTI executable not found at /usr/local/share/accelergy/estimation_plug_ins/accelergy-cacti-plug-in/cacti/cacti
2026-06-25 20:47:01 INFO        | Calling: cd /usr/local/share/accelergy/estimation_plug_ins/accelergy-cacti-plug-in ; ./cacti -infile /usr/local/share/accelergy/estimation_plug_ins/accelergy-cacti-plug-in/cacti_inputs_outputs/tmpwf7ia4iw >> /usr/local/share/accelergy/estimation_plug_ins/accelergy-cacti-plug-in/cacti_inputs_outputs/tmpzgw1r4ma 2>&1
2026-06-25 20:47:01 INFO        | Cache bandwidth: 16.0 bytes/cycle
2026-06-25 20:47:01 INFO        | Cache bandwidth: 144426980313.92557 bits/second
2026-06-25 20:47:01 INFO        
2026-06-25 20:47:01 INFO        ENERGY ESTIMATION for intadder(technology=45nm, width=6.238324625039508, global_cycle_seconds=5e-10).count(global_cycle_seconds=5e-10)
2026-06-25 20:47:01 INFO        dummy estimated 1p with accuracy 1%. 
2026-06-25 20:47:01 INFO        Plug-ins provided accuracy, but failed to estimate:
2026-06-25 20:47:01 INFO        | Aladdin_table with accuracy 70% estimating value: KeyError: 'action_latency_cycles'
2026-06-25 20:47:01 INFO        
2026-06-25 20:47:01 INFO        ENERGY ESTIMATION for intadder(technology=45nm, width=6.238324625039508, global_cycle_seconds=5e-10).idle(global_cycle_seconds=5e-10)
2026-06-25 20:47:01 INFO        dummy estimated 1p with accuracy 1%. 
2026-06-25 20:47:01 INFO        Plug-ins provided accuracy, but failed to estimate:
2026-06-25 20:47:01 INFO        | Aladdin_table with accuracy 70% estimating value: KeyError: 'action_latency_cycles'
2026-06-25 20:47:01 INFO        
2026-06-25 20:47:01 INFO        ENERGY ESTIMATION for SRAM(technology=45nm, width=128, depth=512, n_rdwr_ports=2, n_banks=1, global_cycle_seconds=5e-10).read(data_delta=0, address_delta=0, global_cycle_seconds=5e-10)
2026-06-25 20:47:02 INFO        CactiSRAM estimated 0.0 with accuracy 80%. Messages:
2026-06-25 20:47:02 INFO        | Unused arguments (n_rdwr_ports, global_cycle_seconds) provided for ['SRAM', 'sram'].__init__. Arguments used: (technology, width, depth, n_banks)
2026-06-25 20:47:02 INFO        | Unused arguments (global_cycle_seconds) provided for ['SRAM', 'sram'].read. Arguments used: (data_delta, address_delta)
2026-06-25 20:47:02 INFO        | Calling CACTI with cache_size=8192 n_rw_ports=1 block_size=16 tech_node_um=0.045 n_banks=1 tag_size=0 associativity=1
2026-06-25 20:47:02 INFO        | Calling CACTI with input path /usr/local/share/accelergy/estimation_plug_ins/accelergy-cacti-plug-in/cacti_inputs_outputs/tmpqhn57h9h
2026-06-25 20:47:02 INFO        | CACTI output will be written to /usr/local/share/accelergy/estimation_plug_ins/accelergy-cacti-plug-in/cacti_inputs_outputs/tmpqyjh8m2j
2026-06-25 20:47:02 INFO        | CACTI executable not found at /usr/local/share/accelergy/estimation_plug_ins/accelergy-cacti-plug-in/cacti/cacti
2026-06-25 20:47:02 INFO        | Calling: cd /usr/local/share/accelergy/estimation_plug_ins/accelergy-cacti-plug-in ; ./cacti -infile /usr/local/share/accelergy/estimation_plug_ins/accelergy-cacti-plug-in/cacti_inputs_outputs/tmpqhn57h9h >> /usr/local/share/accelergy/estimation_plug_ins/accelergy-cacti-plug-in/cacti_inputs_outputs/tmpqyjh8m2j 2>&1
2026-06-25 20:47:02 INFO        | Cache bandwidth: 16.0 bytes/cycle
2026-06-25 20:47:02 INFO        | Cache bandwidth: 144426980313.92557 bits/second
2026-06-25 20:47:02 INFO        
2026-06-25 20:47:02 INFO        ENERGY ESTIMATION for intadder(technology=45nm, width=6.238324625039508, global_cycle_seconds=5e-10).add(global_cycle_seconds=5e-10)
2026-06-25 20:47:02 INFO        dummy estimated 1p with accuracy 1%. 
2026-06-25 20:47:02 INFO        Plug-ins provided accuracy, but failed to estimate:
2026-06-25 20:47:02 INFO        | Aladdin_table with accuracy 70% estimating value: KeyError: 'action_latency_cycles'
2026-06-25 20:47:02 INFO        
2026-06-25 20:47:02 INFO        ENERGY ESTIMATION for intadder(technology=45nm, width=6.238324625039508, global_cycle_seconds=5e-10).idle(global_cycle_seconds=5e-10)
2026-06-25 20:47:02 INFO        dummy estimated 1p with accuracy 1%. 
2026-06-25 20:47:02 INFO        Plug-ins provided accuracy, but failed to estimate:
2026-06-25 20:47:02 INFO        | Aladdin_table with accuracy 70% estimating value: KeyError: 'action_latency_cycles'
2026-06-25 20:47:02 INFO        
2026-06-25 20:47:02 INFO        ENERGY ESTIMATION for SRAM(technology=45nm, width=128, depth=512, n_rdwr_ports=2, n_banks=1, global_cycle_seconds=5e-10).read(data_delta=1, address_delta=0, global_cycle_seconds=5e-10)
2026-06-25 20:47:02 INFO        CactiSRAM estimated 5.541445000000001e-12 with accuracy 80%. Messages:
2026-06-25 20:47:02 INFO        | Unused arguments (n_rdwr_ports, global_cycle_seconds) provided for ['SRAM', 'sram'].__init__. Arguments used: (technology, width, depth, n_banks)
2026-06-25 20:47:02 INFO        | Unused arguments (global_cycle_seconds) provided for ['SRAM', 'sram'].read. Arguments used: (data_delta, address_delta)
2026-06-25 20:47:02 INFO        | Calling CACTI with cache_size=8192 n_rw_ports=1 block_size=16 tech_node_um=0.045 n_banks=1 tag_size=0 associativity=1
2026-06-25 20:47:02 INFO        | Calling CACTI with input path /usr/local/share/accelergy/estimation_plug_ins/accelergy-cacti-plug-in/cacti_inputs_outputs/tmpi4zs4d6j
2026-06-25 20:47:02 INFO        | CACTI output will be written to /usr/local/share/accelergy/estimation_plug_ins/accelergy-cacti-plug-in/cacti_inputs_outputs/tmpz5fxj3nc
2026-06-25 20:47:02 INFO        | CACTI executable not found at /usr/local/share/accelergy/estimation_plug_ins/accelergy-cacti-plug-in/cacti/cacti
2026-06-25 20:47:02 INFO        | Calling: cd /usr/local/share/accelergy/estimation_plug_ins/accelergy-cacti-plug-in ; ./cacti -infile /usr/local/share/accelergy/estimation_plug_ins/accelergy-cacti-plug-in/cacti_inputs_outputs/tmpi4zs4d6j >> /usr/local/share/accelergy/estimation_plug_ins/accelergy-cacti-plug-in/cacti_inputs_outputs/tmpz5fxj3nc 2>&1
2026-06-25 20:47:02 INFO        | Cache bandwidth: 16.0 bytes/cycle
2026-06-25 20:47:02 INFO        | Cache bandwidth: 144426980313.92557 bits/second
2026-06-25 20:47:02 INFO        
2026-06-25 20:47:02 INFO        ENERGY ESTIMATION for intadder(technology=45nm, width=6.238324625039508, global_cycle_seconds=5e-10).add(global_cycle_seconds=5e-10)
2026-06-25 20:47:02 INFO        dummy estimated 1p with accuracy 1%. 
2026-06-25 20:47:02 INFO        Plug-ins provided accuracy, but failed to estimate:
2026-06-25 20:47:02 INFO        | Aladdin_table with accuracy 70% estimating value: KeyError: 'action_latency_cycles'
2026-06-25 20:47:02 INFO        
2026-06-25 20:47:02 INFO        ENERGY ESTIMATION for intadder(technology=45nm, width=6.238324625039508, global_cycle_seconds=5e-10).idle(global_cycle_seconds=5e-10)
2026-06-25 20:47:02 INFO        dummy estimated 1p with accuracy 1%. 
2026-06-25 20:47:02 INFO        Plug-ins provided accuracy, but failed to estimate:
2026-06-25 20:47:02 INFO        | Aladdin_table with accuracy 70% estimating value: KeyError: 'action_latency_cycles'
2026-06-25 20:47:02 INFO        
2026-06-25 20:47:02 INFO        ENERGY ESTIMATION for SRAM(technology=45nm, width=128, depth=512, n_rdwr_ports=2, n_banks=1, global_cycle_seconds=5e-10).read(data_delta=0, address_delta=1, global_cycle_seconds=5e-10)
2026-06-25 20:47:02 INFO        CactiSRAM estimated 2.3749050000000004e-12 with accuracy 80%. Messages:
2026-06-25 20:47:02 INFO        | Unused arguments (n_rdwr_ports, global_cycle_seconds) provided for ['SRAM', 'sram'].__init__. Arguments used: (technology, width, depth, n_banks)
2026-06-25 20:47:02 INFO        | Unused arguments (global_cycle_seconds) provided for ['SRAM', 'sram'].read. Arguments used: (data_delta, address_delta)
2026-06-25 20:47:02 INFO        | Calling CACTI with cache_size=8192 n_rw_ports=1 block_size=16 tech_node_um=0.045 n_banks=1 tag_size=0 associativity=1
2026-06-25 20:47:02 INFO        | Calling CACTI with input path /usr/local/share/accelergy/estimation_plug_ins/accelergy-cacti-plug-in/cacti_inputs_outputs/tmpnof7sgzt
2026-06-25 20:47:02 INFO        | CACTI output will be written to /usr/local/share/accelergy/estimation_plug_ins/accelergy-cacti-plug-in/cacti_inputs_outputs/tmp2dwqdrn6
2026-06-25 20:47:02 INFO        | CACTI executable not found at /usr/local/share/accelergy/estimation_plug_ins/accelergy-cacti-plug-in/cacti/cacti
2026-06-25 20:47:02 INFO        | Calling: cd /usr/local/share/accelergy/estimation_plug_ins/accelergy-cacti-plug-in ; ./cacti -infile /usr/local/share/accelergy/estimation_plug_ins/accelergy-cacti-plug-in/cacti_inputs_outputs/tmpnof7sgzt >> /usr/local/share/accelergy/estimation_plug_ins/accelergy-cacti-plug-in/cacti_inputs_outputs/tmp2dwqdrn6 2>&1
2026-06-25 20:47:02 INFO        | Cache bandwidth: 16.0 bytes/cycle
2026-06-25 20:47:02 INFO        | Cache bandwidth: 144426980313.92557 bits/second
2026-06-25 20:47:02 INFO        
2026-06-25 20:47:02 INFO        ENERGY ESTIMATION for intadder(technology=45nm, width=6.238324625039508, global_cycle_seconds=5e-10).add(global_cycle_seconds=5e-10)
2026-06-25 20:47:02 INFO        dummy estimated 1p with accuracy 1%. 
2026-06-25 20:47:02 INFO        Plug-ins provided accuracy, but failed to estimate:
2026-06-25 20:47:02 INFO        | Aladdin_table with accuracy 70% estimating value: KeyError: 'action_latency_cycles'
2026-06-25 20:47:02 INFO        
2026-06-25 20:47:02 INFO        ENERGY ESTIMATION for intadder(technology=45nm, width=6.238324625039508, global_cycle_seconds=5e-10).idle(global_cycle_seconds=5e-10)
2026-06-25 20:47:02 INFO        dummy estimated 1p with accuracy 1%. 
2026-06-25 20:47:02 INFO        Plug-ins provided accuracy, but failed to estimate:
2026-06-25 20:47:02 INFO        | Aladdin_table with accuracy 70% estimating value: KeyError: 'action_latency_cycles'
2026-06-25 20:47:02 INFO        
2026-06-25 20:47:02 INFO        ENERGY ESTIMATION for SRAM(technology=45nm, width=128, depth=512, n_rdwr_ports=2, n_banks=1, global_cycle_seconds=5e-10).read(data_delta=1, address_delta=1, global_cycle_seconds=5e-10)
2026-06-25 20:47:02 INFO        CactiSRAM estimated 7.916350000000002e-12 with accuracy 80%. Messages:
2026-06-25 20:47:02 INFO        | Unused arguments (n_rdwr_ports, global_cycle_seconds) provided for ['SRAM', 'sram'].__init__. Arguments used: (technology, width, depth, n_banks)
2026-06-25 20:47:02 INFO        | Unused arguments (global_cycle_seconds) provided for ['SRAM', 'sram'].read. Arguments used: (data_delta, address_delta)
2026-06-25 20:47:02 INFO        | Calling CACTI with cache_size=8192 n_rw_ports=1 block_size=16 tech_node_um=0.045 n_banks=1 tag_size=0 associativity=1
2026-06-25 20:47:02 INFO        | Calling CACTI with input path /usr/local/share/accelergy/estimation_plug_ins/accelergy-cacti-plug-in/cacti_inputs_outputs/tmpjr88h4zv
2026-06-25 20:47:02 INFO        | CACTI output will be written to /usr/local/share/accelergy/estimation_plug_ins/accelergy-cacti-plug-in/cacti_inputs_outputs/tmpboera25n
2026-06-25 20:47:02 INFO        | CACTI executable not found at /usr/local/share/accelergy/estimation_plug_ins/accelergy-cacti-plug-in/cacti/cacti
2026-06-25 20:47:02 INFO        | Calling: cd /usr/local/share/accelergy/estimation_plug_ins/accelergy-cacti-plug-in ; ./cacti -infile /usr/local/share/accelergy/estimation_plug_ins/accelergy-cacti-plug-in/cacti_inputs_outputs/tmpjr88h4zv >> /usr/local/share/accelergy/estimation_plug_ins/accelergy-cacti-plug-in/cacti_inputs_outputs/tmpboera25n 2>&1
2026-06-25 20:47:02 INFO        | Cache bandwidth: 16.0 bytes/cycle
2026-06-25 20:47:02 INFO        | Cache bandwidth: 144426980313.92557 bits/second
2026-06-25 20:47:02 INFO        
2026-06-25 20:47:02 INFO        ENERGY ESTIMATION for intadder(technology=45nm, width=6.238324625039508, global_cycle_seconds=5e-10).add(global_cycle_seconds=5e-10)
2026-06-25 20:47:02 INFO        dummy estimated 1p with accuracy 1%. 
2026-06-25 20:47:02 INFO        Plug-ins provided accuracy, but failed to estimate:
2026-06-25 20:47:02 INFO        | Aladdin_table with accuracy 70% estimating value: KeyError: 'action_latency_cycles'
2026-06-25 20:47:02 INFO        
2026-06-25 20:47:02 INFO        ENERGY ESTIMATION for intadder(technology=45nm, width=6.238324625039508, global_cycle_seconds=5e-10).idle(global_cycle_seconds=5e-10)
2026-06-25 20:47:02 INFO        dummy estimated 1p with accuracy 1%. 
2026-06-25 20:47:02 INFO        Plug-ins provided accuracy, but failed to estimate:
2026-06-25 20:47:02 INFO        | Aladdin_table with accuracy 70% estimating value: KeyError: 'action_latency_cycles'
2026-06-25 20:47:02 INFO        
2026-06-25 20:47:02 INFO        ENERGY ESTIMATION for SRAM(technology=45nm, width=128, depth=512, n_rdwr_ports=2, n_banks=1, global_cycle_seconds=5e-10).idle(global_cycle_seconds=5e-10)
2026-06-25 20:47:02 INFO        CactiSRAM estimated 0 with accuracy 80%. Messages:
2026-06-25 20:47:02 INFO        | Unused arguments (n_rdwr_ports, global_cycle_seconds) provided for ['SRAM', 'sram'].__init__. Arguments used: (technology, width, depth, n_banks)
2026-06-25 20:47:02 INFO        | Unused arguments (global_cycle_seconds) provided for ['SRAM', 'sram'].idle. Arguments used: ()
2026-06-25 20:47:02 INFO        
2026-06-25 20:47:02 INFO        ENERGY ESTIMATION for intadder(technology=45nm, width=6.238324625039508, global_cycle_seconds=5e-10).idle(global_cycle_seconds=5e-10)
2026-06-25 20:47:02 INFO        dummy estimated 1p with accuracy 1%. 
2026-06-25 20:47:02 INFO        Plug-ins provided accuracy, but failed to estimate:
2026-06-25 20:47:02 INFO        | Aladdin_table with accuracy 70% estimating value: KeyError: 'action_latency_cycles'
2026-06-25 20:47:02 INFO        
2026-06-25 20:47:02 INFO        ENERGY ESTIMATION for SRAM(technology=45nm, width=64, depth=64, n_rdwr_ports=2, n_banks=1, global_cycle_seconds=5e-10).write(data_delta=0, address_delta=0, global_cycle_seconds=5e-10)
2026-06-25 20:47:02 INFO        CactiSRAM estimated 0.0 with accuracy 80%. Messages:
2026-06-25 20:47:02 INFO        | Unused arguments (n_rdwr_ports, global_cycle_seconds) provided for ['SRAM', 'sram'].__init__. Arguments used: (technology, width, depth, n_banks)
2026-06-25 20:47:02 INFO        | Unused arguments (global_cycle_seconds) provided for ['SRAM', 'sram'].write. Arguments used: (data_delta, address_delta)
2026-06-25 20:47:02 INFO        | Calling CACTI with cache_size=512 n_rw_ports=1 block_size=8 tech_node_um=0.045 n_banks=1 tag_size=0 associativity=1
2026-06-25 20:47:02 INFO        | Calling CACTI with input path /usr/local/share/accelergy/estimation_plug_ins/accelergy-cacti-plug-in/cacti_inputs_outputs/tmpcykap8gr
2026-06-25 20:47:02 INFO        | CACTI output will be written to /usr/local/share/accelergy/estimation_plug_ins/accelergy-cacti-plug-in/cacti_inputs_outputs/tmpfhlfktqh
2026-06-25 20:47:02 INFO        | CACTI executable not found at /usr/local/share/accelergy/estimation_plug_ins/accelergy-cacti-plug-in/cacti/cacti
2026-06-25 20:47:02 INFO        | Calling: cd /usr/local/share/accelergy/estimation_plug_ins/accelergy-cacti-plug-in ; ./cacti -infile /usr/local/share/accelergy/estimation_plug_ins/accelergy-cacti-plug-in/cacti_inputs_outputs/tmpcykap8gr >> /usr/local/share/accelergy/estimation_plug_ins/accelergy-cacti-plug-in/cacti_inputs_outputs/tmpfhlfktqh 2>&1
2026-06-25 20:47:02 INFO        | Cache bandwidth: 8.0 bytes/cycle
2026-06-25 20:47:02 INFO        | Cache bandwidth: 112577947035.59398 bits/second
2026-06-25 20:47:02 INFO        
2026-06-25 20:47:02 INFO        ENERGY ESTIMATION for intadder(technology=45nm, width=4.1588830833596715, global_cycle_seconds=5e-10).count(global_cycle_seconds=5e-10)
2026-06-25 20:47:02 INFO        dummy estimated 1p with accuracy 1%. 
2026-06-25 20:47:02 INFO        Plug-ins provided accuracy, but failed to estimate:
2026-06-25 20:47:02 INFO        | Aladdin_table with accuracy 70% estimating value: KeyError: 'action_latency_cycles'
2026-06-25 20:47:02 INFO        
2026-06-25 20:47:02 INFO        ENERGY ESTIMATION for intadder(technology=45nm, width=4.1588830833596715, global_cycle_seconds=5e-10).idle(global_cycle_seconds=5e-10)
2026-06-25 20:47:02 INFO        dummy estimated 1p with accuracy 1%. 
2026-06-25 20:47:02 INFO        Plug-ins provided accuracy, but failed to estimate:
2026-06-25 20:47:02 INFO        | Aladdin_table with accuracy 70% estimating value: KeyError: 'action_latency_cycles'
2026-06-25 20:47:02 INFO        
2026-06-25 20:47:02 INFO        ENERGY ESTIMATION for SRAM(technology=45nm, width=64, depth=64, n_rdwr_ports=2, n_banks=1, global_cycle_seconds=5e-10).write(data_delta=1, address_delta=0, global_cycle_seconds=5e-10)
2026-06-25 20:47:02 INFO        CactiSRAM estimated 1.59656e-12 with accuracy 80%. Messages:
2026-06-25 20:47:02 INFO        | Unused arguments (n_rdwr_ports, global_cycle_seconds) provided for ['SRAM', 'sram'].__init__. Arguments used: (technology, width, depth, n_banks)
2026-06-25 20:47:02 INFO        | Unused arguments (global_cycle_seconds) provided for ['SRAM', 'sram'].write. Arguments used: (data_delta, address_delta)
2026-06-25 20:47:02 INFO        | Calling CACTI with cache_size=512 n_rw_ports=1 block_size=8 tech_node_um=0.045 n_banks=1 tag_size=0 associativity=1
2026-06-25 20:47:02 INFO        | Calling CACTI with input path /usr/local/share/accelergy/estimation_plug_ins/accelergy-cacti-plug-in/cacti_inputs_outputs/tmpstnq1fqh
2026-06-25 20:47:02 INFO        | CACTI output will be written to /usr/local/share/accelergy/estimation_plug_ins/accelergy-cacti-plug-in/cacti_inputs_outputs/tmpnwbq3_tb
2026-06-25 20:47:02 INFO        | CACTI executable not found at /usr/local/share/accelergy/estimation_plug_ins/accelergy-cacti-plug-in/cacti/cacti
2026-06-25 20:47:02 INFO        | Calling: cd /usr/local/share/accelergy/estimation_plug_ins/accelergy-cacti-plug-in ; ./cacti -infile /usr/local/share/accelergy/estimation_plug_ins/accelergy-cacti-plug-in/cacti_inputs_outputs/tmpstnq1fqh >> /usr/local/share/accelergy/estimation_plug_ins/accelergy-cacti-plug-in/cacti_inputs_outputs/tmpnwbq3_tb 2>&1
2026-06-25 20:47:02 INFO        | Cache bandwidth: 8.0 bytes/cycle
2026-06-25 20:47:02 INFO        | Cache bandwidth: 112577947035.59398 bits/second
2026-06-25 20:47:02 INFO        
2026-06-25 20:47:02 INFO        ENERGY ESTIMATION for intadder(technology=45nm, width=4.1588830833596715, global_cycle_seconds=5e-10).count(global_cycle_seconds=5e-10)
2026-06-25 20:47:02 INFO        dummy estimated 1p with accuracy 1%. 
2026-06-25 20:47:02 INFO        Plug-ins provided accuracy, but failed to estimate:
2026-06-25 20:47:02 INFO        | Aladdin_table with accuracy 70% estimating value: KeyError: 'action_latency_cycles'
2026-06-25 20:47:02 INFO        
2026-06-25 20:47:02 INFO        ENERGY ESTIMATION for intadder(technology=45nm, width=4.1588830833596715, global_cycle_seconds=5e-10).idle(global_cycle_seconds=5e-10)
2026-06-25 20:47:02 INFO        dummy estimated 1p with accuracy 1%. 
2026-06-25 20:47:02 INFO        Plug-ins provided accuracy, but failed to estimate:
2026-06-25 20:47:02 INFO        | Aladdin_table with accuracy 70% estimating value: KeyError: 'action_latency_cycles'
2026-06-25 20:47:02 INFO        
2026-06-25 20:47:02 INFO        ENERGY ESTIMATION for SRAM(technology=45nm, width=64, depth=64, n_rdwr_ports=2, n_banks=1, global_cycle_seconds=5e-10).write(data_delta=0, address_delta=1, global_cycle_seconds=5e-10)
2026-06-25 20:47:02 INFO        CactiSRAM estimated 6.8424e-13 with accuracy 80%. Messages:
2026-06-25 20:47:02 INFO        | Unused arguments (n_rdwr_ports, global_cycle_seconds) provided for ['SRAM', 'sram'].__init__. Arguments used: (technology, width, depth, n_banks)
2026-06-25 20:47:02 INFO        | Unused arguments (global_cycle_seconds) provided for ['SRAM', 'sram'].write. Arguments used: (data_delta, address_delta)
2026-06-25 20:47:02 INFO        | Calling CACTI with cache_size=512 n_rw_ports=1 block_size=8 tech_node_um=0.045 n_banks=1 tag_size=0 associativity=1
2026-06-25 20:47:02 INFO        | Calling CACTI with input path /usr/local/share/accelergy/estimation_plug_ins/accelergy-cacti-plug-in/cacti_inputs_outputs/tmp1o6gyipg
2026-06-25 20:47:02 INFO        | CACTI output will be written to /usr/local/share/accelergy/estimation_plug_ins/accelergy-cacti-plug-in/cacti_inputs_outputs/tmp4r1r6iff
2026-06-25 20:47:02 INFO        | CACTI executable not found at /usr/local/share/accelergy/estimation_plug_ins/accelergy-cacti-plug-in/cacti/cacti
2026-06-25 20:47:02 INFO        | Calling: cd /usr/local/share/accelergy/estimation_plug_ins/accelergy-cacti-plug-in ; ./cacti -infile /usr/local/share/accelergy/estimation_plug_ins/accelergy-cacti-plug-in/cacti_inputs_outputs/tmp1o6gyipg >> /usr/local/share/accelergy/estimation_plug_ins/accelergy-cacti-plug-in/cacti_inputs_outputs/tmp4r1r6iff 2>&1
2026-06-25 20:47:02 INFO        | Cache bandwidth: 8.0 bytes/cycle
2026-06-25 20:47:02 INFO        | Cache bandwidth: 112577947035.59398 bits/second
2026-06-25 20:47:02 INFO        
2026-06-25 20:47:02 INFO        ENERGY ESTIMATION for intadder(technology=45nm, width=4.1588830833596715, global_cycle_seconds=5e-10).count(global_cycle_seconds=5e-10)
2026-06-25 20:47:02 INFO        dummy estimated 1p with accuracy 1%. 
2026-06-25 20:47:02 INFO        Plug-ins provided accuracy, but failed to estimate:
2026-06-25 20:47:02 INFO        | Aladdin_table with accuracy 70% estimating value: KeyError: 'action_latency_cycles'
2026-06-25 20:47:02 INFO        
2026-06-25 20:47:02 INFO        ENERGY ESTIMATION for intadder(technology=45nm, width=4.1588830833596715, global_cycle_seconds=5e-10).idle(global_cycle_seconds=5e-10)
2026-06-25 20:47:02 INFO        dummy estimated 1p with accuracy 1%. 
2026-06-25 20:47:02 INFO        Plug-ins provided accuracy, but failed to estimate:
2026-06-25 20:47:02 INFO        | Aladdin_table with accuracy 70% estimating value: KeyError: 'action_latency_cycles'
2026-06-25 20:47:02 INFO        
2026-06-25 20:47:02 INFO        ENERGY ESTIMATION for SRAM(technology=45nm, width=64, depth=64, n_rdwr_ports=2, n_banks=1, global_cycle_seconds=5e-10).write(data_delta=1, address_delta=1, global_cycle_seconds=5e-10)
2026-06-25 20:47:02 INFO        CactiSRAM estimated 2.2808e-12 with accuracy 80%. Messages:
2026-06-25 20:47:02 INFO        | Unused arguments (n_rdwr_ports, global_cycle_seconds) provided for ['SRAM', 'sram'].__init__. Arguments used: (technology, width, depth, n_banks)
2026-06-25 20:47:02 INFO        | Unused arguments (global_cycle_seconds) provided for ['SRAM', 'sram'].write. Arguments used: (data_delta, address_delta)
2026-06-25 20:47:02 INFO        | Calling CACTI with cache_size=512 n_rw_ports=1 block_size=8 tech_node_um=0.045 n_banks=1 tag_size=0 associativity=1
2026-06-25 20:47:02 INFO        | Calling CACTI with input path /usr/local/share/accelergy/estimation_plug_ins/accelergy-cacti-plug-in/cacti_inputs_outputs/tmpd4quhrau
2026-06-25 20:47:02 INFO        | CACTI output will be written to /usr/local/share/accelergy/estimation_plug_ins/accelergy-cacti-plug-in/cacti_inputs_outputs/tmperr4jynl
2026-06-25 20:47:02 INFO        | CACTI executable not found at /usr/local/share/accelergy/estimation_plug_ins/accelergy-cacti-plug-in/cacti/cacti
2026-06-25 20:47:02 INFO        | Calling: cd /usr/local/share/accelergy/estimation_plug_ins/accelergy-cacti-plug-in ; ./cacti -infile /usr/local/share/accelergy/estimation_plug_ins/accelergy-cacti-plug-in/cacti_inputs_outputs/tmpd4quhrau >> /usr/local/share/accelergy/estimation_plug_ins/accelergy-cacti-plug-in/cacti_inputs_outputs/tmperr4jynl 2>&1
2026-06-25 20:47:02 INFO        | Cache bandwidth: 8.0 bytes/cycle
2026-06-25 20:47:02 INFO        | Cache bandwidth: 112577947035.59398 bits/second
2026-06-25 20:47:02 INFO        
2026-06-25 20:47:02 INFO        ENERGY ESTIMATION for intadder(technology=45nm, width=4.1588830833596715, global_cycle_seconds=5e-10).count(global_cycle_seconds=5e-10)
2026-06-25 20:47:02 INFO        dummy estimated 1p with accuracy 1%. 
2026-06-25 20:47:02 INFO        Plug-ins provided accuracy, but failed to estimate:
2026-06-25 20:47:02 INFO        | Aladdin_table with accuracy 70% estimating value: KeyError: 'action_latency_cycles'
2026-06-25 20:47:02 INFO        
2026-06-25 20:47:02 INFO        ENERGY ESTIMATION for intadder(technology=45nm, width=4.1588830833596715, global_cycle_seconds=5e-10).idle(global_cycle_seconds=5e-10)
2026-06-25 20:47:02 INFO        dummy estimated 1p with accuracy 1%. 
2026-06-25 20:47:02 INFO        Plug-ins provided accuracy, but failed to estimate:
2026-06-25 20:47:02 INFO        | Aladdin_table with accuracy 70% estimating value: KeyError: 'action_latency_cycles'
2026-06-25 20:47:02 INFO        
2026-06-25 20:47:02 INFO        ENERGY ESTIMATION for SRAM(technology=45nm, width=64, depth=64, n_rdwr_ports=2, n_banks=1, global_cycle_seconds=5e-10).read(data_delta=0, address_delta=0, global_cycle_seconds=5e-10)
2026-06-25 20:47:02 INFO        CactiSRAM estimated 0.0 with accuracy 80%. Messages:
2026-06-25 20:47:02 INFO        | Unused arguments (n_rdwr_ports, global_cycle_seconds) provided for ['SRAM', 'sram'].__init__. Arguments used: (technology, width, depth, n_banks)
2026-06-25 20:47:02 INFO        | Unused arguments (global_cycle_seconds) provided for ['SRAM', 'sram'].read. Arguments used: (data_delta, address_delta)
2026-06-25 20:47:02 INFO        | Calling CACTI with cache_size=512 n_rw_ports=1 block_size=8 tech_node_um=0.045 n_banks=1 tag_size=0 associativity=1
2026-06-25 20:47:02 INFO        | Calling CACTI with input path /usr/local/share/accelergy/estimation_plug_ins/accelergy-cacti-plug-in/cacti_inputs_outputs/tmpqvpkpmg3
2026-06-25 20:47:02 INFO        | CACTI output will be written to /usr/local/share/accelergy/estimation_plug_ins/accelergy-cacti-plug-in/cacti_inputs_outputs/tmp_9eerilu
2026-06-25 20:47:02 INFO        | CACTI executable not found at /usr/local/share/accelergy/estimation_plug_ins/accelergy-cacti-plug-in/cacti/cacti
2026-06-25 20:47:02 INFO        | Calling: cd /usr/local/share/accelergy/estimation_plug_ins/accelergy-cacti-plug-in ; ./cacti -infile /usr/local/share/accelergy/estimation_plug_ins/accelergy-cacti-plug-in/cacti_inputs_outputs/tmpqvpkpmg3 >> /usr/local/share/accelergy/estimation_plug_ins/accelergy-cacti-plug-in/cacti_inputs_outputs/tmp_9eerilu 2>&1
2026-06-25 20:47:02 INFO        | Cache bandwidth: 8.0 bytes/cycle
2026-06-25 20:47:02 INFO        | Cache bandwidth: 112577947035.59398 bits/second
2026-06-25 20:47:02 INFO        
2026-06-25 20:47:02 INFO        ENERGY ESTIMATION for intadder(technology=45nm, width=4.1588830833596715, global_cycle_seconds=5e-10).add(global_cycle_seconds=5e-10)
2026-06-25 20:47:02 INFO        dummy estimated 1p with accuracy 1%. 
2026-06-25 20:47:02 INFO        Plug-ins provided accuracy, but failed to estimate:
2026-06-25 20:47:02 INFO        | Aladdin_table with accuracy 70% estimating value: KeyError: 'action_latency_cycles'
2026-06-25 20:47:02 INFO        
2026-06-25 20:47:02 INFO        ENERGY ESTIMATION for intadder(technology=45nm, width=4.1588830833596715, global_cycle_seconds=5e-10).idle(global_cycle_seconds=5e-10)
2026-06-25 20:47:02 INFO        dummy estimated 1p with accuracy 1%. 
2026-06-25 20:47:02 INFO        Plug-ins provided accuracy, but failed to estimate:
2026-06-25 20:47:02 INFO        | Aladdin_table with accuracy 70% estimating value: KeyError: 'action_latency_cycles'
2026-06-25 20:47:02 INFO        
2026-06-25 20:47:02 INFO        ENERGY ESTIMATION for SRAM(technology=45nm, width=64, depth=64, n_rdwr_ports=2, n_banks=1, global_cycle_seconds=5e-10).read(data_delta=1, address_delta=0, global_cycle_seconds=5e-10)
2026-06-25 20:47:02 INFO        CactiSRAM estimated 9.89555e-13 with accuracy 80%. Messages:
2026-06-25 20:47:02 INFO        | Unused arguments (n_rdwr_ports, global_cycle_seconds) provided for ['SRAM', 'sram'].__init__. Arguments used: (technology, width, depth, n_banks)
2026-06-25 20:47:02 INFO        | Unused arguments (global_cycle_seconds) provided for ['SRAM', 'sram'].read. Arguments used: (data_delta, address_delta)
2026-06-25 20:47:02 INFO        | Calling CACTI with cache_size=512 n_rw_ports=1 block_size=8 tech_node_um=0.045 n_banks=1 tag_size=0 associativity=1
2026-06-25 20:47:02 INFO        | Calling CACTI with input path /usr/local/share/accelergy/estimation_plug_ins/accelergy-cacti-plug-in/cacti_inputs_outputs/tmpiyzevrwb
2026-06-25 20:47:02 INFO        | CACTI output will be written to /usr/local/share/accelergy/estimation_plug_ins/accelergy-cacti-plug-in/cacti_inputs_outputs/tmp84rb4rnq
2026-06-25 20:47:02 INFO        | CACTI executable not found at /usr/local/share/accelergy/estimation_plug_ins/accelergy-cacti-plug-in/cacti/cacti
2026-06-25 20:47:02 INFO        | Calling: cd /usr/local/share/accelergy/estimation_plug_ins/accelergy-cacti-plug-in ; ./cacti -infile /usr/local/share/accelergy/estimation_plug_ins/accelergy-cacti-plug-in/cacti_inputs_outputs/tmpiyzevrwb >> /usr/local/share/accelergy/estimation_plug_ins/accelergy-cacti-plug-in/cacti_inputs_outputs/tmp84rb4rnq 2>&1
2026-06-25 20:47:02 INFO        | Cache bandwidth: 8.0 bytes/cycle
2026-06-25 20:47:02 INFO        | Cache bandwidth: 112577947035.59398 bits/second
2026-06-25 20:47:02 INFO        
2026-06-25 20:47:02 INFO        ENERGY ESTIMATION for intadder(technology=45nm, width=4.1588830833596715, global_cycle_seconds=5e-10).add(global_cycle_seconds=5e-10)
2026-06-25 20:47:02 INFO        dummy estimated 1p with accuracy 1%. 
2026-06-25 20:47:02 INFO        Plug-ins provided accuracy, but failed to estimate:
2026-06-25 20:47:02 INFO        | Aladdin_table with accuracy 70% estimating value: KeyError: 'action_latency_cycles'
2026-06-25 20:47:02 INFO        
2026-06-25 20:47:02 INFO        ENERGY ESTIMATION for intadder(technology=45nm, width=4.1588830833596715, global_cycle_seconds=5e-10).idle(global_cycle_seconds=5e-10)
2026-06-25 20:47:02 INFO        dummy estimated 1p with accuracy 1%. 
2026-06-25 20:47:02 INFO        Plug-ins provided accuracy, but failed to estimate:
2026-06-25 20:47:02 INFO        | Aladdin_table with accuracy 70% estimating value: KeyError: 'action_latency_cycles'
2026-06-25 20:47:02 INFO        
2026-06-25 20:47:02 INFO        ENERGY ESTIMATION for SRAM(technology=45nm, width=64, depth=64, n_rdwr_ports=2, n_banks=1, global_cycle_seconds=5e-10).read(data_delta=0, address_delta=1, global_cycle_seconds=5e-10)
2026-06-25 20:47:03 INFO        CactiSRAM estimated 4.24095e-13 with accuracy 80%. Messages:
2026-06-25 20:47:03 INFO        | Unused arguments (n_rdwr_ports, global_cycle_seconds) provided for ['SRAM', 'sram'].__init__. Arguments used: (technology, width, depth, n_banks)
2026-06-25 20:47:03 INFO        | Unused arguments (global_cycle_seconds) provided for ['SRAM', 'sram'].read. Arguments used: (data_delta, address_delta)
2026-06-25 20:47:03 INFO        | Calling CACTI with cache_size=512 n_rw_ports=1 block_size=8 tech_node_um=0.045 n_banks=1 tag_size=0 associativity=1
2026-06-25 20:47:03 INFO        | Calling CACTI with input path /usr/local/share/accelergy/estimation_plug_ins/accelergy-cacti-plug-in/cacti_inputs_outputs/tmp2rromm9o
2026-06-25 20:47:03 INFO        | CACTI output will be written to /usr/local/share/accelergy/estimation_plug_ins/accelergy-cacti-plug-in/cacti_inputs_outputs/tmpk2z9ca5b
2026-06-25 20:47:03 INFO        | CACTI executable not found at /usr/local/share/accelergy/estimation_plug_ins/accelergy-cacti-plug-in/cacti/cacti
2026-06-25 20:47:03 INFO        | Calling: cd /usr/local/share/accelergy/estimation_plug_ins/accelergy-cacti-plug-in ; ./cacti -infile /usr/local/share/accelergy/estimation_plug_ins/accelergy-cacti-plug-in/cacti_inputs_outputs/tmp2rromm9o >> /usr/local/share/accelergy/estimation_plug_ins/accelergy-cacti-plug-in/cacti_inputs_outputs/tmpk2z9ca5b 2>&1
2026-06-25 20:47:03 INFO        | Cache bandwidth: 8.0 bytes/cycle
2026-06-25 20:47:03 INFO        | Cache bandwidth: 112577947035.59398 bits/second
2026-06-25 20:47:03 INFO        
2026-06-25 20:47:03 INFO        ENERGY ESTIMATION for intadder(technology=45nm, width=4.1588830833596715, global_cycle_seconds=5e-10).add(global_cycle_seconds=5e-10)
2026-06-25 20:47:03 INFO        dummy estimated 1p with accuracy 1%. 
2026-06-25 20:47:03 INFO        Plug-ins provided accuracy, but failed to estimate:
2026-06-25 20:47:03 INFO        | Aladdin_table with accuracy 70% estimating value: KeyError: 'action_latency_cycles'
2026-06-25 20:47:03 INFO        
2026-06-25 20:47:03 INFO        ENERGY ESTIMATION for intadder(technology=45nm, width=4.1588830833596715, global_cycle_seconds=5e-10).idle(global_cycle_seconds=5e-10)
2026-06-25 20:47:03 INFO        dummy estimated 1p with accuracy 1%. 
2026-06-25 20:47:03 INFO        Plug-ins provided accuracy, but failed to estimate:
2026-06-25 20:47:03 INFO        | Aladdin_table with accuracy 70% estimating value: KeyError: 'action_latency_cycles'
2026-06-25 20:47:03 INFO        
2026-06-25 20:47:03 INFO        ENERGY ESTIMATION for SRAM(technology=45nm, width=64, depth=64, n_rdwr_ports=2, n_banks=1, global_cycle_seconds=5e-10).read(data_delta=1, address_delta=1, global_cycle_seconds=5e-10)
2026-06-25 20:47:03 INFO        CactiSRAM estimated 1.4136500000000001e-12 with accuracy 80%. Messages:
2026-06-25 20:47:03 INFO        | Unused arguments (n_rdwr_ports, global_cycle_seconds) provided for ['SRAM', 'sram'].__init__. Arguments used: (technology, width, depth, n_banks)
2026-06-25 20:47:03 INFO        | Unused arguments (global_cycle_seconds) provided for ['SRAM', 'sram'].read. Arguments used: (data_delta, address_delta)
2026-06-25 20:47:03 INFO        | Calling CACTI with cache_size=512 n_rw_ports=1 block_size=8 tech_node_um=0.045 n_banks=1 tag_size=0 associativity=1
2026-06-25 20:47:03 INFO        | Calling CACTI with input path /usr/local/share/accelergy/estimation_plug_ins/accelergy-cacti-plug-in/cacti_inputs_outputs/tmpqj1zqzb5
2026-06-25 20:47:03 INFO        | CACTI output will be written to /usr/local/share/accelergy/estimation_plug_ins/accelergy-cacti-plug-in/cacti_inputs_outputs/tmp6sm7b8x1
2026-06-25 20:47:03 INFO        | CACTI executable not found at /usr/local/share/accelergy/estimation_plug_ins/accelergy-cacti-plug-in/cacti/cacti
2026-06-25 20:47:03 INFO        | Calling: cd /usr/local/share/accelergy/estimation_plug_ins/accelergy-cacti-plug-in ; ./cacti -infile /usr/local/share/accelergy/estimation_plug_ins/accelergy-cacti-plug-in/cacti_inputs_outputs/tmpqj1zqzb5 >> /usr/local/share/accelergy/estimation_plug_ins/accelergy-cacti-plug-in/cacti_inputs_outputs/tmp6sm7b8x1 2>&1
2026-06-25 20:47:03 INFO        | Cache bandwidth: 8.0 bytes/cycle
2026-06-25 20:47:03 INFO        | Cache bandwidth: 112577947035.59398 bits/second
2026-06-25 20:47:03 INFO        
2026-06-25 20:47:03 INFO        ENERGY ESTIMATION for intadder(technology=45nm, width=4.1588830833596715, global_cycle_seconds=5e-10).add(global_cycle_seconds=5e-10)
2026-06-25 20:47:03 INFO        dummy estimated 1p with accuracy 1%. 
2026-06-25 20:47:03 INFO        Plug-ins provided accuracy, but failed to estimate:
2026-06-25 20:47:03 INFO        | Aladdin_table with accuracy 70% estimating value: KeyError: 'action_latency_cycles'
2026-06-25 20:47:03 INFO        
2026-06-25 20:47:03 INFO        ENERGY ESTIMATION for intadder(technology=45nm, width=4.1588830833596715, global_cycle_seconds=5e-10).idle(global_cycle_seconds=5e-10)
2026-06-25 20:47:03 INFO        dummy estimated 1p with accuracy 1%. 
2026-06-25 20:47:03 INFO        Plug-ins provided accuracy, but failed to estimate:
2026-06-25 20:47:03 INFO        | Aladdin_table with accuracy 70% estimating value: KeyError: 'action_latency_cycles'
2026-06-25 20:47:03 INFO        
2026-06-25 20:47:03 INFO        ENERGY ESTIMATION for SRAM(technology=45nm, width=64, depth=64, n_rdwr_ports=2, n_banks=1, global_cycle_seconds=5e-10).idle(global_cycle_seconds=5e-10)
2026-06-25 20:47:03 INFO        CactiSRAM estimated 0 with accuracy 80%. Messages:
2026-06-25 20:47:03 INFO        | Unused arguments (n_rdwr_ports, global_cycle_seconds) provided for ['SRAM', 'sram'].__init__. Arguments used: (technology, width, depth, n_banks)
2026-06-25 20:47:03 INFO        | Unused arguments (global_cycle_seconds) provided for ['SRAM', 'sram'].idle. Arguments used: ()
2026-06-25 20:47:03 INFO        
2026-06-25 20:47:03 INFO        ENERGY ESTIMATION for intadder(technology=45nm, width=4.1588830833596715, global_cycle_seconds=5e-10).idle(global_cycle_seconds=5e-10)
2026-06-25 20:47:03 INFO        dummy estimated 1p with accuracy 1%. 
2026-06-25 20:47:03 INFO        Plug-ins provided accuracy, but failed to estimate:
2026-06-25 20:47:03 INFO        | Aladdin_table with accuracy 70% estimating value: KeyError: 'action_latency_cycles'
2026-06-25 20:47:03 INFO        
2026-06-25 20:47:03 INFO        ENERGY ESTIMATION for SRAM(technology=45nm, width=32, depth=1, n_rdwr_ports=2, n_banks=1, global_cycle_seconds=5e-10).write(data_delta=0, address_delta=0, global_cycle_seconds=5e-10)
2026-06-25 20:47:03 INFO        CactiSRAM estimated 0.0 with accuracy 80%. Messages:
2026-06-25 20:47:03 INFO        | Unused arguments (n_rdwr_ports, global_cycle_seconds) provided for ['SRAM', 'sram'].__init__. Arguments used: (technology, width, depth, n_banks)
2026-06-25 20:47:03 INFO        | Unused arguments (global_cycle_seconds) provided for ['SRAM', 'sram'].write. Arguments used: (data_delta, address_delta)
2026-06-25 20:47:03 INFO        | Calling CACTI with cache_size=256 n_rw_ports=1 block_size=4 tech_node_um=0.045 n_banks=1 tag_size=0 associativity=1
2026-06-25 20:47:03 INFO        | Calling CACTI with input path /usr/local/share/accelergy/estimation_plug_ins/accelergy-cacti-plug-in/cacti_inputs_outputs/tmpol2i2b2_
2026-06-25 20:47:03 INFO        | CACTI output will be written to /usr/local/share/accelergy/estimation_plug_ins/accelergy-cacti-plug-in/cacti_inputs_outputs/tmp7b0wkbyy
2026-06-25 20:47:03 INFO        | CACTI executable not found at /usr/local/share/accelergy/estimation_plug_ins/accelergy-cacti-plug-in/cacti/cacti
2026-06-25 20:47:03 INFO        | Calling: cd /usr/local/share/accelergy/estimation_plug_ins/accelergy-cacti-plug-in ; ./cacti -infile /usr/local/share/accelergy/estimation_plug_ins/accelergy-cacti-plug-in/cacti_inputs_outputs/tmpol2i2b2_ >> /usr/local/share/accelergy/estimation_plug_ins/accelergy-cacti-plug-in/cacti_inputs_outputs/tmp7b0wkbyy 2>&1
2026-06-25 20:47:03 INFO        | Cache bandwidth: 4.0 bytes/cycle
2026-06-25 20:47:03 INFO        | Cache bandwidth: 65421210374.168434 bits/second
2026-06-25 20:47:03 INFO        
2026-06-25 20:47:03 INFO        ENERGY ESTIMATION for intadder(technology=45nm, width=0, global_cycle_seconds=5e-10).count(global_cycle_seconds=5e-10)
2026-06-25 20:47:03 INFO        dummy estimated 1p with accuracy 1%. 
2026-06-25 20:47:03 INFO        Plug-ins provided accuracy, but failed to estimate:
2026-06-25 20:47:03 INFO        | Aladdin_table with accuracy 70% estimating value: KeyError: 'action_latency_cycles'
2026-06-25 20:47:03 INFO        
2026-06-25 20:47:03 INFO        ENERGY ESTIMATION for intadder(technology=45nm, width=0, global_cycle_seconds=5e-10).idle(global_cycle_seconds=5e-10)
2026-06-25 20:47:03 INFO        dummy estimated 1p with accuracy 1%. 
2026-06-25 20:47:03 INFO        Plug-ins provided accuracy, but failed to estimate:
2026-06-25 20:47:03 INFO        | Aladdin_table with accuracy 70% estimating value: KeyError: 'action_latency_cycles'
2026-06-25 20:47:03 INFO        
2026-06-25 20:47:03 INFO        ENERGY ESTIMATION for SRAM(technology=45nm, width=32, depth=1, n_rdwr_ports=2, n_banks=1, global_cycle_seconds=5e-10).write(data_delta=1, address_delta=0, global_cycle_seconds=5e-10)
2026-06-25 20:47:03 INFO        CactiSRAM estimated 3.017831299903715e-14 with accuracy 80%. Messages:
2026-06-25 20:47:03 INFO        | Unused arguments (n_rdwr_ports, global_cycle_seconds) provided for ['SRAM', 'sram'].__init__. Arguments used: (technology, width, depth, n_banks)
2026-06-25 20:47:03 INFO        | Unused arguments (global_cycle_seconds) provided for ['SRAM', 'sram'].write. Arguments used: (data_delta, address_delta)
2026-06-25 20:47:03 INFO        | Calling CACTI with cache_size=256 n_rw_ports=1 block_size=4 tech_node_um=0.045 n_banks=1 tag_size=0 associativity=1
2026-06-25 20:47:03 INFO        | Calling CACTI with input path /usr/local/share/accelergy/estimation_plug_ins/accelergy-cacti-plug-in/cacti_inputs_outputs/tmp7exekp90
2026-06-25 20:47:03 INFO        | CACTI output will be written to /usr/local/share/accelergy/estimation_plug_ins/accelergy-cacti-plug-in/cacti_inputs_outputs/tmp0ono7yu2
2026-06-25 20:47:03 INFO        | CACTI executable not found at /usr/local/share/accelergy/estimation_plug_ins/accelergy-cacti-plug-in/cacti/cacti
2026-06-25 20:47:03 INFO        | Calling: cd /usr/local/share/accelergy/estimation_plug_ins/accelergy-cacti-plug-in ; ./cacti -infile /usr/local/share/accelergy/estimation_plug_ins/accelergy-cacti-plug-in/cacti_inputs_outputs/tmp7exekp90 >> /usr/local/share/accelergy/estimation_plug_ins/accelergy-cacti-plug-in/cacti_inputs_outputs/tmp0ono7yu2 2>&1
2026-06-25 20:47:03 INFO        | Cache bandwidth: 4.0 bytes/cycle
2026-06-25 20:47:03 INFO        | Cache bandwidth: 65421210374.168434 bits/second
2026-06-25 20:47:03 INFO        
2026-06-25 20:47:03 INFO        ENERGY ESTIMATION for intadder(technology=45nm, width=0, global_cycle_seconds=5e-10).count(global_cycle_seconds=5e-10)
2026-06-25 20:47:03 INFO        dummy estimated 1p with accuracy 1%. 
2026-06-25 20:47:03 INFO        Plug-ins provided accuracy, but failed to estimate:
2026-06-25 20:47:03 INFO        | Aladdin_table with accuracy 70% estimating value: KeyError: 'action_latency_cycles'
2026-06-25 20:47:03 INFO        
2026-06-25 20:47:03 INFO        ENERGY ESTIMATION for intadder(technology=45nm, width=0, global_cycle_seconds=5e-10).idle(global_cycle_seconds=5e-10)
2026-06-25 20:47:03 INFO        dummy estimated 1p with accuracy 1%. 
2026-06-25 20:47:03 INFO        Plug-ins provided accuracy, but failed to estimate:
2026-06-25 20:47:03 INFO        | Aladdin_table with accuracy 70% estimating value: KeyError: 'action_latency_cycles'
2026-06-25 20:47:03 INFO        
2026-06-25 20:47:03 INFO        ENERGY ESTIMATION for SRAM(technology=45nm, width=32, depth=1, n_rdwr_ports=2, n_banks=1, global_cycle_seconds=5e-10).write(data_delta=0, address_delta=1, global_cycle_seconds=5e-10)
2026-06-25 20:47:03 INFO        CactiSRAM estimated 1.2933562713873066e-14 with accuracy 80%. Messages:
2026-06-25 20:47:03 INFO        | Unused arguments (n_rdwr_ports, global_cycle_seconds) provided for ['SRAM', 'sram'].__init__. Arguments used: (technology, width, depth, n_banks)
2026-06-25 20:47:03 INFO        | Unused arguments (global_cycle_seconds) provided for ['SRAM', 'sram'].write. Arguments used: (data_delta, address_delta)
2026-06-25 20:47:03 INFO        | Calling CACTI with cache_size=256 n_rw_ports=1 block_size=4 tech_node_um=0.045 n_banks=1 tag_size=0 associativity=1
2026-06-25 20:47:03 INFO        | Calling CACTI with input path /usr/local/share/accelergy/estimation_plug_ins/accelergy-cacti-plug-in/cacti_inputs_outputs/tmpct3ba7tt
2026-06-25 20:47:03 INFO        | CACTI output will be written to /usr/local/share/accelergy/estimation_plug_ins/accelergy-cacti-plug-in/cacti_inputs_outputs/tmptv7fcuxj
2026-06-25 20:47:03 INFO        | CACTI executable not found at /usr/local/share/accelergy/estimation_plug_ins/accelergy-cacti-plug-in/cacti/cacti
2026-06-25 20:47:03 INFO        | Calling: cd /usr/local/share/accelergy/estimation_plug_ins/accelergy-cacti-plug-in ; ./cacti -infile /usr/local/share/accelergy/estimation_plug_ins/accelergy-cacti-plug-in/cacti_inputs_outputs/tmpct3ba7tt >> /usr/local/share/accelergy/estimation_plug_ins/accelergy-cacti-plug-in/cacti_inputs_outputs/tmptv7fcuxj 2>&1
2026-06-25 20:47:03 INFO        | Cache bandwidth: 4.0 bytes/cycle
2026-06-25 20:47:03 INFO        | Cache bandwidth: 65421210374.168434 bits/second
2026-06-25 20:47:03 INFO        
2026-06-25 20:47:03 INFO        ENERGY ESTIMATION for intadder(technology=45nm, width=0, global_cycle_seconds=5e-10).count(global_cycle_seconds=5e-10)
2026-06-25 20:47:03 INFO        dummy estimated 1p with accuracy 1%. 
2026-06-25 20:47:03 INFO        Plug-ins provided accuracy, but failed to estimate:
2026-06-25 20:47:03 INFO        | Aladdin_table with accuracy 70% estimating value: KeyError: 'action_latency_cycles'
2026-06-25 20:47:03 INFO        
2026-06-25 20:47:03 INFO        ENERGY ESTIMATION for intadder(technology=45nm, width=0, global_cycle_seconds=5e-10).idle(global_cycle_seconds=5e-10)
2026-06-25 20:47:03 INFO        dummy estimated 1p with accuracy 1%. 
2026-06-25 20:47:03 INFO        Plug-ins provided accuracy, but failed to estimate:
2026-06-25 20:47:03 INFO        | Aladdin_table with accuracy 70% estimating value: KeyError: 'action_latency_cycles'
2026-06-25 20:47:03 INFO        
2026-06-25 20:47:03 INFO        ENERGY ESTIMATION for SRAM(technology=45nm, width=32, depth=1, n_rdwr_ports=2, n_banks=1, global_cycle_seconds=5e-10).write(data_delta=1, address_delta=1, global_cycle_seconds=5e-10)
2026-06-25 20:47:03 INFO        CactiSRAM estimated 4.3111875712910225e-14 with accuracy 80%. Messages:
2026-06-25 20:47:03 INFO        | Unused arguments (n_rdwr_ports, global_cycle_seconds) provided for ['SRAM', 'sram'].__init__. Arguments used: (technology, width, depth, n_banks)
2026-06-25 20:47:03 INFO        | Unused arguments (global_cycle_seconds) provided for ['SRAM', 'sram'].write. Arguments used: (data_delta, address_delta)
2026-06-25 20:47:03 INFO        | Calling CACTI with cache_size=256 n_rw_ports=1 block_size=4 tech_node_um=0.045 n_banks=1 tag_size=0 associativity=1
2026-06-25 20:47:03 INFO        | Calling CACTI with input path /usr/local/share/accelergy/estimation_plug_ins/accelergy-cacti-plug-in/cacti_inputs_outputs/tmpedw5i7k0
2026-06-25 20:47:03 INFO        | CACTI output will be written to /usr/local/share/accelergy/estimation_plug_ins/accelergy-cacti-plug-in/cacti_inputs_outputs/tmp__6onnhf
2026-06-25 20:47:03 INFO        | CACTI executable not found at /usr/local/share/accelergy/estimation_plug_ins/accelergy-cacti-plug-in/cacti/cacti
2026-06-25 20:47:03 INFO        | Calling: cd /usr/local/share/accelergy/estimation_plug_ins/accelergy-cacti-plug-in ; ./cacti -infile /usr/local/share/accelergy/estimation_plug_ins/accelergy-cacti-plug-in/cacti_inputs_outputs/tmpedw5i7k0 >> /usr/local/share/accelergy/estimation_plug_ins/accelergy-cacti-plug-in/cacti_inputs_outputs/tmp__6onnhf 2>&1
2026-06-25 20:47:03 INFO        | Cache bandwidth: 4.0 bytes/cycle
2026-06-25 20:47:03 INFO        | Cache bandwidth: 65421210374.168434 bits/second
2026-06-25 20:47:03 INFO        
2026-06-25 20:47:03 INFO        ENERGY ESTIMATION for intadder(technology=45nm, width=0, global_cycle_seconds=5e-10).count(global_cycle_seconds=5e-10)
2026-06-25 20:47:03 INFO        dummy estimated 1p with accuracy 1%. 
2026-06-25 20:47:03 INFO        Plug-ins provided accuracy, but failed to estimate:
2026-06-25 20:47:03 INFO        | Aladdin_table with accuracy 70% estimating value: KeyError: 'action_latency_cycles'
2026-06-25 20:47:03 INFO        
2026-06-25 20:47:03 INFO        ENERGY ESTIMATION for intadder(technology=45nm, width=0, global_cycle_seconds=5e-10).idle(global_cycle_seconds=5e-10)
2026-06-25 20:47:03 INFO        dummy estimated 1p with accuracy 1%. 
2026-06-25 20:47:03 INFO        Plug-ins provided accuracy, but failed to estimate:
2026-06-25 20:47:03 INFO        | Aladdin_table with accuracy 70% estimating value: KeyError: 'action_latency_cycles'
2026-06-25 20:47:03 INFO        
2026-06-25 20:47:03 INFO        ENERGY ESTIMATION for SRAM(technology=45nm, width=32, depth=1, n_rdwr_ports=2, n_banks=1, global_cycle_seconds=5e-10).read(data_delta=0, address_delta=0, global_cycle_seconds=5e-10)
2026-06-25 20:47:03 INFO        CactiSRAM estimated 0.0 with accuracy 80%. Messages:
2026-06-25 20:47:03 INFO        | Unused arguments (n_rdwr_ports, global_cycle_seconds) provided for ['SRAM', 'sram'].__init__. Arguments used: (technology, width, depth, n_banks)
2026-06-25 20:47:03 INFO        | Unused arguments (global_cycle_seconds) provided for ['SRAM', 'sram'].read. Arguments used: (data_delta, address_delta)
2026-06-25 20:47:03 INFO        | Calling CACTI with cache_size=256 n_rw_ports=1 block_size=4 tech_node_um=0.045 n_banks=1 tag_size=0 associativity=1
2026-06-25 20:47:03 INFO        | Calling CACTI with input path /usr/local/share/accelergy/estimation_plug_ins/accelergy-cacti-plug-in/cacti_inputs_outputs/tmphqe_r1kz
2026-06-25 20:47:03 INFO        | CACTI output will be written to /usr/local/share/accelergy/estimation_plug_ins/accelergy-cacti-plug-in/cacti_inputs_outputs/tmpmv82854e
2026-06-25 20:47:03 INFO        | CACTI executable not found at /usr/local/share/accelergy/estimation_plug_ins/accelergy-cacti-plug-in/cacti/cacti
2026-06-25 20:47:03 INFO        | Calling: cd /usr/local/share/accelergy/estimation_plug_ins/accelergy-cacti-plug-in ; ./cacti -infile /usr/local/share/accelergy/estimation_plug_ins/accelergy-cacti-plug-in/cacti_inputs_outputs/tmphqe_r1kz >> /usr/local/share/accelergy/estimation_plug_ins/accelergy-cacti-plug-in/cacti_inputs_outputs/tmpmv82854e 2>&1
2026-06-25 20:47:03 INFO        | Cache bandwidth: 4.0 bytes/cycle
2026-06-25 20:47:03 INFO        | Cache bandwidth: 65421210374.168434 bits/second
2026-06-25 20:47:03 INFO        
2026-06-25 20:47:03 INFO        ENERGY ESTIMATION for intadder(technology=45nm, width=0, global_cycle_seconds=5e-10).add(global_cycle_seconds=5e-10)
2026-06-25 20:47:03 INFO        dummy estimated 1p with accuracy 1%. 
2026-06-25 20:47:03 INFO        Plug-ins provided accuracy, but failed to estimate:
2026-06-25 20:47:03 INFO        | Aladdin_table with accuracy 70% estimating value: KeyError: 'action_latency_cycles'
2026-06-25 20:47:03 INFO        
2026-06-25 20:47:03 INFO        ENERGY ESTIMATION for intadder(technology=45nm, width=0, global_cycle_seconds=5e-10).idle(global_cycle_seconds=5e-10)
2026-06-25 20:47:03 INFO        dummy estimated 1p with accuracy 1%. 
2026-06-25 20:47:03 INFO        Plug-ins provided accuracy, but failed to estimate:
2026-06-25 20:47:03 INFO        | Aladdin_table with accuracy 70% estimating value: KeyError: 'action_latency_cycles'
2026-06-25 20:47:03 INFO        
2026-06-25 20:47:03 INFO        ENERGY ESTIMATION for SRAM(technology=45nm, width=32, depth=1, n_rdwr_ports=2, n_banks=1, global_cycle_seconds=5e-10).read(data_delta=1, address_delta=0, global_cycle_seconds=5e-10)
2026-06-25 20:47:03 INFO        CactiSRAM estimated 1.8338580423474302e-14 with accuracy 80%. Messages:
2026-06-25 20:47:03 INFO        | Unused arguments (n_rdwr_ports, global_cycle_seconds) provided for ['SRAM', 'sram'].__init__. Arguments used: (technology, width, depth, n_banks)
2026-06-25 20:47:03 INFO        | Unused arguments (global_cycle_seconds) provided for ['SRAM', 'sram'].read. Arguments used: (data_delta, address_delta)
2026-06-25 20:47:03 INFO        | Calling CACTI with cache_size=256 n_rw_ports=1 block_size=4 tech_node_um=0.045 n_banks=1 tag_size=0 associativity=1
2026-06-25 20:47:03 INFO        | Calling CACTI with input path /usr/local/share/accelergy/estimation_plug_ins/accelergy-cacti-plug-in/cacti_inputs_outputs/tmpawwe0j3j
2026-06-25 20:47:03 INFO        | CACTI output will be written to /usr/local/share/accelergy/estimation_plug_ins/accelergy-cacti-plug-in/cacti_inputs_outputs/tmpuwcbno5m
2026-06-25 20:47:03 INFO        | CACTI executable not found at /usr/local/share/accelergy/estimation_plug_ins/accelergy-cacti-plug-in/cacti/cacti
2026-06-25 20:47:03 INFO        | Calling: cd /usr/local/share/accelergy/estimation_plug_ins/accelergy-cacti-plug-in ; ./cacti -infile /usr/local/share/accelergy/estimation_plug_ins/accelergy-cacti-plug-in/cacti_inputs_outputs/tmpawwe0j3j >> /usr/local/share/accelergy/estimation_plug_ins/accelergy-cacti-plug-in/cacti_inputs_outputs/tmpuwcbno5m 2>&1
2026-06-25 20:47:03 INFO        | Cache bandwidth: 4.0 bytes/cycle
2026-06-25 20:47:03 INFO        | Cache bandwidth: 65421210374.168434 bits/second
2026-06-25 20:47:03 INFO        
2026-06-25 20:47:03 INFO        ENERGY ESTIMATION for intadder(technology=45nm, width=0, global_cycle_seconds=5e-10).add(global_cycle_seconds=5e-10)
2026-06-25 20:47:03 INFO        dummy estimated 1p with accuracy 1%. 
2026-06-25 20:47:03 INFO        Plug-ins provided accuracy, but failed to estimate:
2026-06-25 20:47:03 INFO        | Aladdin_table with accuracy 70% estimating value: KeyError: 'action_latency_cycles'
2026-06-25 20:47:03 INFO        
2026-06-25 20:47:03 INFO        ENERGY ESTIMATION for intadder(technology=45nm, width=0, global_cycle_seconds=5e-10).idle(global_cycle_seconds=5e-10)
2026-06-25 20:47:03 INFO        dummy estimated 1p with accuracy 1%. 
2026-06-25 20:47:03 INFO        Plug-ins provided accuracy, but failed to estimate:
2026-06-25 20:47:03 INFO        | Aladdin_table with accuracy 70% estimating value: KeyError: 'action_latency_cycles'
2026-06-25 20:47:03 INFO        
2026-06-25 20:47:03 INFO        ENERGY ESTIMATION for SRAM(technology=45nm, width=32, depth=1, n_rdwr_ports=2, n_banks=1, global_cycle_seconds=5e-10).read(data_delta=0, address_delta=1, global_cycle_seconds=5e-10)
2026-06-25 20:47:03 INFO        CactiSRAM estimated 7.859391610060416e-15 with accuracy 80%. Messages:
2026-06-25 20:47:03 INFO        | Unused arguments (n_rdwr_ports, global_cycle_seconds) provided for ['SRAM', 'sram'].__init__. Arguments used: (technology, width, depth, n_banks)
2026-06-25 20:47:03 INFO        | Unused arguments (global_cycle_seconds) provided for ['SRAM', 'sram'].read. Arguments used: (data_delta, address_delta)
2026-06-25 20:47:03 INFO        | Calling CACTI with cache_size=256 n_rw_ports=1 block_size=4 tech_node_um=0.045 n_banks=1 tag_size=0 associativity=1
2026-06-25 20:47:03 INFO        | Calling CACTI with input path /usr/local/share/accelergy/estimation_plug_ins/accelergy-cacti-plug-in/cacti_inputs_outputs/tmpob8r8izk
2026-06-25 20:47:03 INFO        | CACTI output will be written to /usr/local/share/accelergy/estimation_plug_ins/accelergy-cacti-plug-in/cacti_inputs_outputs/tmpkgb91uio
2026-06-25 20:47:03 INFO        | CACTI executable not found at /usr/local/share/accelergy/estimation_plug_ins/accelergy-cacti-plug-in/cacti/cacti
2026-06-25 20:47:03 INFO        | Calling: cd /usr/local/share/accelergy/estimation_plug_ins/accelergy-cacti-plug-in ; ./cacti -infile /usr/local/share/accelergy/estimation_plug_ins/accelergy-cacti-plug-in/cacti_inputs_outputs/tmpob8r8izk >> /usr/local/share/accelergy/estimation_plug_ins/accelergy-cacti-plug-in/cacti_inputs_outputs/tmpkgb91uio 2>&1
2026-06-25 20:47:03 INFO        | Cache bandwidth: 4.0 bytes/cycle
2026-06-25 20:47:03 INFO        | Cache bandwidth: 65421210374.168434 bits/second
2026-06-25 20:47:03 INFO        
2026-06-25 20:47:03 INFO        ENERGY ESTIMATION for intadder(technology=45nm, width=0, global_cycle_seconds=5e-10).add(global_cycle_seconds=5e-10)
2026-06-25 20:47:03 INFO        dummy estimated 1p with accuracy 1%. 
2026-06-25 20:47:03 INFO        Plug-ins provided accuracy, but failed to estimate:
2026-06-25 20:47:03 INFO        | Aladdin_table with accuracy 70% estimating value: KeyError: 'action_latency_cycles'
2026-06-25 20:47:03 INFO        
2026-06-25 20:47:03 INFO        ENERGY ESTIMATION for intadder(technology=45nm, width=0, global_cycle_seconds=5e-10).idle(global_cycle_seconds=5e-10)
2026-06-25 20:47:03 INFO        dummy estimated 1p with accuracy 1%. 
2026-06-25 20:47:03 INFO        Plug-ins provided accuracy, but failed to estimate:
2026-06-25 20:47:03 INFO        | Aladdin_table with accuracy 70% estimating value: KeyError: 'action_latency_cycles'
2026-06-25 20:47:03 INFO        
2026-06-25 20:47:03 INFO        ENERGY ESTIMATION for SRAM(technology=45nm, width=32, depth=1, n_rdwr_ports=2, n_banks=1, global_cycle_seconds=5e-10).read(data_delta=1, address_delta=1, global_cycle_seconds=5e-10)
2026-06-25 20:47:03 INFO        CactiSRAM estimated 2.619797203353472e-14 with accuracy 80%. Messages:
2026-06-25 20:47:03 INFO        | Unused arguments (n_rdwr_ports, global_cycle_seconds) provided for ['SRAM', 'sram'].__init__. Arguments used: (technology, width, depth, n_banks)
2026-06-25 20:47:03 INFO        | Unused arguments (global_cycle_seconds) provided for ['SRAM', 'sram'].read. Arguments used: (data_delta, address_delta)
2026-06-25 20:47:03 INFO        | Calling CACTI with cache_size=256 n_rw_ports=1 block_size=4 tech_node_um=0.045 n_banks=1 tag_size=0 associativity=1
2026-06-25 20:47:03 INFO        | Calling CACTI with input path /usr/local/share/accelergy/estimation_plug_ins/accelergy-cacti-plug-in/cacti_inputs_outputs/tmpsitv53qj
2026-06-25 20:47:03 INFO        | CACTI output will be written to /usr/local/share/accelergy/estimation_plug_ins/accelergy-cacti-plug-in/cacti_inputs_outputs/tmpvg83g7fo
2026-06-25 20:47:03 INFO        | CACTI executable not found at /usr/local/share/accelergy/estimation_plug_ins/accelergy-cacti-plug-in/cacti/cacti
2026-06-25 20:47:03 INFO        | Calling: cd /usr/local/share/accelergy/estimation_plug_ins/accelergy-cacti-plug-in ; ./cacti -infile /usr/local/share/accelergy/estimation_plug_ins/accelergy-cacti-plug-in/cacti_inputs_outputs/tmpsitv53qj >> /usr/local/share/accelergy/estimation_plug_ins/accelergy-cacti-plug-in/cacti_inputs_outputs/tmpvg83g7fo 2>&1
2026-06-25 20:47:03 INFO        | Cache bandwidth: 4.0 bytes/cycle
2026-06-25 20:47:03 INFO        | Cache bandwidth: 65421210374.168434 bits/second
2026-06-25 20:47:03 INFO        
2026-06-25 20:47:03 INFO        ENERGY ESTIMATION for intadder(technology=45nm, width=0, global_cycle_seconds=5e-10).add(global_cycle_seconds=5e-10)
2026-06-25 20:47:03 INFO        dummy estimated 1p with accuracy 1%. 
2026-06-25 20:47:03 INFO        Plug-ins provided accuracy, but failed to estimate:
2026-06-25 20:47:03 INFO        | Aladdin_table with accuracy 70% estimating value: KeyError: 'action_latency_cycles'
2026-06-25 20:47:03 INFO        
2026-06-25 20:47:03 INFO        ENERGY ESTIMATION for intadder(technology=45nm, width=0, global_cycle_seconds=5e-10).idle(global_cycle_seconds=5e-10)
2026-06-25 20:47:03 INFO        dummy estimated 1p with accuracy 1%. 
2026-06-25 20:47:03 INFO        Plug-ins provided accuracy, but failed to estimate:
2026-06-25 20:47:03 INFO        | Aladdin_table with accuracy 70% estimating value: KeyError: 'action_latency_cycles'
2026-06-25 20:47:03 INFO        
2026-06-25 20:47:03 INFO        ENERGY ESTIMATION for SRAM(technology=45nm, width=32, depth=1, n_rdwr_ports=2, n_banks=1, global_cycle_seconds=5e-10).idle(global_cycle_seconds=5e-10)
2026-06-25 20:47:03 INFO        CactiSRAM estimated 0 with accuracy 80%. Messages:
2026-06-25 20:47:03 INFO        | Unused arguments (n_rdwr_ports, global_cycle_seconds) provided for ['SRAM', 'sram'].__init__. Arguments used: (technology, width, depth, n_banks)
2026-06-25 20:47:03 INFO        | Unused arguments (global_cycle_seconds) provided for ['SRAM', 'sram'].idle. Arguments used: ()
2026-06-25 20:47:03 INFO        
2026-06-25 20:47:03 INFO        ENERGY ESTIMATION for intadder(technology=45nm, width=0, global_cycle_seconds=5e-10).idle(global_cycle_seconds=5e-10)
2026-06-25 20:47:03 INFO        dummy estimated 1p with accuracy 1%. 
2026-06-25 20:47:03 INFO        Plug-ins provided accuracy, but failed to estimate:
2026-06-25 20:47:03 INFO        | Aladdin_table with accuracy 70% estimating value: KeyError: 'action_latency_cycles'
2026-06-25 20:47:03 INFO        
2026-06-25 20:47:03 INFO        ENERGY ESTIMATION for intmac(technology=45nm, datawidth=16, global_cycle_seconds=5e-10).mac_random(global_cycle_seconds=5e-10)
2026-06-25 20:47:03 INFO        dummy estimated 1p with accuracy 1%. 
2026-06-25 20:47:03 INFO        Plug-ins provided accuracy, but failed to estimate:
2026-06-25 20:47:03 INFO        | Aladdin_table with accuracy 70% estimating value: KeyError: 'width'
2026-06-25 20:47:03 INFO        
2026-06-25 20:47:03 INFO        ENERGY ESTIMATION for SRAM(technology=45nm, width=512, depth=2048, n_rdwr_ports=2, n_banks=1, global_cycle_seconds=5e-10).write(data_delta=0, address_delta=0, global_cycle_seconds=5e-10)
2026-06-25 20:47:04 INFO        CactiSRAM estimated 0.0 with accuracy 80%. Messages:
2026-06-25 20:47:04 INFO        | Unused arguments (n_rdwr_ports, global_cycle_seconds) provided for ['SRAM', 'sram'].__init__. Arguments used: (technology, width, depth, n_banks)
2026-06-25 20:47:04 INFO        | Unused arguments (global_cycle_seconds) provided for ['SRAM', 'sram'].write. Arguments used: (data_delta, address_delta)
2026-06-25 20:47:04 INFO        | Calling CACTI with cache_size=131072 n_rw_ports=1 block_size=64 tech_node_um=0.045 n_banks=1 tag_size=0 associativity=1
2026-06-25 20:47:04 INFO        | Calling CACTI with input path /usr/local/share/accelergy/estimation_plug_ins/accelergy-cacti-plug-in/cacti_inputs_outputs/tmp6elaeecc
2026-06-25 20:47:04 INFO        | CACTI output will be written to /usr/local/share/accelergy/estimation_plug_ins/accelergy-cacti-plug-in/cacti_inputs_outputs/tmpv6addrcr
2026-06-25 20:47:04 INFO        | CACTI executable not found at /usr/local/share/accelergy/estimation_plug_ins/accelergy-cacti-plug-in/cacti/cacti
2026-06-25 20:47:04 INFO        | Calling: cd /usr/local/share/accelergy/estimation_plug_ins/accelergy-cacti-plug-in ; ./cacti -infile /usr/local/share/accelergy/estimation_plug_ins/accelergy-cacti-plug-in/cacti_inputs_outputs/tmp6elaeecc >> /usr/local/share/accelergy/estimation_plug_ins/accelergy-cacti-plug-in/cacti_inputs_outputs/tmpv6addrcr 2>&1
2026-06-25 20:47:04 INFO        | Cache bandwidth: 64.0 bytes/cycle
2026-06-25 20:47:04 INFO        | Cache bandwidth: 215697921801.07767 bits/second
2026-06-25 20:47:04 INFO        
2026-06-25 20:47:04 INFO        ENERGY ESTIMATION for intadder(technology=45nm, width=7.6246189861593985, global_cycle_seconds=5e-10).count(global_cycle_seconds=5e-10)
2026-06-25 20:47:04 INFO        dummy estimated 1p with accuracy 1%. 
2026-06-25 20:47:04 INFO        Plug-ins provided accuracy, but failed to estimate:
2026-06-25 20:47:04 INFO        | Aladdin_table with accuracy 70% estimating value: KeyError: 'action_latency_cycles'
2026-06-25 20:47:04 INFO        
2026-06-25 20:47:04 INFO        ENERGY ESTIMATION for intadder(technology=45nm, width=7.6246189861593985, global_cycle_seconds=5e-10).idle(global_cycle_seconds=5e-10)
2026-06-25 20:47:04 INFO        dummy estimated 1p with accuracy 1%. 
2026-06-25 20:47:04 INFO        Plug-ins provided accuracy, but failed to estimate:
2026-06-25 20:47:04 INFO        | Aladdin_table with accuracy 70% estimating value: KeyError: 'action_latency_cycles'
2026-06-25 20:47:04 INFO        
2026-06-25 20:47:04 INFO        ENERGY ESTIMATION for SRAM(technology=45nm, width=512, depth=2048, n_rdwr_ports=2, n_banks=1, global_cycle_seconds=5e-10).write(data_delta=1, address_delta=0, global_cycle_seconds=5e-10)
2026-06-25 20:47:04 INFO        CactiSRAM estimated 1.388625e-10 with accuracy 80%. Messages:
2026-06-25 20:47:04 INFO        | Unused arguments (n_rdwr_ports, global_cycle_seconds) provided for ['SRAM', 'sram'].__init__. Arguments used: (technology, width, depth, n_banks)
2026-06-25 20:47:04 INFO        | Unused arguments (global_cycle_seconds) provided for ['SRAM', 'sram'].write. Arguments used: (data_delta, address_delta)
2026-06-25 20:47:04 INFO        | Calling CACTI with cache_size=131072 n_rw_ports=1 block_size=64 tech_node_um=0.045 n_banks=1 tag_size=0 associativity=1
2026-06-25 20:47:04 INFO        | Calling CACTI with input path /usr/local/share/accelergy/estimation_plug_ins/accelergy-cacti-plug-in/cacti_inputs_outputs/tmp8u0h8y_u
2026-06-25 20:47:04 INFO        | CACTI output will be written to /usr/local/share/accelergy/estimation_plug_ins/accelergy-cacti-plug-in/cacti_inputs_outputs/tmpd1iknz_7
2026-06-25 20:47:04 INFO        | CACTI executable not found at /usr/local/share/accelergy/estimation_plug_ins/accelergy-cacti-plug-in/cacti/cacti
2026-06-25 20:47:04 INFO        | Calling: cd /usr/local/share/accelergy/estimation_plug_ins/accelergy-cacti-plug-in ; ./cacti -infile /usr/local/share/accelergy/estimation_plug_ins/accelergy-cacti-plug-in/cacti_inputs_outputs/tmp8u0h8y_u >> /usr/local/share/accelergy/estimation_plug_ins/accelergy-cacti-plug-in/cacti_inputs_outputs/tmpd1iknz_7 2>&1
2026-06-25 20:47:04 INFO        | Cache bandwidth: 64.0 bytes/cycle
2026-06-25 20:47:04 INFO        | Cache bandwidth: 215697921801.07767 bits/second
2026-06-25 20:47:04 INFO        
2026-06-25 20:47:04 INFO        ENERGY ESTIMATION for intadder(technology=45nm, width=7.6246189861593985, global_cycle_seconds=5e-10).count(global_cycle_seconds=5e-10)
2026-06-25 20:47:04 INFO        dummy estimated 1p with accuracy 1%. 
2026-06-25 20:47:04 INFO        Plug-ins provided accuracy, but failed to estimate:
2026-06-25 20:47:04 INFO        | Aladdin_table with accuracy 70% estimating value: KeyError: 'action_latency_cycles'
2026-06-25 20:47:04 INFO        
2026-06-25 20:47:04 INFO        ENERGY ESTIMATION for intadder(technology=45nm, width=7.6246189861593985, global_cycle_seconds=5e-10).idle(global_cycle_seconds=5e-10)
2026-06-25 20:47:04 INFO        dummy estimated 1p with accuracy 1%. 
2026-06-25 20:47:04 INFO        Plug-ins provided accuracy, but failed to estimate:
2026-06-25 20:47:04 INFO        | Aladdin_table with accuracy 70% estimating value: KeyError: 'action_latency_cycles'
2026-06-25 20:47:04 INFO        
2026-06-25 20:47:04 INFO        ENERGY ESTIMATION for SRAM(technology=45nm, width=512, depth=2048, n_rdwr_ports=2, n_banks=1, global_cycle_seconds=5e-10).write(data_delta=0, address_delta=1, global_cycle_seconds=5e-10)
2026-06-25 20:47:04 INFO        CactiSRAM estimated 5.951249999999999e-11 with accuracy 80%. Messages:
2026-06-25 20:47:04 INFO        | Unused arguments (n_rdwr_ports, global_cycle_seconds) provided for ['SRAM', 'sram'].__init__. Arguments used: (technology, width, depth, n_banks)
2026-06-25 20:47:04 INFO        | Unused arguments (global_cycle_seconds) provided for ['SRAM', 'sram'].write. Arguments used: (data_delta, address_delta)
2026-06-25 20:47:04 INFO        | Calling CACTI with cache_size=131072 n_rw_ports=1 block_size=64 tech_node_um=0.045 n_banks=1 tag_size=0 associativity=1
2026-06-25 20:47:04 INFO        | Calling CACTI with input path /usr/local/share/accelergy/estimation_plug_ins/accelergy-cacti-plug-in/cacti_inputs_outputs/tmp6u87j_sn
2026-06-25 20:47:04 INFO        | CACTI output will be written to /usr/local/share/accelergy/estimation_plug_ins/accelergy-cacti-plug-in/cacti_inputs_outputs/tmpbkshd94_
2026-06-25 20:47:04 INFO        | CACTI executable not found at /usr/local/share/accelergy/estimation_plug_ins/accelergy-cacti-plug-in/cacti/cacti
2026-06-25 20:47:04 INFO        | Calling: cd /usr/local/share/accelergy/estimation_plug_ins/accelergy-cacti-plug-in ; ./cacti -infile /usr/local/share/accelergy/estimation_plug_ins/accelergy-cacti-plug-in/cacti_inputs_outputs/tmp6u87j_sn >> /usr/local/share/accelergy/estimation_plug_ins/accelergy-cacti-plug-in/cacti_inputs_outputs/tmpbkshd94_ 2>&1
2026-06-25 20:47:04 INFO        | Cache bandwidth: 64.0 bytes/cycle
2026-06-25 20:47:04 INFO        | Cache bandwidth: 215697921801.07767 bits/second
2026-06-25 20:47:04 INFO        
2026-06-25 20:47:04 INFO        ENERGY ESTIMATION for intadder(technology=45nm, width=7.6246189861593985, global_cycle_seconds=5e-10).count(global_cycle_seconds=5e-10)
2026-06-25 20:47:04 INFO        dummy estimated 1p with accuracy 1%. 
2026-06-25 20:47:04 INFO        Plug-ins provided accuracy, but failed to estimate:
2026-06-25 20:47:04 INFO        | Aladdin_table with accuracy 70% estimating value: KeyError: 'action_latency_cycles'
2026-06-25 20:47:04 INFO        
2026-06-25 20:47:04 INFO        ENERGY ESTIMATION for intadder(technology=45nm, width=7.6246189861593985, global_cycle_seconds=5e-10).idle(global_cycle_seconds=5e-10)
2026-06-25 20:47:04 INFO        dummy estimated 1p with accuracy 1%. 
2026-06-25 20:47:04 INFO        Plug-ins provided accuracy, but failed to estimate:
2026-06-25 20:47:04 INFO        | Aladdin_table with accuracy 70% estimating value: KeyError: 'action_latency_cycles'
2026-06-25 20:47:04 INFO        
2026-06-25 20:47:04 INFO        ENERGY ESTIMATION for SRAM(technology=45nm, width=512, depth=2048, n_rdwr_ports=2, n_banks=1, global_cycle_seconds=5e-10).write(data_delta=1, address_delta=1, global_cycle_seconds=5e-10)
2026-06-25 20:47:05 INFO        CactiSRAM estimated 1.98375e-10 with accuracy 80%. Messages:
2026-06-25 20:47:05 INFO        | Unused arguments (n_rdwr_ports, global_cycle_seconds) provided for ['SRAM', 'sram'].__init__. Arguments used: (technology, width, depth, n_banks)
2026-06-25 20:47:05 INFO        | Unused arguments (global_cycle_seconds) provided for ['SRAM', 'sram'].write. Arguments used: (data_delta, address_delta)
2026-06-25 20:47:05 INFO        | Calling CACTI with cache_size=131072 n_rw_ports=1 block_size=64 tech_node_um=0.045 n_banks=1 tag_size=0 associativity=1
2026-06-25 20:47:05 INFO        | Calling CACTI with input path /usr/local/share/accelergy/estimation_plug_ins/accelergy-cacti-plug-in/cacti_inputs_outputs/tmpuoc3msy7
2026-06-25 20:47:05 INFO        | CACTI output will be written to /usr/local/share/accelergy/estimation_plug_ins/accelergy-cacti-plug-in/cacti_inputs_outputs/tmpkp6lxywa
2026-06-25 20:47:05 INFO        | CACTI executable not found at /usr/local/share/accelergy/estimation_plug_ins/accelergy-cacti-plug-in/cacti/cacti
2026-06-25 20:47:05 INFO        | Calling: cd /usr/local/share/accelergy/estimation_plug_ins/accelergy-cacti-plug-in ; ./cacti -infile /usr/local/share/accelergy/estimation_plug_ins/accelergy-cacti-plug-in/cacti_inputs_outputs/tmpuoc3msy7 >> /usr/local/share/accelergy/estimation_plug_ins/accelergy-cacti-plug-in/cacti_inputs_outputs/tmpkp6lxywa 2>&1
2026-06-25 20:47:05 INFO        | Cache bandwidth: 64.0 bytes/cycle
2026-06-25 20:47:05 INFO        | Cache bandwidth: 215697921801.07767 bits/second
2026-06-25 20:47:05 INFO        
2026-06-25 20:47:05 INFO        ENERGY ESTIMATION for intadder(technology=45nm, width=7.6246189861593985, global_cycle_seconds=5e-10).count(global_cycle_seconds=5e-10)
2026-06-25 20:47:05 INFO        dummy estimated 1p with accuracy 1%. 
2026-06-25 20:47:05 INFO        Plug-ins provided accuracy, but failed to estimate:
2026-06-25 20:47:05 INFO        | Aladdin_table with accuracy 70% estimating value: KeyError: 'action_latency_cycles'
2026-06-25 20:47:05 INFO        
2026-06-25 20:47:05 INFO        ENERGY ESTIMATION for intadder(technology=45nm, width=7.6246189861593985, global_cycle_seconds=5e-10).idle(global_cycle_seconds=5e-10)
2026-06-25 20:47:05 INFO        dummy estimated 1p with accuracy 1%. 
2026-06-25 20:47:05 INFO        Plug-ins provided accuracy, but failed to estimate:
2026-06-25 20:47:05 INFO        | Aladdin_table with accuracy 70% estimating value: KeyError: 'action_latency_cycles'
2026-06-25 20:47:05 INFO        
2026-06-25 20:47:05 INFO        ENERGY ESTIMATION for SRAM(technology=45nm, width=512, depth=2048, n_rdwr_ports=2, n_banks=1, global_cycle_seconds=5e-10).read(data_delta=0, address_delta=0, global_cycle_seconds=5e-10)
2026-06-25 20:47:05 INFO        CactiSRAM estimated 0.0 with accuracy 80%. Messages:
2026-06-25 20:47:05 INFO        | Unused arguments (n_rdwr_ports, global_cycle_seconds) provided for ['SRAM', 'sram'].__init__. Arguments used: (technology, width, depth, n_banks)
2026-06-25 20:47:05 INFO        | Unused arguments (global_cycle_seconds) provided for ['SRAM', 'sram'].read. Arguments used: (data_delta, address_delta)
2026-06-25 20:47:05 INFO        | Calling CACTI with cache_size=131072 n_rw_ports=1 block_size=64 tech_node_um=0.045 n_banks=1 tag_size=0 associativity=1
2026-06-25 20:47:05 INFO        | Calling CACTI with input path /usr/local/share/accelergy/estimation_plug_ins/accelergy-cacti-plug-in/cacti_inputs_outputs/tmp9iqc70o_
2026-06-25 20:47:05 INFO        | CACTI output will be written to /usr/local/share/accelergy/estimation_plug_ins/accelergy-cacti-plug-in/cacti_inputs_outputs/tmp6l8yqsm7
2026-06-25 20:47:05 INFO        | CACTI executable not found at /usr/local/share/accelergy/estimation_plug_ins/accelergy-cacti-plug-in/cacti/cacti
2026-06-25 20:47:05 INFO        | Calling: cd /usr/local/share/accelergy/estimation_plug_ins/accelergy-cacti-plug-in ; ./cacti -infile /usr/local/share/accelergy/estimation_plug_ins/accelergy-cacti-plug-in/cacti_inputs_outputs/tmp9iqc70o_ >> /usr/local/share/accelergy/estimation_plug_ins/accelergy-cacti-plug-in/cacti_inputs_outputs/tmp6l8yqsm7 2>&1
2026-06-25 20:47:05 INFO        | Cache bandwidth: 64.0 bytes/cycle
2026-06-25 20:47:05 INFO        | Cache bandwidth: 215697921801.07767 bits/second
2026-06-25 20:47:05 INFO        
2026-06-25 20:47:05 INFO        ENERGY ESTIMATION for intadder(technology=45nm, width=7.6246189861593985, global_cycle_seconds=5e-10).add(global_cycle_seconds=5e-10)
2026-06-25 20:47:05 INFO        dummy estimated 1p with accuracy 1%. 
2026-06-25 20:47:05 INFO        Plug-ins provided accuracy, but failed to estimate:
2026-06-25 20:47:05 INFO        | Aladdin_table with accuracy 70% estimating value: KeyError: 'action_latency_cycles'
2026-06-25 20:47:05 INFO        
2026-06-25 20:47:05 INFO        ENERGY ESTIMATION for intadder(technology=45nm, width=7.6246189861593985, global_cycle_seconds=5e-10).idle(global_cycle_seconds=5e-10)
2026-06-25 20:47:05 INFO        dummy estimated 1p with accuracy 1%. 
2026-06-25 20:47:05 INFO        Plug-ins provided accuracy, but failed to estimate:
2026-06-25 20:47:05 INFO        | Aladdin_table with accuracy 70% estimating value: KeyError: 'action_latency_cycles'
2026-06-25 20:47:05 INFO        
2026-06-25 20:47:05 INFO        ENERGY ESTIMATION for SRAM(technology=45nm, width=512, depth=2048, n_rdwr_ports=2, n_banks=1, global_cycle_seconds=5e-10).read(data_delta=1, address_delta=0, global_cycle_seconds=5e-10)
2026-06-25 20:47:06 INFO        CactiSRAM estimated 6.844075e-11 with accuracy 80%. Messages:
2026-06-25 20:47:06 INFO        | Unused arguments (n_rdwr_ports, global_cycle_seconds) provided for ['SRAM', 'sram'].__init__. Arguments used: (technology, width, depth, n_banks)
2026-06-25 20:47:06 INFO        | Unused arguments (global_cycle_seconds) provided for ['SRAM', 'sram'].read. Arguments used: (data_delta, address_delta)
2026-06-25 20:47:06 INFO        | Calling CACTI with cache_size=131072 n_rw_ports=1 block_size=64 tech_node_um=0.045 n_banks=1 tag_size=0 associativity=1
2026-06-25 20:47:06 INFO        | Calling CACTI with input path /usr/local/share/accelergy/estimation_plug_ins/accelergy-cacti-plug-in/cacti_inputs_outputs/tmp1tas5qwv
2026-06-25 20:47:06 INFO        | CACTI output will be written to /usr/local/share/accelergy/estimation_plug_ins/accelergy-cacti-plug-in/cacti_inputs_outputs/tmp4fdypls2
2026-06-25 20:47:06 INFO        | CACTI executable not found at /usr/local/share/accelergy/estimation_plug_ins/accelergy-cacti-plug-in/cacti/cacti
2026-06-25 20:47:06 INFO        | Calling: cd /usr/local/share/accelergy/estimation_plug_ins/accelergy-cacti-plug-in ; ./cacti -infile /usr/local/share/accelergy/estimation_plug_ins/accelergy-cacti-plug-in/cacti_inputs_outputs/tmp1tas5qwv >> /usr/local/share/accelergy/estimation_plug_ins/accelergy-cacti-plug-in/cacti_inputs_outputs/tmp4fdypls2 2>&1
2026-06-25 20:47:06 INFO        | Cache bandwidth: 64.0 bytes/cycle
2026-06-25 20:47:06 INFO        | Cache bandwidth: 215697921801.07767 bits/second
2026-06-25 20:47:06 INFO        
2026-06-25 20:47:06 INFO        ENERGY ESTIMATION for intadder(technology=45nm, width=7.6246189861593985, global_cycle_seconds=5e-10).add(global_cycle_seconds=5e-10)
2026-06-25 20:47:06 INFO        dummy estimated 1p with accuracy 1%. 
2026-06-25 20:47:06 INFO        Plug-ins provided accuracy, but failed to estimate:
2026-06-25 20:47:06 INFO        | Aladdin_table with accuracy 70% estimating value: KeyError: 'action_latency_cycles'
2026-06-25 20:47:06 INFO        
2026-06-25 20:47:06 INFO        ENERGY ESTIMATION for intadder(technology=45nm, width=7.6246189861593985, global_cycle_seconds=5e-10).idle(global_cycle_seconds=5e-10)
2026-06-25 20:47:06 INFO        dummy estimated 1p with accuracy 1%. 
2026-06-25 20:47:06 INFO        Plug-ins provided accuracy, but failed to estimate:
2026-06-25 20:47:06 INFO        | Aladdin_table with accuracy 70% estimating value: KeyError: 'action_latency_cycles'
2026-06-25 20:47:06 INFO        
2026-06-25 20:47:06 INFO        ENERGY ESTIMATION for SRAM(technology=45nm, width=512, depth=2048, n_rdwr_ports=2, n_banks=1, global_cycle_seconds=5e-10).read(data_delta=0, address_delta=1, global_cycle_seconds=5e-10)
2026-06-25 20:47:06 INFO        CactiSRAM estimated 2.933175e-11 with accuracy 80%. Messages:
2026-06-25 20:47:06 INFO        | Unused arguments (n_rdwr_ports, global_cycle_seconds) provided for ['SRAM', 'sram'].__init__. Arguments used: (technology, width, depth, n_banks)
2026-06-25 20:47:06 INFO        | Unused arguments (global_cycle_seconds) provided for ['SRAM', 'sram'].read. Arguments used: (data_delta, address_delta)
2026-06-25 20:47:06 INFO        | Calling CACTI with cache_size=131072 n_rw_ports=1 block_size=64 tech_node_um=0.045 n_banks=1 tag_size=0 associativity=1
2026-06-25 20:47:06 INFO        | Calling CACTI with input path /usr/local/share/accelergy/estimation_plug_ins/accelergy-cacti-plug-in/cacti_inputs_outputs/tmpsuhu9nba
2026-06-25 20:47:06 INFO        | CACTI output will be written to /usr/local/share/accelergy/estimation_plug_ins/accelergy-cacti-plug-in/cacti_inputs_outputs/tmpeu6zpmpc
2026-06-25 20:47:06 INFO        | CACTI executable not found at /usr/local/share/accelergy/estimation_plug_ins/accelergy-cacti-plug-in/cacti/cacti
2026-06-25 20:47:06 INFO        | Calling: cd /usr/local/share/accelergy/estimation_plug_ins/accelergy-cacti-plug-in ; ./cacti -infile /usr/local/share/accelergy/estimation_plug_ins/accelergy-cacti-plug-in/cacti_inputs_outputs/tmpsuhu9nba >> /usr/local/share/accelergy/estimation_plug_ins/accelergy-cacti-plug-in/cacti_inputs_outputs/tmpeu6zpmpc 2>&1
2026-06-25 20:47:06 INFO        | Cache bandwidth: 64.0 bytes/cycle
2026-06-25 20:47:06 INFO        | Cache bandwidth: 215697921801.07767 bits/second
2026-06-25 20:47:06 INFO        
2026-06-25 20:47:06 INFO        ENERGY ESTIMATION for intadder(technology=45nm, width=7.6246189861593985, global_cycle_seconds=5e-10).add(global_cycle_seconds=5e-10)
2026-06-25 20:47:06 INFO        dummy estimated 1p with accuracy 1%. 
2026-06-25 20:47:06 INFO        Plug-ins provided accuracy, but failed to estimate:
2026-06-25 20:47:06 INFO        | Aladdin_table with accuracy 70% estimating value: KeyError: 'action_latency_cycles'
2026-06-25 20:47:06 INFO        
2026-06-25 20:47:06 INFO        ENERGY ESTIMATION for intadder(technology=45nm, width=7.6246189861593985, global_cycle_seconds=5e-10).idle(global_cycle_seconds=5e-10)
2026-06-25 20:47:06 INFO        dummy estimated 1p with accuracy 1%. 
2026-06-25 20:47:06 INFO        Plug-ins provided accuracy, but failed to estimate:
2026-06-25 20:47:06 INFO        | Aladdin_table with accuracy 70% estimating value: KeyError: 'action_latency_cycles'
2026-06-25 20:47:06 INFO        
2026-06-25 20:47:06 INFO        ENERGY ESTIMATION for SRAM(technology=45nm, width=512, depth=2048, n_rdwr_ports=2, n_banks=1, global_cycle_seconds=5e-10).read(data_delta=1, address_delta=1, global_cycle_seconds=5e-10)
2026-06-25 20:47:07 INFO        CactiSRAM estimated 9.777250000000001e-11 with accuracy 80%. Messages:
2026-06-25 20:47:07 INFO        | Unused arguments (n_rdwr_ports, global_cycle_seconds) provided for ['SRAM', 'sram'].__init__. Arguments used: (technology, width, depth, n_banks)
2026-06-25 20:47:07 INFO        | Unused arguments (global_cycle_seconds) provided for ['SRAM', 'sram'].read. Arguments used: (data_delta, address_delta)
2026-06-25 20:47:07 INFO        | Calling CACTI with cache_size=131072 n_rw_ports=1 block_size=64 tech_node_um=0.045 n_banks=1 tag_size=0 associativity=1
2026-06-25 20:47:07 INFO        | Calling CACTI with input path /usr/local/share/accelergy/estimation_plug_ins/accelergy-cacti-plug-in/cacti_inputs_outputs/tmpw7ci1h52
2026-06-25 20:47:07 INFO        | CACTI output will be written to /usr/local/share/accelergy/estimation_plug_ins/accelergy-cacti-plug-in/cacti_inputs_outputs/tmpw1kf_hc8
2026-06-25 20:47:07 INFO        | CACTI executable not found at /usr/local/share/accelergy/estimation_plug_ins/accelergy-cacti-plug-in/cacti/cacti
2026-06-25 20:47:07 INFO        | Calling: cd /usr/local/share/accelergy/estimation_plug_ins/accelergy-cacti-plug-in ; ./cacti -infile /usr/local/share/accelergy/estimation_plug_ins/accelergy-cacti-plug-in/cacti_inputs_outputs/tmpw7ci1h52 >> /usr/local/share/accelergy/estimation_plug_ins/accelergy-cacti-plug-in/cacti_inputs_outputs/tmpw1kf_hc8 2>&1
2026-06-25 20:47:07 INFO        | Cache bandwidth: 64.0 bytes/cycle
2026-06-25 20:47:07 INFO        | Cache bandwidth: 215697921801.07767 bits/second
2026-06-25 20:47:07 INFO        
2026-06-25 20:47:07 INFO        ENERGY ESTIMATION for intadder(technology=45nm, width=7.6246189861593985, global_cycle_seconds=5e-10).add(global_cycle_seconds=5e-10)
2026-06-25 20:47:07 INFO        dummy estimated 1p with accuracy 1%. 
2026-06-25 20:47:07 INFO        Plug-ins provided accuracy, but failed to estimate:
2026-06-25 20:47:07 INFO        | Aladdin_table with accuracy 70% estimating value: KeyError: 'action_latency_cycles'
2026-06-25 20:47:07 INFO        
2026-06-25 20:47:07 INFO        ENERGY ESTIMATION for intadder(technology=45nm, width=7.6246189861593985, global_cycle_seconds=5e-10).idle(global_cycle_seconds=5e-10)
2026-06-25 20:47:07 INFO        dummy estimated 1p with accuracy 1%. 
2026-06-25 20:47:07 INFO        Plug-ins provided accuracy, but failed to estimate:
2026-06-25 20:47:07 INFO        | Aladdin_table with accuracy 70% estimating value: KeyError: 'action_latency_cycles'
2026-06-25 20:47:07 INFO        
2026-06-25 20:47:07 INFO        ENERGY ESTIMATION for SRAM(technology=45nm, width=512, depth=2048, n_rdwr_ports=2, n_banks=1, global_cycle_seconds=5e-10).idle(global_cycle_seconds=5e-10)
2026-06-25 20:47:07 INFO        CactiSRAM estimated 0 with accuracy 80%. Messages:
2026-06-25 20:47:07 INFO        | Unused arguments (n_rdwr_ports, global_cycle_seconds) provided for ['SRAM', 'sram'].__init__. Arguments used: (technology, width, depth, n_banks)
2026-06-25 20:47:07 INFO        | Unused arguments (global_cycle_seconds) provided for ['SRAM', 'sram'].idle. Arguments used: ()
2026-06-25 20:47:07 INFO        
2026-06-25 20:47:07 INFO        ENERGY ESTIMATION for intadder(technology=45nm, width=7.6246189861593985, global_cycle_seconds=5e-10).idle(global_cycle_seconds=5e-10)
2026-06-25 20:47:07 INFO        dummy estimated 1p with accuracy 1%. 
2026-06-25 20:47:07 INFO        Plug-ins provided accuracy, but failed to estimate:
2026-06-25 20:47:07 INFO        | Aladdin_table with accuracy 70% estimating value: KeyError: 'action_latency_cycles'
2026-06-25 20:47:07 WARNING     No action counts are specified as yaml input
2026-06-25 20:47:07 INFO        
2026-06-25 20:47:07 INFO        AREA ESTIMATION for DRAM(type=DDR4, width=16, block-size=1, word-bits=16, shared_bandwidth=6, datawidth=16, technology=45nm, latency=0.5ns, global_cycle_seconds=5e-10)
2026-06-25 20:47:07 INFO        dummy estimated 1u^2 with accuracy 1%. Messages:
2026-06-25 20:47:07 INFO        | Multiplying by n_instances 1
2026-06-25 20:47:07 INFO        Plug-ins provided accuracy, but failed to estimate:
2026-06-25 20:47:07 INFO        | CactiDRAM with accuracy 80% estimating value: AssertionError: DRAM type DDR4 is not supported. Must be one of ['LPDDR4', 'LPDDR', 'DDR3', 'GDDR5', 'HBM2', 'HMC'].
2026-06-25 20:47:07 INFO        
2026-06-25 20:47:07 INFO        AREA ESTIMATION for SRAM(technology=45nm, width=128, depth=1024, n_rdwr_ports=2, n_banks=1, global_cycle_seconds=5e-10)
2026-06-25 20:47:07 INFO        CactiSRAM estimated 5.0649399999999994e-08 with accuracy 80%. Messages:
2026-06-25 20:47:07 INFO        | Unused arguments (n_rdwr_ports, global_cycle_seconds) provided for ['SRAM', 'sram'].__init__. Arguments used: (technology, width, depth, n_banks)
2026-06-25 20:47:07 INFO        | Calling CACTI with cache_size=16384 n_rw_ports=1 block_size=16 tech_node_um=0.045 n_banks=1 tag_size=0 associativity=1
2026-06-25 20:47:07 INFO        | Calling CACTI with input path /usr/local/share/accelergy/estimation_plug_ins/accelergy-cacti-plug-in/cacti_inputs_outputs/tmp5icvz9o7
2026-06-25 20:47:07 INFO        | CACTI output will be written to /usr/local/share/accelergy/estimation_plug_ins/accelergy-cacti-plug-in/cacti_inputs_outputs/tmpt868xc0s
2026-06-25 20:47:07 INFO        | CACTI executable not found at /usr/local/share/accelergy/estimation_plug_ins/accelergy-cacti-plug-in/cacti/cacti
2026-06-25 20:47:07 INFO        | Calling: cd /usr/local/share/accelergy/estimation_plug_ins/accelergy-cacti-plug-in ; ./cacti -infile /usr/local/share/accelergy/estimation_plug_ins/accelergy-cacti-plug-in/cacti_inputs_outputs/tmp5icvz9o7 >> /usr/local/share/accelergy/estimation_plug_ins/accelergy-cacti-plug-in/cacti_inputs_outputs/tmpt868xc0s 2>&1
2026-06-25 20:47:07 INFO        | Cache bandwidth: 16.0 bytes/cycle
2026-06-25 20:47:07 INFO        | Cache bandwidth: 113563773156.36313 bits/second
2026-06-25 20:47:07 INFO        | Multiplying by n_instances 1
2026-06-25 20:47:07 INFO        
2026-06-25 20:47:07 INFO        AREA ESTIMATION for intadder(technology=45nm, width=6.931471805599453, global_cycle_seconds=5e-10)
2026-06-25 20:47:07 INFO        Aladdin_table estimated 82.09461919756852u^2 with accuracy 70%. Messages:
2026-06-25 20:47:07 INFO        | Multiplying by n_instances 1
2026-06-25 20:47:07 INFO        
2026-06-25 20:47:07 INFO        AREA ESTIMATION for SRAM(technology=45nm, width=128, depth=512, n_rdwr_ports=2, n_banks=1, global_cycle_seconds=5e-10)
2026-06-25 20:47:07 INFO        CactiSRAM estimated 2.77058e-08 with accuracy 80%. Messages:
2026-06-25 20:47:07 INFO        | Unused arguments (n_rdwr_ports, global_cycle_seconds) provided for ['SRAM', 'sram'].__init__. Arguments used: (technology, width, depth, n_banks)
2026-06-25 20:47:07 INFO        | Calling CACTI with cache_size=8192 n_rw_ports=1 block_size=16 tech_node_um=0.045 n_banks=1 tag_size=0 associativity=1
2026-06-25 20:47:07 INFO        | Calling CACTI with input path /usr/local/share/accelergy/estimation_plug_ins/accelergy-cacti-plug-in/cacti_inputs_outputs/tmpi5qo330e
2026-06-25 20:47:07 INFO        | CACTI output will be written to /usr/local/share/accelergy/estimation_plug_ins/accelergy-cacti-plug-in/cacti_inputs_outputs/tmpg52gr9he
2026-06-25 20:47:07 INFO        | CACTI executable not found at /usr/local/share/accelergy/estimation_plug_ins/accelergy-cacti-plug-in/cacti/cacti
2026-06-25 20:47:07 INFO        | Calling: cd /usr/local/share/accelergy/estimation_plug_ins/accelergy-cacti-plug-in ; ./cacti -infile /usr/local/share/accelergy/estimation_plug_ins/accelergy-cacti-plug-in/cacti_inputs_outputs/tmpi5qo330e >> /usr/local/share/accelergy/estimation_plug_ins/accelergy-cacti-plug-in/cacti_inputs_outputs/tmpg52gr9he 2>&1
2026-06-25 20:47:07 INFO        | Cache bandwidth: 16.0 bytes/cycle
2026-06-25 20:47:07 INFO        | Cache bandwidth: 144426980313.92557 bits/second
2026-06-25 20:47:07 INFO        | Multiplying by n_instances 1
2026-06-25 20:47:07 INFO        
2026-06-25 20:47:07 INFO        AREA ESTIMATION for intadder(technology=45nm, width=6.238324625039508, global_cycle_seconds=5e-10)
2026-06-25 20:47:07 INFO        Aladdin_table estimated 73.88515727781167u^2 with accuracy 70%. Messages:
2026-06-25 20:47:07 INFO        | Multiplying by n_instances 1
2026-06-25 20:47:07 INFO        
2026-06-25 20:47:07 INFO        AREA ESTIMATION for SRAM(technology=45nm, width=64, depth=64, n_rdwr_ports=2, n_banks=1, global_cycle_seconds=5e-10)
2026-06-25 20:47:07 INFO        CactiSRAM estimated 2.14376e-09 with accuracy 80%. Messages:
2026-06-25 20:47:07 INFO        | Unused arguments (n_rdwr_ports, global_cycle_seconds) provided for ['SRAM', 'sram'].__init__. Arguments used: (technology, width, depth, n_banks)
2026-06-25 20:47:07 INFO        | Calling CACTI with cache_size=512 n_rw_ports=1 block_size=8 tech_node_um=0.045 n_banks=1 tag_size=0 associativity=1
2026-06-25 20:47:07 INFO        | Calling CACTI with input path /usr/local/share/accelergy/estimation_plug_ins/accelergy-cacti-plug-in/cacti_inputs_outputs/tmphcm4cxqf
2026-06-25 20:47:07 INFO        | CACTI output will be written to /usr/local/share/accelergy/estimation_plug_ins/accelergy-cacti-plug-in/cacti_inputs_outputs/tmp8zkkuvea
2026-06-25 20:47:07 INFO        | CACTI executable not found at /usr/local/share/accelergy/estimation_plug_ins/accelergy-cacti-plug-in/cacti/cacti
2026-06-25 20:47:07 INFO        | Calling: cd /usr/local/share/accelergy/estimation_plug_ins/accelergy-cacti-plug-in ; ./cacti -infile /usr/local/share/accelergy/estimation_plug_ins/accelergy-cacti-plug-in/cacti_inputs_outputs/tmphcm4cxqf >> /usr/local/share/accelergy/estimation_plug_ins/accelergy-cacti-plug-in/cacti_inputs_outputs/tmp8zkkuvea 2>&1
2026-06-25 20:47:07 INFO        | Cache bandwidth: 8.0 bytes/cycle
2026-06-25 20:47:07 INFO        | Cache bandwidth: 112577947035.59398 bits/second
2026-06-25 20:47:07 INFO        | Multiplying by n_instances 1
2026-06-25 20:47:07 INFO        
2026-06-25 20:47:07 INFO        AREA ESTIMATION for intadder(technology=45nm, width=4.1588830833596715, global_cycle_seconds=5e-10)
2026-06-25 20:47:07 INFO        Aladdin_table estimated 49.25677151854111u^2 with accuracy 70%. Messages:
2026-06-25 20:47:07 INFO        | Multiplying by n_instances 1
2026-06-25 20:47:07 INFO        
2026-06-25 20:47:07 INFO        AREA ESTIMATION for SRAM(technology=45nm, width=32, depth=1, n_rdwr_ports=2, n_banks=1, global_cycle_seconds=5e-10)
2026-06-25 20:47:07 INFO        CactiSRAM estimated 1.649e-11 with accuracy 80%. Messages:
2026-06-25 20:47:07 INFO        | Unused arguments (n_rdwr_ports, global_cycle_seconds) provided for ['SRAM', 'sram'].__init__. Arguments used: (technology, width, depth, n_banks)
2026-06-25 20:47:07 INFO        | Calling CACTI with cache_size=256 n_rw_ports=1 block_size=4 tech_node_um=0.045 n_banks=1 tag_size=0 associativity=1
2026-06-25 20:47:07 INFO        | Calling CACTI with input path /usr/local/share/accelergy/estimation_plug_ins/accelergy-cacti-plug-in/cacti_inputs_outputs/tmpewbmpwpc
2026-06-25 20:47:07 INFO        | CACTI output will be written to /usr/local/share/accelergy/estimation_plug_ins/accelergy-cacti-plug-in/cacti_inputs_outputs/tmpbghvyd3v
2026-06-25 20:47:07 INFO        | CACTI executable not found at /usr/local/share/accelergy/estimation_plug_ins/accelergy-cacti-plug-in/cacti/cacti
2026-06-25 20:47:07 INFO        | Calling: cd /usr/local/share/accelergy/estimation_plug_ins/accelergy-cacti-plug-in ; ./cacti -infile /usr/local/share/accelergy/estimation_plug_ins/accelergy-cacti-plug-in/cacti_inputs_outputs/tmpewbmpwpc >> /usr/local/share/accelergy/estimation_plug_ins/accelergy-cacti-plug-in/cacti_inputs_outputs/tmpbghvyd3v 2>&1
2026-06-25 20:47:07 INFO        | Cache bandwidth: 4.0 bytes/cycle
2026-06-25 20:47:07 INFO        | Cache bandwidth: 65421210374.168434 bits/second
2026-06-25 20:47:07 INFO        | Multiplying by n_instances 1
2026-06-25 20:47:07 INFO        
2026-06-25 20:47:07 INFO        AREA ESTIMATION for intadder(technology=45nm, width=0, global_cycle_seconds=5e-10)
2026-06-25 20:47:07 INFO        Aladdin_table estimated 0.0u^2 with accuracy 70%. Messages:
2026-06-25 20:47:07 INFO        | Multiplying by n_instances 1
2026-06-25 20:47:07 INFO        
2026-06-25 20:47:07 INFO        AREA ESTIMATION for intmac(technology=45nm, datawidth=16, global_cycle_seconds=5e-10)
2026-06-25 20:47:07 INFO        dummy estimated 1u^2 with accuracy 1%. Messages:
2026-06-25 20:47:07 INFO        | Multiplying by n_instances 1
2026-06-25 20:47:07 INFO        Plug-ins provided accuracy, but failed to estimate:
2026-06-25 20:47:07 INFO        | Aladdin_table with accuracy 70% estimating value: KeyError: 'width'
2026-06-25 20:47:07 INFO        
2026-06-25 20:47:07 INFO        AREA ESTIMATION for SRAM(technology=45nm, width=512, depth=2048, n_rdwr_ports=2, n_banks=1, global_cycle_seconds=5e-10)
2026-06-25 20:47:08 INFO        CactiSRAM estimated 3.91346e-07 with accuracy 80%. Messages:
2026-06-25 20:47:08 INFO        | Unused arguments (n_rdwr_ports, global_cycle_seconds) provided for ['SRAM', 'sram'].__init__. Arguments used: (technology, width, depth, n_banks)
2026-06-25 20:47:08 INFO        | Calling CACTI with cache_size=131072 n_rw_ports=1 block_size=64 tech_node_um=0.045 n_banks=1 tag_size=0 associativity=1
2026-06-25 20:47:08 INFO        | Calling CACTI with input path /usr/local/share/accelergy/estimation_plug_ins/accelergy-cacti-plug-in/cacti_inputs_outputs/tmpxxpuuc8f
2026-06-25 20:47:08 INFO        | CACTI output will be written to /usr/local/share/accelergy/estimation_plug_ins/accelergy-cacti-plug-in/cacti_inputs_outputs/tmpnbn66w28
2026-06-25 20:47:08 INFO        | CACTI executable not found at /usr/local/share/accelergy/estimation_plug_ins/accelergy-cacti-plug-in/cacti/cacti
2026-06-25 20:47:08 INFO        | Calling: cd /usr/local/share/accelergy/estimation_plug_ins/accelergy-cacti-plug-in ; ./cacti -infile /usr/local/share/accelergy/estimation_plug_ins/accelergy-cacti-plug-in/cacti_inputs_outputs/tmpxxpuuc8f >> /usr/local/share/accelergy/estimation_plug_ins/accelergy-cacti-plug-in/cacti_inputs_outputs/tmpnbn66w28 2>&1
2026-06-25 20:47:08 INFO        | Cache bandwidth: 64.0 bytes/cycle
2026-06-25 20:47:08 INFO        | Cache bandwidth: 215697921801.07767 bits/second
2026-06-25 20:47:08 INFO        | Multiplying by n_instances 1
2026-06-25 20:47:08 INFO        
2026-06-25 20:47:08 INFO        AREA ESTIMATION for intadder(technology=45nm, width=7.6246189861593985, global_cycle_seconds=5e-10)
2026-06-25 20:47:08 INFO        Aladdin_table estimated 90.30408111732538u^2 with accuracy 70%. Messages:
2026-06-25 20:47:08 INFO        | Multiplying by n_instances 1
2026-06-25 20:47:08 INFO        flattened architecture is saved to:
2026-06-25 20:47:08 INFO        /deeper/src/tl_eval/fuse_out/timeloop-mapper.flattened_architecture.yaml
2026-06-25 20:47:08 INFO        energy reference table is saved to:
2026-06-25 20:47:08 INFO        /deeper/src/tl_eval/fuse_out/timeloop-mapper.ERT.yaml
2026-06-25 20:47:08 INFO        energy reference table summary is saved to:
2026-06-25 20:47:08 INFO        /deeper/src/tl_eval/fuse_out/timeloop-mapper.ERT_summary.yaml
2026-06-25 20:47:08 WARNING     no runtime energy estimations are generated... not generating energy_estimation.yaml
2026-06-25 20:47:08 INFO        area reference table is saved to:
2026-06-25 20:47:08 INFO        /deeper/src/tl_eval/fuse_out/timeloop-mapper.ART.yaml
2026-06-25 20:47:08 INFO        area reference table summary is saved to:
2026-06-25 20:47:08 INFO        /deeper/src/tl_eval/fuse_out/timeloop-mapper.ART_summary.yaml
