2026-07-01 22:59:43 INFO            _                _                      
2026-07-01 22:59:43 INFO           / \   ___ ___ ___| | ___ _ __ __ _ _   _ 
2026-07-01 22:59:43 INFO          / _ \ / __/ __/ _ \ |/ _ \ '__/ _` | | | |
2026-07-01 22:59:43 INFO         / ___ \ (_| (_|  __/ |  __/ | | (_| | |_| |
2026-07-01 22:59:43 INFO        /_/   \_\___\___\___|_|\___|_|  \__, |\__, |
2026-07-01 22:59:43 INFO                                        |___/ |___/ 
2026-07-01 22:59:43 INFO        generating outputs according to the following specified output flags... 
2026-07-01 22:59:43 INFO         Please use the -f flag to update the preference (default to all output files)
2026-07-01 22:59:43 INFO        {'ERT': 1, 'ERT_summary': 1, 'ART': 1, 'ART_summary': 1, 'energy_estimation': 1, 'flattened_arch': 1}
2026-07-01 22:59:43 INFO        Located config file at /root/.config/accelergy/accelergy_config.yaml.
2026-07-01 22:59:43 INFO        config file located:
2026-07-01 22:59:43 INFO        /root/.config/accelergy/accelergy_config.yaml
2026-07-01 22:59:43 INFO        Parsing file /app/Examples/AlexNet_Simba/simba_like/arch/simba_like.yaml for architecture info
2026-07-01 22:59:43 WARNING     File /app/Examples/AlexNet_Simba/simba_like/arch/simba_like.yaml is outdated. File version is 0.3, while the latest version is 0.4. 
2026-07-01 22:59:43 WARNING      Please update the file to the latest version.
2026-07-01 22:59:43 WARNING     Evaluation of "45nm" failed.
2026-07-01 22:59:43 WARNING     Failed to evaluate: 45nm
2026-07-01 22:59:43 WARNING     Location: arch attribute "technology"
2026-07-01 22:59:43 WARNING     Problem encountered: SyntaxError: invalid decimal literal (<string>, line 1)
2026-07-01 22:59:43 WARNING     Available bindings: 
2026-07-01 22:59:43 WARNING     	datawidth = 16
2026-07-01 22:59:43 WARNING     	word-bits = 16
2026-07-01 22:59:43 WARNING     Failed to evaluate: 45nm
2026-07-01 22:59:43 WARNING     Location: arch attribute "technology"
2026-07-01 22:59:43 WARNING     Problem encountered: SyntaxError: invalid decimal literal (<string>, line 1)
2026-07-01 22:59:43 WARNING     Please ensure that the expression used is a valid Python expression.
2026-07-01 22:59:43 WARNING     The following may have been used in the expression:
2026-07-01 22:59:43 WARNING     	nm = UNDEFINED
2026-07-01 22:59:43 WARNING     Strings are allowed here. If you meant to enter a string, please wrap the
2026-07-01 22:59:43 WARNING     expression in single or double quotes:
2026-07-01 22:59:43 WARNING         Found expression: 45nm
2026-07-01 22:59:43 WARNING         Expression as valid string: "45nm"
2026-07-01 22:59:43 WARNING     Expression will be treated as a string. This will be deprecated in version
2026-07-01 22:59:43 WARNING     0.4. Please wrap quotes around the expression to specify a string.
2026-07-01 22:59:43 WARNING     Evaluation of "0.5ns" failed.
2026-07-01 22:59:43 WARNING     Failed to evaluate: 0.5ns
2026-07-01 22:59:43 WARNING     Location: arch attribute "latency"
2026-07-01 22:59:43 WARNING     Problem encountered: SyntaxError: invalid decimal literal (<string>, line 1)
2026-07-01 22:59:43 WARNING     Available bindings: 
2026-07-01 22:59:43 WARNING     	datawidth = 16
2026-07-01 22:59:43 WARNING     	word-bits = 16
2026-07-01 22:59:43 WARNING     	technology = 45nm
2026-07-01 22:59:43 WARNING     Failed to evaluate: 0.5ns
2026-07-01 22:59:43 WARNING     Location: arch attribute "latency"
2026-07-01 22:59:43 WARNING     Problem encountered: SyntaxError: invalid decimal literal (<string>, line 1)
2026-07-01 22:59:43 WARNING     Please ensure that the expression used is a valid Python expression.
2026-07-01 22:59:43 WARNING     The following may have been used in the expression:
2026-07-01 22:59:43 WARNING     	ns = UNDEFINED
2026-07-01 22:59:43 WARNING     Strings are allowed here. If you meant to enter a string, please wrap the
2026-07-01 22:59:43 WARNING     expression in single or double quotes:
2026-07-01 22:59:43 WARNING         Found expression: 0.5ns
2026-07-01 22:59:43 WARNING         Expression as valid string: "0.5ns"
2026-07-01 22:59:43 WARNING     Expression will be treated as a string. This will be deprecated in version
2026-07-01 22:59:43 WARNING     0.4. Please wrap quotes around the expression to specify a string.
2026-07-01 22:59:43 WARNING     Evaluation of "45nm" failed.
2026-07-01 22:59:43 WARNING     Failed to evaluate: 45nm
2026-07-01 22:59:43 WARNING     Location: arch attribute "technology"
2026-07-01 22:59:43 WARNING     Problem encountered: SyntaxError: invalid decimal literal (<string>, line 1)
2026-07-01 22:59:43 WARNING     Available bindings: 
2026-07-01 22:59:43 WARNING     	datawidth = 16
2026-07-01 22:59:43 WARNING     	word-bits = 16
2026-07-01 22:59:43 WARNING     Failed to evaluate: 45nm
2026-07-01 22:59:43 WARNING     Location: arch attribute "technology"
2026-07-01 22:59:43 WARNING     Problem encountered: SyntaxError: invalid decimal literal (<string>, line 1)
2026-07-01 22:59:43 WARNING     Please ensure that the expression used is a valid Python expression.
2026-07-01 22:59:43 WARNING     The following may have been used in the expression:
2026-07-01 22:59:43 WARNING     	nm = UNDEFINED
2026-07-01 22:59:43 WARNING     Strings are allowed here. If you meant to enter a string, please wrap the
2026-07-01 22:59:43 WARNING     expression in single or double quotes:
2026-07-01 22:59:43 WARNING         Found expression: 45nm
2026-07-01 22:59:43 WARNING         Expression as valid string: "45nm"
2026-07-01 22:59:43 WARNING     Expression will be treated as a string. This will be deprecated in version
2026-07-01 22:59:43 WARNING     0.4. Please wrap quotes around the expression to specify a string.
2026-07-01 22:59:43 WARNING     Evaluation of "0.5ns" failed.
2026-07-01 22:59:43 WARNING     Failed to evaluate: 0.5ns
2026-07-01 22:59:43 WARNING     Location: arch attribute "latency"
2026-07-01 22:59:43 WARNING     Problem encountered: SyntaxError: invalid decimal literal (<string>, line 1)
2026-07-01 22:59:43 WARNING     Available bindings: 
2026-07-01 22:59:43 WARNING     	datawidth = 16
2026-07-01 22:59:43 WARNING     	word-bits = 16
2026-07-01 22:59:43 WARNING     	technology = 45nm
2026-07-01 22:59:43 WARNING     Failed to evaluate: 0.5ns
2026-07-01 22:59:43 WARNING     Location: arch attribute "latency"
2026-07-01 22:59:43 WARNING     Problem encountered: SyntaxError: invalid decimal literal (<string>, line 1)
2026-07-01 22:59:43 WARNING     Please ensure that the expression used is a valid Python expression.
2026-07-01 22:59:43 WARNING     The following may have been used in the expression:
2026-07-01 22:59:43 WARNING     	ns = UNDEFINED
2026-07-01 22:59:43 WARNING     Strings are allowed here. If you meant to enter a string, please wrap the
2026-07-01 22:59:43 WARNING     expression in single or double quotes:
2026-07-01 22:59:43 WARNING         Found expression: 0.5ns
2026-07-01 22:59:43 WARNING         Expression as valid string: "0.5ns"
2026-07-01 22:59:43 WARNING     Expression will be treated as a string. This will be deprecated in version
2026-07-01 22:59:43 WARNING     0.4. Please wrap quotes around the expression to specify a string.
2026-07-01 22:59:43 INFO        Calculated arch attribute "global_cycle_seconds" as "0.5e-9" = 5e-10.
2026-07-01 22:59:43 WARNING     Evaluation of "45nm" failed.
2026-07-01 22:59:43 WARNING     Failed to evaluate: 45nm
2026-07-01 22:59:43 WARNING     Location: arch attribute "technology"
2026-07-01 22:59:43 WARNING     Problem encountered: SyntaxError: invalid decimal literal (<string>, line 1)
2026-07-01 22:59:43 WARNING     Available bindings: 
2026-07-01 22:59:43 WARNING     	datawidth = 16
2026-07-01 22:59:43 WARNING     	word-bits = 16
2026-07-01 22:59:43 WARNING     Failed to evaluate: 45nm
2026-07-01 22:59:43 WARNING     Location: arch attribute "technology"
2026-07-01 22:59:43 WARNING     Problem encountered: SyntaxError: invalid decimal literal (<string>, line 1)
2026-07-01 22:59:43 WARNING     Please ensure that the expression used is a valid Python expression.
2026-07-01 22:59:43 WARNING     The following may have been used in the expression:
2026-07-01 22:59:43 WARNING     	nm = UNDEFINED
2026-07-01 22:59:43 WARNING     Strings are allowed here. If you meant to enter a string, please wrap the
2026-07-01 22:59:43 WARNING     expression in single or double quotes:
2026-07-01 22:59:43 WARNING         Found expression: 45nm
2026-07-01 22:59:43 WARNING         Expression as valid string: "45nm"
2026-07-01 22:59:43 WARNING     Expression will be treated as a string. This will be deprecated in version
2026-07-01 22:59:43 WARNING     0.4. Please wrap quotes around the expression to specify a string.
2026-07-01 22:59:43 WARNING     Evaluation of "0.5ns" failed.
2026-07-01 22:59:43 WARNING     Failed to evaluate: 0.5ns
2026-07-01 22:59:43 WARNING     Location: arch attribute "latency"
2026-07-01 22:59:43 WARNING     Problem encountered: SyntaxError: invalid decimal literal (<string>, line 1)
2026-07-01 22:59:43 WARNING     Available bindings: 
2026-07-01 22:59:43 WARNING     	datawidth = 16
2026-07-01 22:59:43 WARNING     	word-bits = 16
2026-07-01 22:59:43 WARNING     	technology = 45nm
2026-07-01 22:59:43 WARNING     Failed to evaluate: 0.5ns
2026-07-01 22:59:43 WARNING     Location: arch attribute "latency"
2026-07-01 22:59:43 WARNING     Problem encountered: SyntaxError: invalid decimal literal (<string>, line 1)
2026-07-01 22:59:43 WARNING     Please ensure that the expression used is a valid Python expression.
2026-07-01 22:59:43 WARNING     The following may have been used in the expression:
2026-07-01 22:59:43 WARNING     	ns = UNDEFINED
2026-07-01 22:59:43 WARNING     Strings are allowed here. If you meant to enter a string, please wrap the
2026-07-01 22:59:43 WARNING     expression in single or double quotes:
2026-07-01 22:59:43 WARNING         Found expression: 0.5ns
2026-07-01 22:59:43 WARNING         Expression as valid string: "0.5ns"
2026-07-01 22:59:43 WARNING     Expression will be treated as a string. This will be deprecated in version
2026-07-01 22:59:43 WARNING     0.4. Please wrap quotes around the expression to specify a string.
2026-07-01 22:59:43 WARNING     Evaluation of "45nm" failed.
2026-07-01 22:59:43 WARNING     Failed to evaluate: 45nm
2026-07-01 22:59:43 WARNING     Location: arch attribute "technology"
2026-07-01 22:59:43 WARNING     Problem encountered: SyntaxError: invalid decimal literal (<string>, line 1)
2026-07-01 22:59:43 WARNING     Available bindings: 
2026-07-01 22:59:43 WARNING     	memory_depth = 1024
2026-07-01 22:59:43 WARNING     	memory_width = 128
2026-07-01 22:59:43 WARNING     	word-bits = 16
2026-07-01 22:59:43 WARNING     	cluster-size = 1
2026-07-01 22:59:43 WARNING     	meshX = 16
2026-07-01 22:59:43 WARNING     	datawidth = 16
2026-07-01 22:59:43 WARNING     Failed to evaluate: 45nm
2026-07-01 22:59:43 WARNING     Location: arch attribute "technology"
2026-07-01 22:59:43 WARNING     Problem encountered: SyntaxError: invalid decimal literal (<string>, line 1)
2026-07-01 22:59:43 WARNING     Please ensure that the expression used is a valid Python expression.
2026-07-01 22:59:43 WARNING     The following may have been used in the expression:
2026-07-01 22:59:43 WARNING     	nm = UNDEFINED
2026-07-01 22:59:43 WARNING     Strings are allowed here. If you meant to enter a string, please wrap the
2026-07-01 22:59:43 WARNING     expression in single or double quotes:
2026-07-01 22:59:43 WARNING         Found expression: 45nm
2026-07-01 22:59:43 WARNING         Expression as valid string: "45nm"
2026-07-01 22:59:43 WARNING     Expression will be treated as a string. This will be deprecated in version
2026-07-01 22:59:43 WARNING     0.4. Please wrap quotes around the expression to specify a string.
2026-07-01 22:59:43 WARNING     Evaluation of "0.5ns" failed.
2026-07-01 22:59:43 WARNING     Failed to evaluate: 0.5ns
2026-07-01 22:59:43 WARNING     Location: arch attribute "latency"
2026-07-01 22:59:43 WARNING     Problem encountered: SyntaxError: invalid decimal literal (<string>, line 1)
2026-07-01 22:59:43 WARNING     Available bindings: 
2026-07-01 22:59:43 WARNING     	memory_depth = 1024
2026-07-01 22:59:43 WARNING     	memory_width = 128
2026-07-01 22:59:43 WARNING     	word-bits = 16
2026-07-01 22:59:43 WARNING     	cluster-size = 1
2026-07-01 22:59:43 WARNING     	meshX = 16
2026-07-01 22:59:43 WARNING     	datawidth = 16
2026-07-01 22:59:43 WARNING     	technology = 45nm
2026-07-01 22:59:43 WARNING     Failed to evaluate: 0.5ns
2026-07-01 22:59:43 WARNING     Location: arch attribute "latency"
2026-07-01 22:59:43 WARNING     Problem encountered: SyntaxError: invalid decimal literal (<string>, line 1)
2026-07-01 22:59:43 WARNING     Please ensure that the expression used is a valid Python expression.
2026-07-01 22:59:43 WARNING     The following may have been used in the expression:
2026-07-01 22:59:43 WARNING     	ns = UNDEFINED
2026-07-01 22:59:43 WARNING     Strings are allowed here. If you meant to enter a string, please wrap the
2026-07-01 22:59:43 WARNING     expression in single or double quotes:
2026-07-01 22:59:43 WARNING         Found expression: 0.5ns
2026-07-01 22:59:43 WARNING         Expression as valid string: "0.5ns"
2026-07-01 22:59:43 WARNING     Expression will be treated as a string. This will be deprecated in version
2026-07-01 22:59:43 WARNING     0.4. Please wrap quotes around the expression to specify a string.
2026-07-01 22:59:43 WARNING     Evaluation of "45nm" failed.
2026-07-01 22:59:43 WARNING     Failed to evaluate: 45nm
2026-07-01 22:59:43 WARNING     Location: arch attribute "technology"
2026-07-01 22:59:43 WARNING     Problem encountered: SyntaxError: invalid decimal literal (<string>, line 1)
2026-07-01 22:59:43 WARNING     Available bindings: 
2026-07-01 22:59:43 WARNING     	memory_depth = 512
2026-07-01 22:59:43 WARNING     	memory_width = 128
2026-07-01 22:59:43 WARNING     	word-bits = 16
2026-07-01 22:59:43 WARNING     	meshX = 16
2026-07-01 22:59:43 WARNING     	cluster-size = 1
2026-07-01 22:59:43 WARNING     	n_banks = 1
2026-07-01 22:59:43 WARNING     	datawidth = 16
2026-07-01 22:59:43 WARNING     Failed to evaluate: 45nm
2026-07-01 22:59:43 WARNING     Location: arch attribute "technology"
2026-07-01 22:59:43 WARNING     Problem encountered: SyntaxError: invalid decimal literal (<string>, line 1)
2026-07-01 22:59:43 WARNING     Please ensure that the expression used is a valid Python expression.
2026-07-01 22:59:43 WARNING     The following may have been used in the expression:
2026-07-01 22:59:43 WARNING     	nm = UNDEFINED
2026-07-01 22:59:43 WARNING     Strings are allowed here. If you meant to enter a string, please wrap the
2026-07-01 22:59:43 WARNING     expression in single or double quotes:
2026-07-01 22:59:43 WARNING         Found expression: 45nm
2026-07-01 22:59:43 WARNING         Expression as valid string: "45nm"
2026-07-01 22:59:43 WARNING     Expression will be treated as a string. This will be deprecated in version
2026-07-01 22:59:43 WARNING     0.4. Please wrap quotes around the expression to specify a string.
2026-07-01 22:59:43 WARNING     Evaluation of "0.5ns" failed.
2026-07-01 22:59:43 WARNING     Failed to evaluate: 0.5ns
2026-07-01 22:59:43 WARNING     Location: arch attribute "latency"
2026-07-01 22:59:43 WARNING     Problem encountered: SyntaxError: invalid decimal literal (<string>, line 1)
2026-07-01 22:59:43 WARNING     Available bindings: 
2026-07-01 22:59:43 WARNING     	memory_depth = 512
2026-07-01 22:59:43 WARNING     	memory_width = 128
2026-07-01 22:59:43 WARNING     	word-bits = 16
2026-07-01 22:59:43 WARNING     	meshX = 16
2026-07-01 22:59:43 WARNING     	cluster-size = 1
2026-07-01 22:59:43 WARNING     	n_banks = 1
2026-07-01 22:59:43 WARNING     	datawidth = 16
2026-07-01 22:59:43 WARNING     	technology = 45nm
2026-07-01 22:59:43 WARNING     Failed to evaluate: 0.5ns
2026-07-01 22:59:43 WARNING     Location: arch attribute "latency"
2026-07-01 22:59:43 WARNING     Problem encountered: SyntaxError: invalid decimal literal (<string>, line 1)
2026-07-01 22:59:43 WARNING     Please ensure that the expression used is a valid Python expression.
2026-07-01 22:59:43 WARNING     The following may have been used in the expression:
2026-07-01 22:59:43 WARNING     	ns = UNDEFINED
2026-07-01 22:59:43 WARNING     Strings are allowed here. If you meant to enter a string, please wrap the
2026-07-01 22:59:43 WARNING     expression in single or double quotes:
2026-07-01 22:59:43 WARNING         Found expression: 0.5ns
2026-07-01 22:59:43 WARNING         Expression as valid string: "0.5ns"
2026-07-01 22:59:43 WARNING     Expression will be treated as a string. This will be deprecated in version
2026-07-01 22:59:43 WARNING     0.4. Please wrap quotes around the expression to specify a string.
2026-07-01 22:59:43 WARNING     Evaluation of "45nm" failed.
2026-07-01 22:59:43 WARNING     Failed to evaluate: 45nm
2026-07-01 22:59:43 WARNING     Location: arch attribute "technology"
2026-07-01 22:59:43 WARNING     Problem encountered: SyntaxError: invalid decimal literal (<string>, line 1)
2026-07-01 22:59:43 WARNING     Available bindings: 
2026-07-01 22:59:43 WARNING     	memory_depth = 64
2026-07-01 22:59:43 WARNING     	memory_width = 64
2026-07-01 22:59:43 WARNING     	cluster-size = 1
2026-07-01 22:59:43 WARNING     	word-bits = 32
2026-07-01 22:59:43 WARNING     	meshX = 16
2026-07-01 22:59:43 WARNING     	datawidth = 16
2026-07-01 22:59:43 WARNING     Failed to evaluate: 45nm
2026-07-01 22:59:43 WARNING     Location: arch attribute "technology"
2026-07-01 22:59:43 WARNING     Problem encountered: SyntaxError: invalid decimal literal (<string>, line 1)
2026-07-01 22:59:43 WARNING     Please ensure that the expression used is a valid Python expression.
2026-07-01 22:59:43 WARNING     The following may have been used in the expression:
2026-07-01 22:59:43 WARNING     	nm = UNDEFINED
2026-07-01 22:59:43 WARNING     Strings are allowed here. If you meant to enter a string, please wrap the
2026-07-01 22:59:43 WARNING     expression in single or double quotes:
2026-07-01 22:59:43 WARNING         Found expression: 45nm
2026-07-01 22:59:43 WARNING         Expression as valid string: "45nm"
2026-07-01 22:59:43 WARNING     Expression will be treated as a string. This will be deprecated in version
2026-07-01 22:59:43 WARNING     0.4. Please wrap quotes around the expression to specify a string.
2026-07-01 22:59:43 WARNING     Evaluation of "0.5ns" failed.
2026-07-01 22:59:43 WARNING     Failed to evaluate: 0.5ns
2026-07-01 22:59:43 WARNING     Location: arch attribute "latency"
2026-07-01 22:59:43 WARNING     Problem encountered: SyntaxError: invalid decimal literal (<string>, line 1)
2026-07-01 22:59:43 WARNING     Available bindings: 
2026-07-01 22:59:43 WARNING     	memory_depth = 64
2026-07-01 22:59:43 WARNING     	memory_width = 64
2026-07-01 22:59:43 WARNING     	cluster-size = 1
2026-07-01 22:59:43 WARNING     	word-bits = 32
2026-07-01 22:59:43 WARNING     	meshX = 16
2026-07-01 22:59:43 WARNING     	datawidth = 16
2026-07-01 22:59:43 WARNING     	technology = 45nm
2026-07-01 22:59:43 WARNING     Failed to evaluate: 0.5ns
2026-07-01 22:59:43 WARNING     Location: arch attribute "latency"
2026-07-01 22:59:43 WARNING     Problem encountered: SyntaxError: invalid decimal literal (<string>, line 1)
2026-07-01 22:59:43 WARNING     Please ensure that the expression used is a valid Python expression.
2026-07-01 22:59:43 WARNING     The following may have been used in the expression:
2026-07-01 22:59:43 WARNING     	ns = UNDEFINED
2026-07-01 22:59:43 WARNING     Strings are allowed here. If you meant to enter a string, please wrap the
2026-07-01 22:59:43 WARNING     expression in single or double quotes:
2026-07-01 22:59:43 WARNING         Found expression: 0.5ns
2026-07-01 22:59:43 WARNING         Expression as valid string: "0.5ns"
2026-07-01 22:59:43 WARNING     Expression will be treated as a string. This will be deprecated in version
2026-07-01 22:59:43 WARNING     0.4. Please wrap quotes around the expression to specify a string.
2026-07-01 22:59:43 WARNING     Evaluation of "45nm" failed.
2026-07-01 22:59:43 WARNING     Failed to evaluate: 45nm
2026-07-01 22:59:43 WARNING     Location: arch attribute "technology"
2026-07-01 22:59:43 WARNING     Problem encountered: SyntaxError: invalid decimal literal (<string>, line 1)
2026-07-01 22:59:43 WARNING     Available bindings: 
2026-07-01 22:59:43 WARNING     	memory_depth = 1
2026-07-01 22:59:43 WARNING     	memory_width = 32
2026-07-01 22:59:43 WARNING     	word-bits = 16
2026-07-01 22:59:43 WARNING     	cluster-size = 1
2026-07-01 22:59:43 WARNING     	num-ports = 2
2026-07-01 22:59:43 WARNING     	meshX = 16
2026-07-01 22:59:43 WARNING     	datawidth = 16
2026-07-01 22:59:43 WARNING     Failed to evaluate: 45nm
2026-07-01 22:59:43 WARNING     Location: arch attribute "technology"
2026-07-01 22:59:43 WARNING     Problem encountered: SyntaxError: invalid decimal literal (<string>, line 1)
2026-07-01 22:59:43 WARNING     Please ensure that the expression used is a valid Python expression.
2026-07-01 22:59:43 WARNING     The following may have been used in the expression:
2026-07-01 22:59:43 WARNING     	nm = UNDEFINED
2026-07-01 22:59:43 WARNING     Strings are allowed here. If you meant to enter a string, please wrap the
2026-07-01 22:59:43 WARNING     expression in single or double quotes:
2026-07-01 22:59:43 WARNING         Found expression: 45nm
2026-07-01 22:59:43 WARNING         Expression as valid string: "45nm"
2026-07-01 22:59:43 WARNING     Expression will be treated as a string. This will be deprecated in version
2026-07-01 22:59:43 WARNING     0.4. Please wrap quotes around the expression to specify a string.
2026-07-01 22:59:43 WARNING     Evaluation of "0.5ns" failed.
2026-07-01 22:59:43 WARNING     Failed to evaluate: 0.5ns
2026-07-01 22:59:43 WARNING     Location: arch attribute "latency"
2026-07-01 22:59:43 WARNING     Problem encountered: SyntaxError: invalid decimal literal (<string>, line 1)
2026-07-01 22:59:43 WARNING     Available bindings: 
2026-07-01 22:59:43 WARNING     	memory_depth = 1
2026-07-01 22:59:43 WARNING     	memory_width = 32
2026-07-01 22:59:43 WARNING     	word-bits = 16
2026-07-01 22:59:43 WARNING     	cluster-size = 1
2026-07-01 22:59:43 WARNING     	num-ports = 2
2026-07-01 22:59:43 WARNING     	meshX = 16
2026-07-01 22:59:43 WARNING     	datawidth = 16
2026-07-01 22:59:43 WARNING     	technology = 45nm
2026-07-01 22:59:43 WARNING     Failed to evaluate: 0.5ns
2026-07-01 22:59:43 WARNING     Location: arch attribute "latency"
2026-07-01 22:59:43 WARNING     Problem encountered: SyntaxError: invalid decimal literal (<string>, line 1)
2026-07-01 22:59:43 WARNING     Please ensure that the expression used is a valid Python expression.
2026-07-01 22:59:43 WARNING     The following may have been used in the expression:
2026-07-01 22:59:43 WARNING     	ns = UNDEFINED
2026-07-01 22:59:43 WARNING     Strings are allowed here. If you meant to enter a string, please wrap the
2026-07-01 22:59:43 WARNING     expression in single or double quotes:
2026-07-01 22:59:43 WARNING         Found expression: 0.5ns
2026-07-01 22:59:43 WARNING         Expression as valid string: "0.5ns"
2026-07-01 22:59:43 WARNING     Expression will be treated as a string. This will be deprecated in version
2026-07-01 22:59:43 WARNING     0.4. Please wrap quotes around the expression to specify a string.
2026-07-01 22:59:43 WARNING     Evaluation of "0.5ns" failed.
2026-07-01 22:59:43 WARNING     Failed to evaluate: 0.5ns
2026-07-01 22:59:43 WARNING     Location: arch attribute "latency"
2026-07-01 22:59:43 WARNING     Problem encountered: SyntaxError: invalid decimal literal (<string>, line 1)
2026-07-01 22:59:43 WARNING     Available bindings: 
2026-07-01 22:59:43 WARNING     Failed to evaluate: 0.5ns
2026-07-01 22:59:43 WARNING     Location: arch attribute "latency"
2026-07-01 22:59:43 WARNING     Problem encountered: SyntaxError: invalid decimal literal (<string>, line 1)
2026-07-01 22:59:43 WARNING     Please ensure that the expression used is a valid Python expression.
2026-07-01 22:59:43 WARNING     The following may have been used in the expression:
2026-07-01 22:59:43 WARNING     	ns = UNDEFINED
2026-07-01 22:59:43 WARNING     Strings are allowed here. If you meant to enter a string, please wrap the
2026-07-01 22:59:43 WARNING     expression in single or double quotes:
2026-07-01 22:59:43 WARNING         Found expression: 0.5ns
2026-07-01 22:59:43 WARNING         Expression as valid string: "0.5ns"
2026-07-01 22:59:43 WARNING     Expression will be treated as a string. This will be deprecated in version
2026-07-01 22:59:43 WARNING     0.4. Please wrap quotes around the expression to specify a string.
2026-07-01 22:59:43 WARNING     Evaluation of "45nm" failed.
2026-07-01 22:59:43 WARNING     Failed to evaluate: 45nm
2026-07-01 22:59:43 WARNING     Location: arch attribute "technology"
2026-07-01 22:59:43 WARNING     Problem encountered: SyntaxError: invalid decimal literal (<string>, line 1)
2026-07-01 22:59:43 WARNING     Available bindings: 
2026-07-01 22:59:43 WARNING     	latency = 0.5ns
2026-07-01 22:59:43 WARNING     	datawidth = 16
2026-07-01 22:59:43 WARNING     	meshX = 16
2026-07-01 22:59:43 WARNING     	word-bits = 16
2026-07-01 22:59:43 WARNING     Failed to evaluate: 45nm
2026-07-01 22:59:43 WARNING     Location: arch attribute "technology"
2026-07-01 22:59:43 WARNING     Problem encountered: SyntaxError: invalid decimal literal (<string>, line 1)
2026-07-01 22:59:43 WARNING     Please ensure that the expression used is a valid Python expression.
2026-07-01 22:59:43 WARNING     The following may have been used in the expression:
2026-07-01 22:59:43 WARNING     	nm = UNDEFINED
2026-07-01 22:59:43 WARNING     Strings are allowed here. If you meant to enter a string, please wrap the
2026-07-01 22:59:43 WARNING     expression in single or double quotes:
2026-07-01 22:59:43 WARNING         Found expression: 45nm
2026-07-01 22:59:43 WARNING         Expression as valid string: "45nm"
2026-07-01 22:59:43 WARNING     Expression will be treated as a string. This will be deprecated in version
2026-07-01 22:59:43 WARNING     0.4. Please wrap quotes around the expression to specify a string.
2026-07-01 22:59:43 WARNING     Evaluation of "45nm" failed.
2026-07-01 22:59:43 WARNING     Failed to evaluate: 45nm
2026-07-01 22:59:43 WARNING     Location: arch attribute "technology"
2026-07-01 22:59:43 WARNING     Problem encountered: SyntaxError: invalid decimal literal (<string>, line 1)
2026-07-01 22:59:43 WARNING     Available bindings: 
2026-07-01 22:59:43 WARNING     	memory_depth = 2048
2026-07-01 22:59:43 WARNING     	memory_width = 512
2026-07-01 22:59:43 WARNING     	word-bits = 16
2026-07-01 22:59:43 WARNING     	cluster-size = 1
2026-07-01 22:59:43 WARNING     	nports = 2
2026-07-01 22:59:43 WARNING     	meshX = 1
2026-07-01 22:59:43 WARNING     	datawidth = 16
2026-07-01 22:59:43 WARNING     Failed to evaluate: 45nm
2026-07-01 22:59:43 WARNING     Location: arch attribute "technology"
2026-07-01 22:59:43 WARNING     Problem encountered: SyntaxError: invalid decimal literal (<string>, line 1)
2026-07-01 22:59:43 WARNING     Please ensure that the expression used is a valid Python expression.
2026-07-01 22:59:43 WARNING     The following may have been used in the expression:
2026-07-01 22:59:43 WARNING     	nm = UNDEFINED
2026-07-01 22:59:43 WARNING     Strings are allowed here. If you meant to enter a string, please wrap the
2026-07-01 22:59:43 WARNING     expression in single or double quotes:
2026-07-01 22:59:43 WARNING         Found expression: 45nm
2026-07-01 22:59:43 WARNING         Expression as valid string: "45nm"
2026-07-01 22:59:43 WARNING     Expression will be treated as a string. This will be deprecated in version
2026-07-01 22:59:43 WARNING     0.4. Please wrap quotes around the expression to specify a string.
2026-07-01 22:59:43 WARNING     Evaluation of "0.5ns" failed.
2026-07-01 22:59:43 WARNING     Failed to evaluate: 0.5ns
2026-07-01 22:59:43 WARNING     Location: arch attribute "latency"
2026-07-01 22:59:43 WARNING     Problem encountered: SyntaxError: invalid decimal literal (<string>, line 1)
2026-07-01 22:59:43 WARNING     Available bindings: 
2026-07-01 22:59:43 WARNING     	memory_depth = 2048
2026-07-01 22:59:43 WARNING     	memory_width = 512
2026-07-01 22:59:43 WARNING     	word-bits = 16
2026-07-01 22:59:43 WARNING     	cluster-size = 1
2026-07-01 22:59:43 WARNING     	nports = 2
2026-07-01 22:59:43 WARNING     	meshX = 1
2026-07-01 22:59:43 WARNING     	datawidth = 16
2026-07-01 22:59:43 WARNING     	technology = 45nm
2026-07-01 22:59:43 WARNING     Failed to evaluate: 0.5ns
2026-07-01 22:59:43 WARNING     Location: arch attribute "latency"
2026-07-01 22:59:43 WARNING     Problem encountered: SyntaxError: invalid decimal literal (<string>, line 1)
2026-07-01 22:59:43 WARNING     Please ensure that the expression used is a valid Python expression.
2026-07-01 22:59:43 WARNING     The following may have been used in the expression:
2026-07-01 22:59:43 WARNING     	ns = UNDEFINED
2026-07-01 22:59:43 WARNING     Strings are allowed here. If you meant to enter a string, please wrap the
2026-07-01 22:59:43 WARNING     expression in single or double quotes:
2026-07-01 22:59:43 WARNING         Found expression: 0.5ns
2026-07-01 22:59:43 WARNING         Expression as valid string: "0.5ns"
2026-07-01 22:59:43 WARNING     Expression will be treated as a string. This will be deprecated in version
2026-07-01 22:59:43 WARNING     0.4. Please wrap quotes around the expression to specify a string.
2026-07-01 22:59:43 WARNING     Evaluation of "DDR4" failed.
2026-07-01 22:59:43 WARNING     Failed to evaluate: DDR4
2026-07-01 22:59:43 WARNING     Location: arch attribute "type"
2026-07-01 22:59:43 WARNING     Problem encountered: NameError: Name 'DDR4' is not defined.
2026-07-01 22:59:43 WARNING     Available bindings: 
2026-07-01 22:59:43 WARNING     Failed to evaluate: DDR4
2026-07-01 22:59:43 WARNING     Location: arch attribute "type"
2026-07-01 22:59:43 WARNING     Problem encountered: NameError: Name 'DDR4' is not defined.
2026-07-01 22:59:43 WARNING     Please ensure that the expression used is a valid Python expression.
2026-07-01 22:59:43 WARNING     The following may have been used in the expression:
2026-07-01 22:59:43 WARNING     	DDR4 = UNDEFINED
2026-07-01 22:59:43 WARNING     Strings are allowed here. If you meant to enter a string, please wrap the
2026-07-01 22:59:43 WARNING     expression in single or double quotes:
2026-07-01 22:59:43 WARNING         Found expression: DDR4
2026-07-01 22:59:43 WARNING         Expression as valid string: "DDR4"
2026-07-01 22:59:43 WARNING     Expression will be treated as a string. This will be deprecated in version
2026-07-01 22:59:43 WARNING     0.4. Please wrap quotes around the expression to specify a string.
2026-07-01 22:59:43 WARNING     Evaluation of "45nm" failed.
2026-07-01 22:59:43 WARNING     Failed to evaluate: 45nm
2026-07-01 22:59:43 WARNING     Location: arch attribute "technology"
2026-07-01 22:59:43 WARNING     Problem encountered: SyntaxError: invalid decimal literal (<string>, line 1)
2026-07-01 22:59:43 WARNING     Available bindings: 
2026-07-01 22:59:43 WARNING     	type = DDR4
2026-07-01 22:59:43 WARNING     	width = 16
2026-07-01 22:59:43 WARNING     	block-size = 1
2026-07-01 22:59:43 WARNING     	word-bits = 16
2026-07-01 22:59:43 WARNING     	shared_bandwidth = 6
2026-07-01 22:59:43 WARNING     	datawidth = 16
2026-07-01 22:59:43 WARNING     Failed to evaluate: 45nm
2026-07-01 22:59:43 WARNING     Location: arch attribute "technology"
2026-07-01 22:59:43 WARNING     Problem encountered: SyntaxError: invalid decimal literal (<string>, line 1)
2026-07-01 22:59:43 WARNING     Please ensure that the expression used is a valid Python expression.
2026-07-01 22:59:43 WARNING     The following may have been used in the expression:
2026-07-01 22:59:43 WARNING     	nm = UNDEFINED
2026-07-01 22:59:43 WARNING     Strings are allowed here. If you meant to enter a string, please wrap the
2026-07-01 22:59:43 WARNING     expression in single or double quotes:
2026-07-01 22:59:43 WARNING         Found expression: 45nm
2026-07-01 22:59:43 WARNING         Expression as valid string: "45nm"
2026-07-01 22:59:43 WARNING     Expression will be treated as a string. This will be deprecated in version
2026-07-01 22:59:43 WARNING     0.4. Please wrap quotes around the expression to specify a string.
2026-07-01 22:59:43 WARNING     Evaluation of "0.5ns" failed.
2026-07-01 22:59:43 WARNING     Failed to evaluate: 0.5ns
2026-07-01 22:59:43 WARNING     Location: arch attribute "latency"
2026-07-01 22:59:43 WARNING     Problem encountered: SyntaxError: invalid decimal literal (<string>, line 1)
2026-07-01 22:59:43 WARNING     Available bindings: 
2026-07-01 22:59:43 WARNING     	type = DDR4
2026-07-01 22:59:43 WARNING     	width = 16
2026-07-01 22:59:43 WARNING     	block-size = 1
2026-07-01 22:59:43 WARNING     	word-bits = 16
2026-07-01 22:59:43 WARNING     	shared_bandwidth = 6
2026-07-01 22:59:43 WARNING     	datawidth = 16
2026-07-01 22:59:43 WARNING     	technology = 45nm
2026-07-01 22:59:43 WARNING     Failed to evaluate: 0.5ns
2026-07-01 22:59:43 WARNING     Location: arch attribute "latency"
2026-07-01 22:59:43 WARNING     Problem encountered: SyntaxError: invalid decimal literal (<string>, line 1)
2026-07-01 22:59:43 WARNING     Please ensure that the expression used is a valid Python expression.
2026-07-01 22:59:43 WARNING     The following may have been used in the expression:
2026-07-01 22:59:43 WARNING     	ns = UNDEFINED
2026-07-01 22:59:43 WARNING     Strings are allowed here. If you meant to enter a string, please wrap the
2026-07-01 22:59:43 WARNING     expression in single or double quotes:
2026-07-01 22:59:43 WARNING         Found expression: 0.5ns
2026-07-01 22:59:43 WARNING         Expression as valid string: "0.5ns"
2026-07-01 22:59:43 WARNING     Expression will be treated as a string. This will be deprecated in version
2026-07-01 22:59:43 WARNING     0.4. Please wrap quotes around the expression to specify a string.
2026-07-01 22:59:43 INFO        Calculated arch attribute "global_cycle_seconds" as "0.5e-9" = 5e-10.
2026-07-01 22:59:43 INFO        Parsing file /deeper/PolyFuseV2/data/components/smartbuffer_RF.yaml for compound_components info
2026-07-01 22:59:43 WARNING     File /deeper/PolyFuseV2/data/components/smartbuffer_RF.yaml is outdated. File version is 0.3, while the latest version is 0.4. 
2026-07-01 22:59:43 WARNING      Please update the file to the latest version.
2026-07-01 22:59:43 INFO        Parsing file /deeper/PolyFuseV2/data/components/smartbuffer_SRAM.yaml for compound_components info
2026-07-01 22:59:43 WARNING     File /deeper/PolyFuseV2/data/components/smartbuffer_SRAM.yaml is outdated. File version is 0.3, while the latest version is 0.4. 
2026-07-01 22:59:43 WARNING      Please update the file to the latest version.
2026-07-01 22:59:43 INFO        Parsing file /deeper/PolyFuseV2/data/components/reg_storage.yaml for compound_components info
2026-07-01 22:59:43 WARNING     File /deeper/PolyFuseV2/data/components/reg_storage.yaml is outdated. File version is 0.3, while the latest version is 0.4. 
2026-07-01 22:59:43 WARNING      Please update the file to the latest version.
2026-07-01 22:59:43 INFO        Parsing file /deeper/PolyFuseV2/data/components/lmac.yaml for compound_components info
2026-07-01 22:59:43 WARNING     File /deeper/PolyFuseV2/data/components/lmac.yaml is outdated. File version is 0.3, while the latest version is 0.4. 
2026-07-01 22:59:43 WARNING      Please update the file to the latest version.
2026-07-01 22:59:43 WARNING     Evaluation of "45nm" failed.
2026-07-01 22:59:43 WARNING     Failed to evaluate: 45nm
2026-07-01 22:59:43 WARNING     Location: Architecture class smartbuffer_SRAM attributes"technology"
2026-07-01 22:59:43 WARNING     Problem encountered: SyntaxError: invalid decimal literal (<string>, line 1)
2026-07-01 22:59:43 WARNING     Available bindings: 
2026-07-01 22:59:43 WARNING     	memory_depth = 1024
2026-07-01 22:59:43 WARNING     	memory_width = 128
2026-07-01 22:59:43 WARNING     	word-bits = 16
2026-07-01 22:59:43 WARNING     	cluster-size = 1
2026-07-01 22:59:43 WARNING     	meshX = 16
2026-07-01 22:59:43 WARNING     	datawidth = 16
2026-07-01 22:59:43 WARNING     Failed to evaluate: 45nm
2026-07-01 22:59:43 WARNING     Location: Architecture class smartbuffer_SRAM attributes"technology"
2026-07-01 22:59:43 WARNING     Problem encountered: SyntaxError: invalid decimal literal (<string>, line 1)
2026-07-01 22:59:43 WARNING     Please ensure that the expression used is a valid Python expression.
2026-07-01 22:59:43 WARNING     The following may have been used in the expression:
2026-07-01 22:59:43 WARNING     	nm = UNDEFINED
2026-07-01 22:59:43 WARNING     Strings are allowed here. If you meant to enter a string, please wrap the
2026-07-01 22:59:43 WARNING     expression in single or double quotes:
2026-07-01 22:59:43 WARNING         Found expression: 45nm
2026-07-01 22:59:43 WARNING         Expression as valid string: "45nm"
2026-07-01 22:59:43 WARNING     Expression will be treated as a string. This will be deprecated in version
2026-07-01 22:59:43 WARNING     0.4. Please wrap quotes around the expression to specify a string.
2026-07-01 22:59:43 WARNING     Evaluation of "0.5ns" failed.
2026-07-01 22:59:43 WARNING     Failed to evaluate: 0.5ns
2026-07-01 22:59:43 WARNING     Location: Architecture class smartbuffer_SRAM attributes"latency"
2026-07-01 22:59:43 WARNING     Problem encountered: SyntaxError: invalid decimal literal (<string>, line 1)
2026-07-01 22:59:43 WARNING     Available bindings: 
2026-07-01 22:59:43 WARNING     	memory_depth = 1024
2026-07-01 22:59:43 WARNING     	memory_width = 128
2026-07-01 22:59:43 WARNING     	word-bits = 16
2026-07-01 22:59:43 WARNING     	cluster-size = 1
2026-07-01 22:59:43 WARNING     	meshX = 16
2026-07-01 22:59:43 WARNING     	datawidth = 16
2026-07-01 22:59:43 WARNING     	technology = 45nm
2026-07-01 22:59:43 WARNING     Failed to evaluate: 0.5ns
2026-07-01 22:59:43 WARNING     Location: Architecture class smartbuffer_SRAM attributes"latency"
2026-07-01 22:59:43 WARNING     Problem encountered: SyntaxError: invalid decimal literal (<string>, line 1)
2026-07-01 22:59:43 WARNING     Please ensure that the expression used is a valid Python expression.
2026-07-01 22:59:43 WARNING     The following may have been used in the expression:
2026-07-01 22:59:43 WARNING     	ns = UNDEFINED
2026-07-01 22:59:43 WARNING     Strings are allowed here. If you meant to enter a string, please wrap the
2026-07-01 22:59:43 WARNING     expression in single or double quotes:
2026-07-01 22:59:43 WARNING         Found expression: 0.5ns
2026-07-01 22:59:43 WARNING         Expression as valid string: "0.5ns"
2026-07-01 22:59:43 WARNING     Expression will be treated as a string. This will be deprecated in version
2026-07-01 22:59:43 WARNING     0.4. Please wrap quotes around the expression to specify a string.
2026-07-01 22:59:43 WARNING     Evaluation of "45nm" failed.
2026-07-01 22:59:43 WARNING     Failed to evaluate: 45nm
2026-07-01 22:59:43 WARNING     Location: Architecture class smartbuffer_SRAM attributes"technology"
2026-07-01 22:59:43 WARNING     Problem encountered: SyntaxError: invalid decimal literal (<string>, line 1)
2026-07-01 22:59:43 WARNING     Available bindings: 
2026-07-01 22:59:43 WARNING     	memory_depth = 512
2026-07-01 22:59:43 WARNING     	memory_width = 128
2026-07-01 22:59:43 WARNING     	word-bits = 16
2026-07-01 22:59:43 WARNING     	meshX = 16
2026-07-01 22:59:43 WARNING     	cluster-size = 1
2026-07-01 22:59:43 WARNING     	n_banks = 1
2026-07-01 22:59:43 WARNING     	datawidth = 16
2026-07-01 22:59:43 WARNING     Failed to evaluate: 45nm
2026-07-01 22:59:43 WARNING     Location: Architecture class smartbuffer_SRAM attributes"technology"
2026-07-01 22:59:43 WARNING     Problem encountered: SyntaxError: invalid decimal literal (<string>, line 1)
2026-07-01 22:59:43 WARNING     Please ensure that the expression used is a valid Python expression.
2026-07-01 22:59:43 WARNING     The following may have been used in the expression:
2026-07-01 22:59:43 WARNING     	nm = UNDEFINED
2026-07-01 22:59:43 WARNING     Strings are allowed here. If you meant to enter a string, please wrap the
2026-07-01 22:59:43 WARNING     expression in single or double quotes:
2026-07-01 22:59:43 WARNING         Found expression: 45nm
2026-07-01 22:59:43 WARNING         Expression as valid string: "45nm"
2026-07-01 22:59:43 WARNING     Expression will be treated as a string. This will be deprecated in version
2026-07-01 22:59:43 WARNING     0.4. Please wrap quotes around the expression to specify a string.
2026-07-01 22:59:43 WARNING     Evaluation of "0.5ns" failed.
2026-07-01 22:59:43 WARNING     Failed to evaluate: 0.5ns
2026-07-01 22:59:43 WARNING     Location: Architecture class smartbuffer_SRAM attributes"latency"
2026-07-01 22:59:43 WARNING     Problem encountered: SyntaxError: invalid decimal literal (<string>, line 1)
2026-07-01 22:59:43 WARNING     Available bindings: 
2026-07-01 22:59:43 WARNING     	memory_depth = 512
2026-07-01 22:59:43 WARNING     	memory_width = 128
2026-07-01 22:59:43 WARNING     	word-bits = 16
2026-07-01 22:59:43 WARNING     	meshX = 16
2026-07-01 22:59:43 WARNING     	cluster-size = 1
2026-07-01 22:59:43 WARNING     	n_banks = 1
2026-07-01 22:59:43 WARNING     	datawidth = 16
2026-07-01 22:59:43 WARNING     	technology = 45nm
2026-07-01 22:59:43 WARNING     Failed to evaluate: 0.5ns
2026-07-01 22:59:43 WARNING     Location: Architecture class smartbuffer_SRAM attributes"latency"
2026-07-01 22:59:43 WARNING     Problem encountered: SyntaxError: invalid decimal literal (<string>, line 1)
2026-07-01 22:59:43 WARNING     Please ensure that the expression used is a valid Python expression.
2026-07-01 22:59:43 WARNING     The following may have been used in the expression:
2026-07-01 22:59:43 WARNING     	ns = UNDEFINED
2026-07-01 22:59:43 WARNING     Strings are allowed here. If you meant to enter a string, please wrap the
2026-07-01 22:59:43 WARNING     expression in single or double quotes:
2026-07-01 22:59:43 WARNING         Found expression: 0.5ns
2026-07-01 22:59:43 WARNING         Expression as valid string: "0.5ns"
2026-07-01 22:59:43 WARNING     Expression will be treated as a string. This will be deprecated in version
2026-07-01 22:59:43 WARNING     0.4. Please wrap quotes around the expression to specify a string.
2026-07-01 22:59:43 WARNING     Evaluation of "45nm" failed.
2026-07-01 22:59:43 WARNING     Failed to evaluate: 45nm
2026-07-01 22:59:43 WARNING     Location: Architecture class smartbuffer_SRAM attributes"technology"
2026-07-01 22:59:43 WARNING     Problem encountered: SyntaxError: invalid decimal literal (<string>, line 1)
2026-07-01 22:59:43 WARNING     Available bindings: 
2026-07-01 22:59:43 WARNING     	memory_depth = 64
2026-07-01 22:59:43 WARNING     	memory_width = 64
2026-07-01 22:59:43 WARNING     	cluster-size = 1
2026-07-01 22:59:43 WARNING     	word-bits = 32
2026-07-01 22:59:43 WARNING     	meshX = 16
2026-07-01 22:59:43 WARNING     	datawidth = 16
2026-07-01 22:59:43 WARNING     Failed to evaluate: 45nm
2026-07-01 22:59:43 WARNING     Location: Architecture class smartbuffer_SRAM attributes"technology"
2026-07-01 22:59:43 WARNING     Problem encountered: SyntaxError: invalid decimal literal (<string>, line 1)
2026-07-01 22:59:43 WARNING     Please ensure that the expression used is a valid Python expression.
2026-07-01 22:59:43 WARNING     The following may have been used in the expression:
2026-07-01 22:59:43 WARNING     	nm = UNDEFINED
2026-07-01 22:59:43 WARNING     Strings are allowed here. If you meant to enter a string, please wrap the
2026-07-01 22:59:43 WARNING     expression in single or double quotes:
2026-07-01 22:59:43 WARNING         Found expression: 45nm
2026-07-01 22:59:43 WARNING         Expression as valid string: "45nm"
2026-07-01 22:59:43 WARNING     Expression will be treated as a string. This will be deprecated in version
2026-07-01 22:59:43 WARNING     0.4. Please wrap quotes around the expression to specify a string.
2026-07-01 22:59:43 WARNING     Evaluation of "0.5ns" failed.
2026-07-01 22:59:43 WARNING     Failed to evaluate: 0.5ns
2026-07-01 22:59:43 WARNING     Location: Architecture class smartbuffer_SRAM attributes"latency"
2026-07-01 22:59:43 WARNING     Problem encountered: SyntaxError: invalid decimal literal (<string>, line 1)
2026-07-01 22:59:43 WARNING     Available bindings: 
2026-07-01 22:59:43 WARNING     	memory_depth = 64
2026-07-01 22:59:43 WARNING     	memory_width = 64
2026-07-01 22:59:43 WARNING     	cluster-size = 1
2026-07-01 22:59:43 WARNING     	word-bits = 32
2026-07-01 22:59:43 WARNING     	meshX = 16
2026-07-01 22:59:43 WARNING     	datawidth = 16
2026-07-01 22:59:43 WARNING     	technology = 45nm
2026-07-01 22:59:43 WARNING     Failed to evaluate: 0.5ns
2026-07-01 22:59:43 WARNING     Location: Architecture class smartbuffer_SRAM attributes"latency"
2026-07-01 22:59:43 WARNING     Problem encountered: SyntaxError: invalid decimal literal (<string>, line 1)
2026-07-01 22:59:43 WARNING     Please ensure that the expression used is a valid Python expression.
2026-07-01 22:59:43 WARNING     The following may have been used in the expression:
2026-07-01 22:59:43 WARNING     	ns = UNDEFINED
2026-07-01 22:59:43 WARNING     Strings are allowed here. If you meant to enter a string, please wrap the
2026-07-01 22:59:43 WARNING     expression in single or double quotes:
2026-07-01 22:59:43 WARNING         Found expression: 0.5ns
2026-07-01 22:59:43 WARNING         Expression as valid string: "0.5ns"
2026-07-01 22:59:43 WARNING     Expression will be treated as a string. This will be deprecated in version
2026-07-01 22:59:43 WARNING     0.4. Please wrap quotes around the expression to specify a string.
2026-07-01 22:59:43 WARNING     Evaluation of "45nm" failed.
2026-07-01 22:59:43 WARNING     Failed to evaluate: 45nm
2026-07-01 22:59:43 WARNING     Location: Architecture class smartbuffer_SRAM attributes"technology"
2026-07-01 22:59:43 WARNING     Problem encountered: SyntaxError: invalid decimal literal (<string>, line 1)
2026-07-01 22:59:43 WARNING     Available bindings: 
2026-07-01 22:59:43 WARNING     	memory_depth = 1
2026-07-01 22:59:43 WARNING     	memory_width = 32
2026-07-01 22:59:43 WARNING     	word-bits = 16
2026-07-01 22:59:43 WARNING     	cluster-size = 1
2026-07-01 22:59:43 WARNING     	num-ports = 2
2026-07-01 22:59:43 WARNING     	meshX = 16
2026-07-01 22:59:43 WARNING     	datawidth = 16
2026-07-01 22:59:43 WARNING     Failed to evaluate: 45nm
2026-07-01 22:59:43 WARNING     Location: Architecture class smartbuffer_SRAM attributes"technology"
2026-07-01 22:59:43 WARNING     Problem encountered: SyntaxError: invalid decimal literal (<string>, line 1)
2026-07-01 22:59:43 WARNING     Please ensure that the expression used is a valid Python expression.
2026-07-01 22:59:43 WARNING     The following may have been used in the expression:
2026-07-01 22:59:43 WARNING     	nm = UNDEFINED
2026-07-01 22:59:43 WARNING     Strings are allowed here. If you meant to enter a string, please wrap the
2026-07-01 22:59:43 WARNING     expression in single or double quotes:
2026-07-01 22:59:43 WARNING         Found expression: 45nm
2026-07-01 22:59:43 WARNING         Expression as valid string: "45nm"
2026-07-01 22:59:43 WARNING     Expression will be treated as a string. This will be deprecated in version
2026-07-01 22:59:43 WARNING     0.4. Please wrap quotes around the expression to specify a string.
2026-07-01 22:59:43 WARNING     Evaluation of "0.5ns" failed.
2026-07-01 22:59:43 WARNING     Failed to evaluate: 0.5ns
2026-07-01 22:59:43 WARNING     Location: Architecture class smartbuffer_SRAM attributes"latency"
2026-07-01 22:59:43 WARNING     Problem encountered: SyntaxError: invalid decimal literal (<string>, line 1)
2026-07-01 22:59:43 WARNING     Available bindings: 
2026-07-01 22:59:43 WARNING     	memory_depth = 1
2026-07-01 22:59:43 WARNING     	memory_width = 32
2026-07-01 22:59:43 WARNING     	word-bits = 16
2026-07-01 22:59:43 WARNING     	cluster-size = 1
2026-07-01 22:59:43 WARNING     	num-ports = 2
2026-07-01 22:59:43 WARNING     	meshX = 16
2026-07-01 22:59:43 WARNING     	datawidth = 16
2026-07-01 22:59:43 WARNING     	technology = 45nm
2026-07-01 22:59:43 WARNING     Failed to evaluate: 0.5ns
2026-07-01 22:59:43 WARNING     Location: Architecture class smartbuffer_SRAM attributes"latency"
2026-07-01 22:59:43 WARNING     Problem encountered: SyntaxError: invalid decimal literal (<string>, line 1)
2026-07-01 22:59:43 WARNING     Please ensure that the expression used is a valid Python expression.
2026-07-01 22:59:43 WARNING     The following may have been used in the expression:
2026-07-01 22:59:43 WARNING     	ns = UNDEFINED
2026-07-01 22:59:43 WARNING     Strings are allowed here. If you meant to enter a string, please wrap the
2026-07-01 22:59:43 WARNING     expression in single or double quotes:
2026-07-01 22:59:43 WARNING         Found expression: 0.5ns
2026-07-01 22:59:43 WARNING         Expression as valid string: "0.5ns"
2026-07-01 22:59:43 WARNING     Expression will be treated as a string. This will be deprecated in version
2026-07-01 22:59:43 WARNING     0.4. Please wrap quotes around the expression to specify a string.
2026-07-01 22:59:43 WARNING     Evaluation of "0.5ns" failed.
2026-07-01 22:59:43 WARNING     Failed to evaluate: 0.5ns
2026-07-01 22:59:43 WARNING     Location: Architecture class lmac attributes"latency"
2026-07-01 22:59:43 WARNING     Problem encountered: SyntaxError: invalid decimal literal (<string>, line 1)
2026-07-01 22:59:43 WARNING     Available bindings: 
2026-07-01 22:59:43 WARNING     Failed to evaluate: 0.5ns
2026-07-01 22:59:43 WARNING     Location: Architecture class lmac attributes"latency"
2026-07-01 22:59:43 WARNING     Problem encountered: SyntaxError: invalid decimal literal (<string>, line 1)
2026-07-01 22:59:43 WARNING     Please ensure that the expression used is a valid Python expression.
2026-07-01 22:59:43 WARNING     The following may have been used in the expression:
2026-07-01 22:59:43 WARNING     	ns = UNDEFINED
2026-07-01 22:59:43 WARNING     Strings are allowed here. If you meant to enter a string, please wrap the
2026-07-01 22:59:43 WARNING     expression in single or double quotes:
2026-07-01 22:59:43 WARNING         Found expression: 0.5ns
2026-07-01 22:59:43 WARNING         Expression as valid string: "0.5ns"
2026-07-01 22:59:43 WARNING     Expression will be treated as a string. This will be deprecated in version
2026-07-01 22:59:43 WARNING     0.4. Please wrap quotes around the expression to specify a string.
2026-07-01 22:59:43 WARNING     Evaluation of "45nm" failed.
2026-07-01 22:59:43 WARNING     Failed to evaluate: 45nm
2026-07-01 22:59:43 WARNING     Location: Architecture class lmac attributes"technology"
2026-07-01 22:59:43 WARNING     Problem encountered: SyntaxError: invalid decimal literal (<string>, line 1)
2026-07-01 22:59:43 WARNING     Available bindings: 
2026-07-01 22:59:43 WARNING     	latency = 0.5ns
2026-07-01 22:59:43 WARNING     	datawidth = 16
2026-07-01 22:59:43 WARNING     	meshX = 16
2026-07-01 22:59:43 WARNING     	word-bits = 16
2026-07-01 22:59:43 WARNING     Failed to evaluate: 45nm
2026-07-01 22:59:43 WARNING     Location: Architecture class lmac attributes"technology"
2026-07-01 22:59:43 WARNING     Problem encountered: SyntaxError: invalid decimal literal (<string>, line 1)
2026-07-01 22:59:43 WARNING     Please ensure that the expression used is a valid Python expression.
2026-07-01 22:59:43 WARNING     The following may have been used in the expression:
2026-07-01 22:59:43 WARNING     	nm = UNDEFINED
2026-07-01 22:59:43 WARNING     Strings are allowed here. If you meant to enter a string, please wrap the
2026-07-01 22:59:43 WARNING     expression in single or double quotes:
2026-07-01 22:59:43 WARNING         Found expression: 45nm
2026-07-01 22:59:43 WARNING         Expression as valid string: "45nm"
2026-07-01 22:59:43 WARNING     Expression will be treated as a string. This will be deprecated in version
2026-07-01 22:59:43 WARNING     0.4. Please wrap quotes around the expression to specify a string.
2026-07-01 22:59:43 WARNING     Evaluation of "45nm" failed.
2026-07-01 22:59:43 WARNING     Failed to evaluate: 45nm
2026-07-01 22:59:43 WARNING     Location: Architecture class smartbuffer_SRAM attributes"technology"
2026-07-01 22:59:43 WARNING     Problem encountered: SyntaxError: invalid decimal literal (<string>, line 1)
2026-07-01 22:59:43 WARNING     Available bindings: 
2026-07-01 22:59:43 WARNING     	memory_depth = 2048
2026-07-01 22:59:43 WARNING     	memory_width = 512
2026-07-01 22:59:43 WARNING     	word-bits = 16
2026-07-01 22:59:43 WARNING     	cluster-size = 1
2026-07-01 22:59:43 WARNING     	nports = 2
2026-07-01 22:59:43 WARNING     	meshX = 1
2026-07-01 22:59:43 WARNING     	datawidth = 16
2026-07-01 22:59:43 WARNING     Failed to evaluate: 45nm
2026-07-01 22:59:43 WARNING     Location: Architecture class smartbuffer_SRAM attributes"technology"
2026-07-01 22:59:43 WARNING     Problem encountered: SyntaxError: invalid decimal literal (<string>, line 1)
2026-07-01 22:59:43 WARNING     Please ensure that the expression used is a valid Python expression.
2026-07-01 22:59:43 WARNING     The following may have been used in the expression:
2026-07-01 22:59:43 WARNING     	nm = UNDEFINED
2026-07-01 22:59:43 WARNING     Strings are allowed here. If you meant to enter a string, please wrap the
2026-07-01 22:59:43 WARNING     expression in single or double quotes:
2026-07-01 22:59:43 WARNING         Found expression: 45nm
2026-07-01 22:59:43 WARNING         Expression as valid string: "45nm"
2026-07-01 22:59:43 WARNING     Expression will be treated as a string. This will be deprecated in version
2026-07-01 22:59:43 WARNING     0.4. Please wrap quotes around the expression to specify a string.
2026-07-01 22:59:43 WARNING     Evaluation of "0.5ns" failed.
2026-07-01 22:59:43 WARNING     Failed to evaluate: 0.5ns
2026-07-01 22:59:43 WARNING     Location: Architecture class smartbuffer_SRAM attributes"latency"
2026-07-01 22:59:43 WARNING     Problem encountered: SyntaxError: invalid decimal literal (<string>, line 1)
2026-07-01 22:59:43 WARNING     Available bindings: 
2026-07-01 22:59:43 WARNING     	memory_depth = 2048
2026-07-01 22:59:43 WARNING     	memory_width = 512
2026-07-01 22:59:43 WARNING     	word-bits = 16
2026-07-01 22:59:43 WARNING     	cluster-size = 1
2026-07-01 22:59:43 WARNING     	nports = 2
2026-07-01 22:59:43 WARNING     	meshX = 1
2026-07-01 22:59:43 WARNING     	datawidth = 16
2026-07-01 22:59:43 WARNING     	technology = 45nm
2026-07-01 22:59:43 WARNING     Failed to evaluate: 0.5ns
2026-07-01 22:59:43 WARNING     Location: Architecture class smartbuffer_SRAM attributes"latency"
2026-07-01 22:59:43 WARNING     Problem encountered: SyntaxError: invalid decimal literal (<string>, line 1)
2026-07-01 22:59:43 WARNING     Please ensure that the expression used is a valid Python expression.
2026-07-01 22:59:43 WARNING     The following may have been used in the expression:
2026-07-01 22:59:43 WARNING     	ns = UNDEFINED
2026-07-01 22:59:43 WARNING     Strings are allowed here. If you meant to enter a string, please wrap the
2026-07-01 22:59:43 WARNING     expression in single or double quotes:
2026-07-01 22:59:43 WARNING         Found expression: 0.5ns
2026-07-01 22:59:43 WARNING         Expression as valid string: "0.5ns"
2026-07-01 22:59:43 WARNING     Expression will be treated as a string. This will be deprecated in version
2026-07-01 22:59:43 WARNING     0.4. Please wrap quotes around the expression to specify a string.
2026-07-01 22:59:43 WARNING     Evaluation of "DDR4" failed.
2026-07-01 22:59:43 WARNING     Failed to evaluate: DDR4
2026-07-01 22:59:43 WARNING     Location: Architecture class DRAM attributes"type"
2026-07-01 22:59:43 WARNING     Problem encountered: NameError: Name 'DDR4' is not defined.
2026-07-01 22:59:43 WARNING     Available bindings: 
2026-07-01 22:59:43 WARNING     Failed to evaluate: DDR4
2026-07-01 22:59:43 WARNING     Location: Architecture class DRAM attributes"type"
2026-07-01 22:59:43 WARNING     Problem encountered: NameError: Name 'DDR4' is not defined.
2026-07-01 22:59:43 WARNING     Please ensure that the expression used is a valid Python expression.
2026-07-01 22:59:43 WARNING     The following may have been used in the expression:
2026-07-01 22:59:43 WARNING     	DDR4 = UNDEFINED
2026-07-01 22:59:43 WARNING     Strings are allowed here. If you meant to enter a string, please wrap the
2026-07-01 22:59:43 WARNING     expression in single or double quotes:
2026-07-01 22:59:43 WARNING         Found expression: DDR4
2026-07-01 22:59:43 WARNING         Expression as valid string: "DDR4"
2026-07-01 22:59:43 WARNING     Expression will be treated as a string. This will be deprecated in version
2026-07-01 22:59:43 WARNING     0.4. Please wrap quotes around the expression to specify a string.
2026-07-01 22:59:43 WARNING     Evaluation of "45nm" failed.
2026-07-01 22:59:43 WARNING     Failed to evaluate: 45nm
2026-07-01 22:59:43 WARNING     Location: Architecture class DRAM attributes"technology"
2026-07-01 22:59:43 WARNING     Problem encountered: SyntaxError: invalid decimal literal (<string>, line 1)
2026-07-01 22:59:43 WARNING     Available bindings: 
2026-07-01 22:59:43 WARNING     	type = DDR4
2026-07-01 22:59:43 WARNING     	width = 16
2026-07-01 22:59:43 WARNING     	block-size = 1
2026-07-01 22:59:43 WARNING     	word-bits = 16
2026-07-01 22:59:43 WARNING     	shared_bandwidth = 6
2026-07-01 22:59:43 WARNING     	datawidth = 16
2026-07-01 22:59:43 WARNING     Failed to evaluate: 45nm
2026-07-01 22:59:43 WARNING     Location: Architecture class DRAM attributes"technology"
2026-07-01 22:59:43 WARNING     Problem encountered: SyntaxError: invalid decimal literal (<string>, line 1)
2026-07-01 22:59:43 WARNING     Please ensure that the expression used is a valid Python expression.
2026-07-01 22:59:43 WARNING     The following may have been used in the expression:
2026-07-01 22:59:43 WARNING     	nm = UNDEFINED
2026-07-01 22:59:43 WARNING     Strings are allowed here. If you meant to enter a string, please wrap the
2026-07-01 22:59:43 WARNING     expression in single or double quotes:
2026-07-01 22:59:43 WARNING         Found expression: 45nm
2026-07-01 22:59:43 WARNING         Expression as valid string: "45nm"
2026-07-01 22:59:43 WARNING     Expression will be treated as a string. This will be deprecated in version
2026-07-01 22:59:43 WARNING     0.4. Please wrap quotes around the expression to specify a string.
2026-07-01 22:59:43 WARNING     Evaluation of "0.5ns" failed.
2026-07-01 22:59:43 WARNING     Failed to evaluate: 0.5ns
2026-07-01 22:59:43 WARNING     Location: Architecture class DRAM attributes"latency"
2026-07-01 22:59:43 WARNING     Problem encountered: SyntaxError: invalid decimal literal (<string>, line 1)
2026-07-01 22:59:43 WARNING     Available bindings: 
2026-07-01 22:59:43 WARNING     	type = DDR4
2026-07-01 22:59:43 WARNING     	width = 16
2026-07-01 22:59:43 WARNING     	block-size = 1
2026-07-01 22:59:43 WARNING     	word-bits = 16
2026-07-01 22:59:43 WARNING     	shared_bandwidth = 6
2026-07-01 22:59:43 WARNING     	datawidth = 16
2026-07-01 22:59:43 WARNING     	technology = 45nm
2026-07-01 22:59:43 WARNING     Failed to evaluate: 0.5ns
2026-07-01 22:59:43 WARNING     Location: Architecture class DRAM attributes"latency"
2026-07-01 22:59:43 WARNING     Problem encountered: SyntaxError: invalid decimal literal (<string>, line 1)
2026-07-01 22:59:43 WARNING     Please ensure that the expression used is a valid Python expression.
2026-07-01 22:59:43 WARNING     The following may have been used in the expression:
2026-07-01 22:59:43 WARNING     	ns = UNDEFINED
2026-07-01 22:59:43 WARNING     Strings are allowed here. If you meant to enter a string, please wrap the
2026-07-01 22:59:43 WARNING     expression in single or double quotes:
2026-07-01 22:59:43 WARNING         Found expression: 0.5ns
2026-07-01 22:59:43 WARNING         Expression as valid string: "0.5ns"
2026-07-01 22:59:43 WARNING     Expression will be treated as a string. This will be deprecated in version
2026-07-01 22:59:43 WARNING     0.4. Please wrap quotes around the expression to specify a string.
2026-07-01 22:59:43 INFO        Estimator plug-in identified by: /usr/local/share/accelergy/estimation_plug_ins/accelergy-table-based-plug-ins/table.estimator.yaml
2026-07-01 22:59:43 INFO        Estimator plug-in identified by: /usr/local/share/accelergy/estimation_plug_ins/accelergy-cacti-plug-in/cacti.estimator.yaml
2026-07-01 22:59:43 INFO        Estimator plug-in identified by: /usr/local/share/accelergy/estimation_plug_ins/dummy_tables/dummy.estimator.yaml
2026-07-01 22:59:43 INFO        Estimator plug-in identified by: /usr/local/share/accelergy/estimation_plug_ins/accelergy-aladdin-plug-in/aladdin.estimator.yaml
2026-07-01 22:59:43 INFO        Loading Python plug-in: /usr/local/share/accelergy/estimation_plug_ins/accelergy-cacti-plug-in/cacti_wrapper.py. Errors below are likely due to plug-in, not Accelergy.
2026-07-01 22:59:43 INFO        Getting all estimators in module <module 'python_plug_in0' from '/usr/local/share/accelergy/estimation_plug_ins/accelergy-cacti-plug-in/cacti_wrapper.py'>
2026-07-01 22:59:43 INFO        Added estimator CactiCache that estimates cache with actions idle, read, read_access, update, update_access, write, write_access, leak
2026-07-01 22:59:43 INFO        Added estimator CactiDRAM that estimates ['DRAM', 'dram'] with actions idle, read, update, write, leak
2026-07-01 22:59:43 INFO        Added estimator CactiSRAM that estimates ['SRAM', 'sram'] with actions idle, read, update, write, leak
2026-07-01 22:59:43 INFO        Done loading Python plug-ins.
2026-07-01 22:59:43 INFO        Found estimator plug-in: DEPRECATED table-based-plug-ins. Use the Library plug-in instead. (<SetsOfTables.SetsOfTables object at 0x75d0ca87bd60>)
2026-07-01 22:59:43 INFO        Found estimator plug-in: dummy (<DummyTable.DummyTable object at 0x75d0ca6011b0>)
2026-07-01 22:59:43 INFO        Found estimator plug-in: Aladdin_table (<AladdinTable.AladdinTable object at 0x75d0ca601ea0>)
2026-07-01 22:59:43 INFO        Found estimator plug-in: CactiCache (<accelergy.plug_in_interface.estimator_wrapper.EstimatorWrapper object at 0x75d0ca602680>)
2026-07-01 22:59:43 INFO        Found estimator plug-in: CactiDRAM (<accelergy.plug_in_interface.estimator_wrapper.EstimatorWrapper object at 0x75d0ca603a90>)
2026-07-01 22:59:43 INFO        Found estimator plug-in: CactiSRAM (<accelergy.plug_in_interface.estimator_wrapper.EstimatorWrapper object at 0x75d0ca603910>)
2026-07-01 22:59:43 INFO        Calculated storage."technology" as "technology" = 45nm.
2026-07-01 22:59:43 INFO        Calculated storage."width" as "memory_width" = 128.
2026-07-01 22:59:43 INFO        Calculated storage."depth" as "memory_depth" = 1024.
2026-07-01 22:59:43 INFO        Calculated storage."n_rdwr_ports" as "n_rdwr_ports" = 2.
2026-07-01 22:59:43 INFO        Calculated storage."n_banks" as "n_banks" = 1.
2026-07-01 22:59:43 INFO        Calculated address_generators[0..1]."technology" as "technology" = 45nm.
2026-07-01 22:59:43 INFO        Calculated address_generators[0..1]."width" as "log(memory_depth)" = 6.931471805599453.
2026-07-01 22:59:43 INFO        Calculated index range expression as "n_banks" = 1.
2026-07-01 22:59:43 INFO        Calculated index range expression as "n_banks" = 1.
2026-07-01 22:59:43 INFO        Calculated System.ws.PE[0..15].PEInputBuffer.write.write."data_delta" as "data_delta" = 0.
2026-07-01 22:59:43 INFO        Calculated System.ws.PE[0..15].PEInputBuffer.write.write."address_delta" as "address_delta" = 0.
2026-07-01 22:59:43 INFO        Calculated System.ws.PE[0..15].PEInputBuffer.write.write."data_delta" as "data_delta" = 1.
2026-07-01 22:59:43 INFO        Calculated System.ws.PE[0..15].PEInputBuffer.write.write."address_delta" as "address_delta" = 0.
2026-07-01 22:59:43 INFO        Calculated System.ws.PE[0..15].PEInputBuffer.write.write."data_delta" as "data_delta" = 0.
2026-07-01 22:59:43 INFO        Calculated System.ws.PE[0..15].PEInputBuffer.write.write."address_delta" as "address_delta" = 1.
2026-07-01 22:59:43 INFO        Calculated System.ws.PE[0..15].PEInputBuffer.write.write."data_delta" as "data_delta" = 1.
2026-07-01 22:59:43 INFO        Calculated System.ws.PE[0..15].PEInputBuffer.write.write."address_delta" as "address_delta" = 1.
2026-07-01 22:59:43 INFO        Calculated System.ws.PE[0..15].PEInputBuffer.read.read."data_delta" as "data_delta" = 0.
2026-07-01 22:59:43 INFO        Calculated System.ws.PE[0..15].PEInputBuffer.read.read."address_delta" as "address_delta" = 0.
2026-07-01 22:59:43 INFO        Calculated System.ws.PE[0..15].PEInputBuffer.read.read."data_delta" as "data_delta" = 1.
2026-07-01 22:59:43 INFO        Calculated System.ws.PE[0..15].PEInputBuffer.read.read."address_delta" as "address_delta" = 0.
2026-07-01 22:59:43 INFO        Calculated System.ws.PE[0..15].PEInputBuffer.read.read."data_delta" as "data_delta" = 0.
2026-07-01 22:59:43 INFO        Calculated System.ws.PE[0..15].PEInputBuffer.read.read."address_delta" as "address_delta" = 1.
2026-07-01 22:59:43 INFO        Calculated System.ws.PE[0..15].PEInputBuffer.read.read."data_delta" as "data_delta" = 1.
2026-07-01 22:59:43 INFO        Calculated System.ws.PE[0..15].PEInputBuffer.read.read."address_delta" as "address_delta" = 1.
2026-07-01 22:59:43 INFO        Calculated storage."technology" as "technology" = 45nm.
2026-07-01 22:59:43 INFO        Calculated storage."width" as "memory_width" = 128.
2026-07-01 22:59:43 INFO        Calculated storage."depth" as "memory_depth" = 512.
2026-07-01 22:59:43 INFO        Calculated storage."n_rdwr_ports" as "n_rdwr_ports" = 2.
2026-07-01 22:59:43 INFO        Calculated storage."n_banks" as "n_banks" = 1.
2026-07-01 22:59:43 INFO        Calculated address_generators[0..1]."technology" as "technology" = 45nm.
2026-07-01 22:59:43 INFO        Calculated address_generators[0..1]."width" as "log(memory_depth)" = 6.238324625039508.
2026-07-01 22:59:43 INFO        Calculated index range expression as "n_banks" = 1.
2026-07-01 22:59:43 INFO        Calculated index range expression as "n_banks" = 1.
2026-07-01 22:59:43 INFO        Calculated System.ws.PE[0..15].PEWeightBuffer[0..7].write.write."data_delta" as "data_delta" = 0.
2026-07-01 22:59:43 INFO        Calculated System.ws.PE[0..15].PEWeightBuffer[0..7].write.write."address_delta" as "address_delta" = 0.
2026-07-01 22:59:43 INFO        Calculated System.ws.PE[0..15].PEWeightBuffer[0..7].write.write."data_delta" as "data_delta" = 1.
2026-07-01 22:59:43 INFO        Calculated System.ws.PE[0..15].PEWeightBuffer[0..7].write.write."address_delta" as "address_delta" = 0.
2026-07-01 22:59:43 INFO        Calculated System.ws.PE[0..15].PEWeightBuffer[0..7].write.write."data_delta" as "data_delta" = 0.
2026-07-01 22:59:43 INFO        Calculated System.ws.PE[0..15].PEWeightBuffer[0..7].write.write."address_delta" as "address_delta" = 1.
2026-07-01 22:59:43 INFO        Calculated System.ws.PE[0..15].PEWeightBuffer[0..7].write.write."data_delta" as "data_delta" = 1.
2026-07-01 22:59:43 INFO        Calculated System.ws.PE[0..15].PEWeightBuffer[0..7].write.write."address_delta" as "address_delta" = 1.
2026-07-01 22:59:43 INFO        Calculated System.ws.PE[0..15].PEWeightBuffer[0..7].read.read."data_delta" as "data_delta" = 0.
2026-07-01 22:59:43 INFO        Calculated System.ws.PE[0..15].PEWeightBuffer[0..7].read.read."address_delta" as "address_delta" = 0.
2026-07-01 22:59:43 INFO        Calculated System.ws.PE[0..15].PEWeightBuffer[0..7].read.read."data_delta" as "data_delta" = 1.
2026-07-01 22:59:43 INFO        Calculated System.ws.PE[0..15].PEWeightBuffer[0..7].read.read."address_delta" as "address_delta" = 0.
2026-07-01 22:59:43 INFO        Calculated System.ws.PE[0..15].PEWeightBuffer[0..7].read.read."data_delta" as "data_delta" = 0.
2026-07-01 22:59:43 INFO        Calculated System.ws.PE[0..15].PEWeightBuffer[0..7].read.read."address_delta" as "address_delta" = 1.
2026-07-01 22:59:43 INFO        Calculated System.ws.PE[0..15].PEWeightBuffer[0..7].read.read."data_delta" as "data_delta" = 1.
2026-07-01 22:59:43 INFO        Calculated System.ws.PE[0..15].PEWeightBuffer[0..7].read.read."address_delta" as "address_delta" = 1.
2026-07-01 22:59:43 INFO        Calculated storage."technology" as "technology" = 45nm.
2026-07-01 22:59:43 INFO        Calculated storage."width" as "memory_width" = 64.
2026-07-01 22:59:43 INFO        Calculated storage."depth" as "memory_depth" = 64.
2026-07-01 22:59:43 INFO        Calculated storage."n_rdwr_ports" as "n_rdwr_ports" = 2.
2026-07-01 22:59:43 INFO        Calculated storage."n_banks" as "n_banks" = 1.
2026-07-01 22:59:43 INFO        Calculated address_generators[0..1]."technology" as "technology" = 45nm.
2026-07-01 22:59:43 INFO        Calculated address_generators[0..1]."width" as "log(memory_depth)" = 4.1588830833596715.
2026-07-01 22:59:43 INFO        Calculated index range expression as "n_banks" = 1.
2026-07-01 22:59:43 INFO        Calculated index range expression as "n_banks" = 1.
2026-07-01 22:59:43 INFO        Calculated System.ws.PE[0..15].PEAccuBuffer[0..7].write.write."data_delta" as "data_delta" = 0.
2026-07-01 22:59:43 INFO        Calculated System.ws.PE[0..15].PEAccuBuffer[0..7].write.write."address_delta" as "address_delta" = 0.
2026-07-01 22:59:43 INFO        Calculated System.ws.PE[0..15].PEAccuBuffer[0..7].write.write."data_delta" as "data_delta" = 1.
2026-07-01 22:59:43 INFO        Calculated System.ws.PE[0..15].PEAccuBuffer[0..7].write.write."address_delta" as "address_delta" = 0.
2026-07-01 22:59:43 INFO        Calculated System.ws.PE[0..15].PEAccuBuffer[0..7].write.write."data_delta" as "data_delta" = 0.
2026-07-01 22:59:43 INFO        Calculated System.ws.PE[0..15].PEAccuBuffer[0..7].write.write."address_delta" as "address_delta" = 1.
2026-07-01 22:59:43 INFO        Calculated System.ws.PE[0..15].PEAccuBuffer[0..7].write.write."data_delta" as "data_delta" = 1.
2026-07-01 22:59:43 INFO        Calculated System.ws.PE[0..15].PEAccuBuffer[0..7].write.write."address_delta" as "address_delta" = 1.
2026-07-01 22:59:43 INFO        Calculated System.ws.PE[0..15].PEAccuBuffer[0..7].read.read."data_delta" as "data_delta" = 0.
2026-07-01 22:59:43 INFO        Calculated System.ws.PE[0..15].PEAccuBuffer[0..7].read.read."address_delta" as "address_delta" = 0.
2026-07-01 22:59:43 INFO        Calculated System.ws.PE[0..15].PEAccuBuffer[0..7].read.read."data_delta" as "data_delta" = 1.
2026-07-01 22:59:43 INFO        Calculated System.ws.PE[0..15].PEAccuBuffer[0..7].read.read."address_delta" as "address_delta" = 0.
2026-07-01 22:59:43 INFO        Calculated System.ws.PE[0..15].PEAccuBuffer[0..7].read.read."data_delta" as "data_delta" = 0.
2026-07-01 22:59:43 INFO        Calculated System.ws.PE[0..15].PEAccuBuffer[0..7].read.read."address_delta" as "address_delta" = 1.
2026-07-01 22:59:43 INFO        Calculated System.ws.PE[0..15].PEAccuBuffer[0..7].read.read."data_delta" as "data_delta" = 1.
2026-07-01 22:59:43 INFO        Calculated System.ws.PE[0..15].PEAccuBuffer[0..7].read.read."address_delta" as "address_delta" = 1.
2026-07-01 22:59:43 INFO        Calculated storage."technology" as "technology" = 45nm.
2026-07-01 22:59:43 INFO        Calculated storage."width" as "memory_width" = 32.
2026-07-01 22:59:43 INFO        Calculated storage."depth" as "memory_depth" = 1.
2026-07-01 22:59:43 INFO        Calculated storage."n_rdwr_ports" as "n_rdwr_ports" = 2.
2026-07-01 22:59:43 INFO        Calculated storage."n_banks" as "n_banks" = 1.
2026-07-01 22:59:43 INFO        Calculated address_generators[0..1]."technology" as "technology" = 45nm.
2026-07-01 22:59:43 INFO        Calculated address_generators[0..1]."width" as "log(memory_depth)" = 0.0.
2026-07-01 22:59:43 INFO        Calculated index range expression as "n_banks" = 1.
2026-07-01 22:59:43 INFO        Calculated index range expression as "n_banks" = 1.
2026-07-01 22:59:43 INFO        Calculated System.ws.PE[0..15].PEWeightRegs[0..63].write.write."data_delta" as "data_delta" = 0.
2026-07-01 22:59:43 INFO        Calculated System.ws.PE[0..15].PEWeightRegs[0..63].write.write."address_delta" as "address_delta" = 0.
2026-07-01 22:59:43 INFO        Calculated System.ws.PE[0..15].PEWeightRegs[0..63].write.write."data_delta" as "data_delta" = 1.
2026-07-01 22:59:43 INFO        Calculated System.ws.PE[0..15].PEWeightRegs[0..63].write.write."address_delta" as "address_delta" = 0.
2026-07-01 22:59:43 INFO        Calculated System.ws.PE[0..15].PEWeightRegs[0..63].write.write."data_delta" as "data_delta" = 0.
2026-07-01 22:59:43 INFO        Calculated System.ws.PE[0..15].PEWeightRegs[0..63].write.write."address_delta" as "address_delta" = 1.
2026-07-01 22:59:43 INFO        Calculated System.ws.PE[0..15].PEWeightRegs[0..63].write.write."data_delta" as "data_delta" = 1.
2026-07-01 22:59:43 INFO        Calculated System.ws.PE[0..15].PEWeightRegs[0..63].write.write."address_delta" as "address_delta" = 1.
2026-07-01 22:59:43 INFO        Calculated System.ws.PE[0..15].PEWeightRegs[0..63].read.read."data_delta" as "data_delta" = 0.
2026-07-01 22:59:43 INFO        Calculated System.ws.PE[0..15].PEWeightRegs[0..63].read.read."address_delta" as "address_delta" = 0.
2026-07-01 22:59:43 INFO        Calculated System.ws.PE[0..15].PEWeightRegs[0..63].read.read."data_delta" as "data_delta" = 1.
2026-07-01 22:59:43 INFO        Calculated System.ws.PE[0..15].PEWeightRegs[0..63].read.read."address_delta" as "address_delta" = 0.
2026-07-01 22:59:43 INFO        Calculated System.ws.PE[0..15].PEWeightRegs[0..63].read.read."data_delta" as "data_delta" = 0.
2026-07-01 22:59:43 INFO        Calculated System.ws.PE[0..15].PEWeightRegs[0..63].read.read."address_delta" as "address_delta" = 1.
2026-07-01 22:59:43 INFO        Calculated System.ws.PE[0..15].PEWeightRegs[0..63].read.read."data_delta" as "data_delta" = 1.
2026-07-01 22:59:43 INFO        Calculated System.ws.PE[0..15].PEWeightRegs[0..63].read.read."address_delta" as "address_delta" = 1.
2026-07-01 22:59:43 WARNING     Evaluation of "45nm" failed.
2026-07-01 22:59:43 WARNING     Failed to evaluate: 45nm
2026-07-01 22:59:43 WARNING     Location: intmac."technology"
2026-07-01 22:59:43 WARNING     Problem encountered: SyntaxError: invalid decimal literal (<string>, line 1)
2026-07-01 22:59:43 WARNING     Available bindings: 
2026-07-01 22:59:43 WARNING     	latency = 0.5ns
2026-07-01 22:59:43 WARNING     	datawidth = 16
2026-07-01 22:59:43 WARNING     	meshX = 16
2026-07-01 22:59:43 WARNING     	word-bits = 16
2026-07-01 22:59:43 WARNING     	technology = 45nm
2026-07-01 22:59:43 WARNING     	global_cycle_seconds = 5e-10
2026-07-01 22:59:43 WARNING     	num_pipeline_stages = 2
2026-07-01 22:59:43 WARNING     Failed to evaluate: 45nm
2026-07-01 22:59:43 WARNING     Location: intmac."technology"
2026-07-01 22:59:43 WARNING     Problem encountered: SyntaxError: invalid decimal literal (<string>, line 1)
2026-07-01 22:59:43 WARNING     Please ensure that the expression used is a valid Python expression.
2026-07-01 22:59:43 WARNING     The following may have been used in the expression:
2026-07-01 22:59:43 WARNING     	nm = UNDEFINED
2026-07-01 22:59:43 WARNING     Strings are allowed here. If you meant to enter a string, please wrap the
2026-07-01 22:59:43 WARNING     expression in single or double quotes:
2026-07-01 22:59:43 WARNING         Found expression: 45nm
2026-07-01 22:59:43 WARNING         Expression as valid string: "45nm"
2026-07-01 22:59:43 WARNING     Expression will be treated as a string. This will be deprecated in version
2026-07-01 22:59:43 WARNING     0.4. Please wrap quotes around the expression to specify a string.
2026-07-01 22:59:43 INFO        Calculated intmac."datawidth" as "datawidth" = 16.
2026-07-01 22:59:43 WARNING     Evaluation of "5ns" failed.
2026-07-01 22:59:43 WARNING     Failed to evaluate: 5ns
2026-07-01 22:59:43 WARNING     Location: intmac."latency"
2026-07-01 22:59:43 WARNING     Problem encountered: SyntaxError: invalid decimal literal (<string>, line 1)
2026-07-01 22:59:43 WARNING     Available bindings: 
2026-07-01 22:59:43 WARNING     	latency = 0.5ns
2026-07-01 22:59:43 WARNING     	datawidth = 16
2026-07-01 22:59:43 WARNING     	meshX = 16
2026-07-01 22:59:43 WARNING     	word-bits = 16
2026-07-01 22:59:43 WARNING     	technology = 45nm
2026-07-01 22:59:43 WARNING     	global_cycle_seconds = 5e-10
2026-07-01 22:59:43 WARNING     	num_pipeline_stages = 2
2026-07-01 22:59:43 WARNING     Failed to evaluate: 5ns
2026-07-01 22:59:43 WARNING     Location: intmac."latency"
2026-07-01 22:59:43 WARNING     Problem encountered: SyntaxError: invalid decimal literal (<string>, line 1)
2026-07-01 22:59:43 WARNING     Please ensure that the expression used is a valid Python expression.
2026-07-01 22:59:43 WARNING     The following may have been used in the expression:
2026-07-01 22:59:43 WARNING     	ns = UNDEFINED
2026-07-01 22:59:43 WARNING     Strings are allowed here. If you meant to enter a string, please wrap the
2026-07-01 22:59:43 WARNING     expression in single or double quotes:
2026-07-01 22:59:43 WARNING         Found expression: 5ns
2026-07-01 22:59:43 WARNING         Expression as valid string: "5ns"
2026-07-01 22:59:43 WARNING     Expression will be treated as a string. This will be deprecated in version
2026-07-01 22:59:43 WARNING     0.4. Please wrap quotes around the expression to specify a string.
2026-07-01 22:59:43 WARNING     Evaluation of "45nm" failed.
2026-07-01 22:59:43 WARNING     Failed to evaluate: 45nm
2026-07-01 22:59:43 WARNING     Location: intmac."technology"
2026-07-01 22:59:43 WARNING     Problem encountered: SyntaxError: invalid decimal literal (<string>, line 1)
2026-07-01 22:59:43 WARNING     Available bindings: 
2026-07-01 22:59:43 WARNING     	latency = 0.5ns
2026-07-01 22:59:43 WARNING     	datawidth = 16
2026-07-01 22:59:43 WARNING     	meshX = 16
2026-07-01 22:59:43 WARNING     	word-bits = 16
2026-07-01 22:59:43 WARNING     	technology = 45nm
2026-07-01 22:59:43 WARNING     	global_cycle_seconds = 5e-10
2026-07-01 22:59:43 WARNING     	num_pipeline_stages = 2
2026-07-01 22:59:43 WARNING     Failed to evaluate: 45nm
2026-07-01 22:59:43 WARNING     Location: intmac."technology"
2026-07-01 22:59:43 WARNING     Problem encountered: SyntaxError: invalid decimal literal (<string>, line 1)
2026-07-01 22:59:43 WARNING     Please ensure that the expression used is a valid Python expression.
2026-07-01 22:59:43 WARNING     The following may have been used in the expression:
2026-07-01 22:59:43 WARNING     	nm = UNDEFINED
2026-07-01 22:59:43 WARNING     Strings are allowed here. If you meant to enter a string, please wrap the
2026-07-01 22:59:43 WARNING     expression in single or double quotes:
2026-07-01 22:59:43 WARNING         Found expression: 45nm
2026-07-01 22:59:43 WARNING         Expression as valid string: "45nm"
2026-07-01 22:59:43 WARNING     Expression will be treated as a string. This will be deprecated in version
2026-07-01 22:59:43 WARNING     0.4. Please wrap quotes around the expression to specify a string.
2026-07-01 22:59:43 WARNING     Evaluation of "5ns" failed.
2026-07-01 22:59:43 WARNING     Failed to evaluate: 5ns
2026-07-01 22:59:43 WARNING     Location: intmac."latency"
2026-07-01 22:59:43 WARNING     Problem encountered: SyntaxError: invalid decimal literal (<string>, line 1)
2026-07-01 22:59:43 WARNING     Available bindings: 
2026-07-01 22:59:43 WARNING     	latency = 0.5ns
2026-07-01 22:59:43 WARNING     	datawidth = 16
2026-07-01 22:59:43 WARNING     	meshX = 16
2026-07-01 22:59:43 WARNING     	word-bits = 16
2026-07-01 22:59:43 WARNING     	technology = 45nm
2026-07-01 22:59:43 WARNING     	global_cycle_seconds = 5e-10
2026-07-01 22:59:43 WARNING     	num_pipeline_stages = 2
2026-07-01 22:59:43 WARNING     Failed to evaluate: 5ns
2026-07-01 22:59:43 WARNING     Location: intmac."latency"
2026-07-01 22:59:43 WARNING     Problem encountered: SyntaxError: invalid decimal literal (<string>, line 1)
2026-07-01 22:59:43 WARNING     Please ensure that the expression used is a valid Python expression.
2026-07-01 22:59:43 WARNING     The following may have been used in the expression:
2026-07-01 22:59:43 WARNING     	ns = UNDEFINED
2026-07-01 22:59:43 WARNING     Strings are allowed here. If you meant to enter a string, please wrap the
2026-07-01 22:59:43 WARNING     expression in single or double quotes:
2026-07-01 22:59:43 WARNING         Found expression: 5ns
2026-07-01 22:59:43 WARNING         Expression as valid string: "5ns"
2026-07-01 22:59:43 WARNING     Expression will be treated as a string. This will be deprecated in version
2026-07-01 22:59:43 WARNING     0.4. Please wrap quotes around the expression to specify a string.
2026-07-01 22:59:43 INFO        Calculated storage."technology" as "technology" = 45nm.
2026-07-01 22:59:43 INFO        Calculated storage."width" as "memory_width" = 512.
2026-07-01 22:59:43 INFO        Calculated storage."depth" as "memory_depth" = 2048.
2026-07-01 22:59:43 INFO        Calculated storage."n_rdwr_ports" as "n_rdwr_ports" = 2.
2026-07-01 22:59:43 INFO        Calculated storage."n_banks" as "n_banks" = 1.
2026-07-01 22:59:43 INFO        Calculated address_generators[0..1]."technology" as "technology" = 45nm.
2026-07-01 22:59:43 INFO        Calculated address_generators[0..1]."width" as "log(memory_depth)" = 7.6246189861593985.
2026-07-01 22:59:43 INFO        Calculated index range expression as "n_banks" = 1.
2026-07-01 22:59:43 INFO        Calculated index range expression as "n_banks" = 1.
2026-07-01 22:59:43 INFO        Calculated System.ws.GlobalBuffer.write.write."data_delta" as "data_delta" = 0.
2026-07-01 22:59:43 INFO        Calculated System.ws.GlobalBuffer.write.write."address_delta" as "address_delta" = 0.
2026-07-01 22:59:43 INFO        Calculated System.ws.GlobalBuffer.write.write."data_delta" as "data_delta" = 1.
2026-07-01 22:59:43 INFO        Calculated System.ws.GlobalBuffer.write.write."address_delta" as "address_delta" = 0.
2026-07-01 22:59:43 INFO        Calculated System.ws.GlobalBuffer.write.write."data_delta" as "data_delta" = 0.
2026-07-01 22:59:43 INFO        Calculated System.ws.GlobalBuffer.write.write."address_delta" as "address_delta" = 1.
2026-07-01 22:59:43 INFO        Calculated System.ws.GlobalBuffer.write.write."data_delta" as "data_delta" = 1.
2026-07-01 22:59:43 INFO        Calculated System.ws.GlobalBuffer.write.write."address_delta" as "address_delta" = 1.
2026-07-01 22:59:43 INFO        Calculated System.ws.GlobalBuffer.read.read."data_delta" as "data_delta" = 0.
2026-07-01 22:59:43 INFO        Calculated System.ws.GlobalBuffer.read.read."address_delta" as "address_delta" = 0.
2026-07-01 22:59:43 INFO        Calculated System.ws.GlobalBuffer.read.read."data_delta" as "data_delta" = 1.
2026-07-01 22:59:43 INFO        Calculated System.ws.GlobalBuffer.read.read."address_delta" as "address_delta" = 0.
2026-07-01 22:59:43 INFO        Calculated System.ws.GlobalBuffer.read.read."data_delta" as "data_delta" = 0.
2026-07-01 22:59:43 INFO        Calculated System.ws.GlobalBuffer.read.read."address_delta" as "address_delta" = 1.
2026-07-01 22:59:43 INFO        Calculated System.ws.GlobalBuffer.read.read."data_delta" as "data_delta" = 1.
2026-07-01 22:59:43 INFO        Calculated System.ws.GlobalBuffer.read.read."address_delta" as "address_delta" = 1.
2026-07-01 22:59:43 INFO        
2026-07-01 22:59:43 INFO        ENERGY ESTIMATION for SRAM(technology=45nm, width=128, depth=1024, n_rdwr_ports=2, n_banks=1, global_cycle_seconds=5e-10).write(data_delta=0, address_delta=0, global_cycle_seconds=5e-10)
2026-07-01 22:59:44 INFO        CactiSRAM estimated 0.0 with accuracy 80%. Messages:
2026-07-01 22:59:44 INFO        | Unused arguments (n_rdwr_ports, global_cycle_seconds) provided for ['SRAM', 'sram'].__init__. Arguments used: (technology, width, depth, n_banks)
2026-07-01 22:59:44 INFO        | Unused arguments (global_cycle_seconds) provided for ['SRAM', 'sram'].write. Arguments used: (data_delta, address_delta)
2026-07-01 22:59:44 INFO        | Calling CACTI with cache_size=16384 n_rw_ports=1 block_size=16 tech_node_um=0.045 n_banks=1 tag_size=0 associativity=1
2026-07-01 22:59:44 INFO        | Calling CACTI with input path /usr/local/share/accelergy/estimation_plug_ins/accelergy-cacti-plug-in/cacti_inputs_outputs/tmpmdsae0iq
2026-07-01 22:59:44 INFO        | CACTI output will be written to /usr/local/share/accelergy/estimation_plug_ins/accelergy-cacti-plug-in/cacti_inputs_outputs/tmpnx4s3g7_
2026-07-01 22:59:44 INFO        | CACTI executable not found at /usr/local/share/accelergy/estimation_plug_ins/accelergy-cacti-plug-in/cacti/cacti
2026-07-01 22:59:44 INFO        | Calling: cd /usr/local/share/accelergy/estimation_plug_ins/accelergy-cacti-plug-in ; ./cacti -infile /usr/local/share/accelergy/estimation_plug_ins/accelergy-cacti-plug-in/cacti_inputs_outputs/tmpmdsae0iq >> /usr/local/share/accelergy/estimation_plug_ins/accelergy-cacti-plug-in/cacti_inputs_outputs/tmpnx4s3g7_ 2>&1
2026-07-01 22:59:44 INFO        | Cache bandwidth: 16.0 bytes/cycle
2026-07-01 22:59:44 INFO        | Cache bandwidth: 113563773156.36313 bits/second
2026-07-01 22:59:44 INFO        
2026-07-01 22:59:44 INFO        ENERGY ESTIMATION for intadder(technology=45nm, width=6.931471805599453, global_cycle_seconds=5e-10).count(global_cycle_seconds=5e-10)
2026-07-01 22:59:44 INFO        dummy estimated 1p with accuracy 1%. 
2026-07-01 22:59:44 INFO        Plug-ins provided accuracy, but failed to estimate:
2026-07-01 22:59:44 INFO        | Aladdin_table with accuracy 70% estimating value: KeyError: 'action_latency_cycles'
2026-07-01 22:59:44 INFO        
2026-07-01 22:59:44 INFO        ENERGY ESTIMATION for intadder(technology=45nm, width=6.931471805599453, global_cycle_seconds=5e-10).idle(global_cycle_seconds=5e-10)
2026-07-01 22:59:44 INFO        dummy estimated 1p with accuracy 1%. 
2026-07-01 22:59:44 INFO        Plug-ins provided accuracy, but failed to estimate:
2026-07-01 22:59:44 INFO        | Aladdin_table with accuracy 70% estimating value: KeyError: 'action_latency_cycles'
2026-07-01 22:59:44 INFO        
2026-07-01 22:59:44 INFO        ENERGY ESTIMATION for SRAM(technology=45nm, width=128, depth=1024, n_rdwr_ports=2, n_banks=1, global_cycle_seconds=5e-10).write(data_delta=1, address_delta=0, global_cycle_seconds=5e-10)
2026-07-01 22:59:44 INFO        CactiSRAM estimated 1.6255679999999998e-11 with accuracy 80%. Messages:
2026-07-01 22:59:44 INFO        | Unused arguments (n_rdwr_ports, global_cycle_seconds) provided for ['SRAM', 'sram'].__init__. Arguments used: (technology, width, depth, n_banks)
2026-07-01 22:59:44 INFO        | Unused arguments (global_cycle_seconds) provided for ['SRAM', 'sram'].write. Arguments used: (data_delta, address_delta)
2026-07-01 22:59:44 INFO        | Calling CACTI with cache_size=16384 n_rw_ports=1 block_size=16 tech_node_um=0.045 n_banks=1 tag_size=0 associativity=1
2026-07-01 22:59:44 INFO        | Calling CACTI with input path /usr/local/share/accelergy/estimation_plug_ins/accelergy-cacti-plug-in/cacti_inputs_outputs/tmpsj4ymvlz
2026-07-01 22:59:44 INFO        | CACTI output will be written to /usr/local/share/accelergy/estimation_plug_ins/accelergy-cacti-plug-in/cacti_inputs_outputs/tmp3pshvcbs
2026-07-01 22:59:44 INFO        | CACTI executable not found at /usr/local/share/accelergy/estimation_plug_ins/accelergy-cacti-plug-in/cacti/cacti
2026-07-01 22:59:44 INFO        | Calling: cd /usr/local/share/accelergy/estimation_plug_ins/accelergy-cacti-plug-in ; ./cacti -infile /usr/local/share/accelergy/estimation_plug_ins/accelergy-cacti-plug-in/cacti_inputs_outputs/tmpsj4ymvlz >> /usr/local/share/accelergy/estimation_plug_ins/accelergy-cacti-plug-in/cacti_inputs_outputs/tmp3pshvcbs 2>&1
2026-07-01 22:59:44 INFO        | Cache bandwidth: 16.0 bytes/cycle
2026-07-01 22:59:44 INFO        | Cache bandwidth: 113563773156.36313 bits/second
2026-07-01 22:59:44 INFO        
2026-07-01 22:59:44 INFO        ENERGY ESTIMATION for intadder(technology=45nm, width=6.931471805599453, global_cycle_seconds=5e-10).count(global_cycle_seconds=5e-10)
2026-07-01 22:59:44 INFO        dummy estimated 1p with accuracy 1%. 
2026-07-01 22:59:44 INFO        Plug-ins provided accuracy, but failed to estimate:
2026-07-01 22:59:44 INFO        | Aladdin_table with accuracy 70% estimating value: KeyError: 'action_latency_cycles'
2026-07-01 22:59:44 INFO        
2026-07-01 22:59:44 INFO        ENERGY ESTIMATION for intadder(technology=45nm, width=6.931471805599453, global_cycle_seconds=5e-10).idle(global_cycle_seconds=5e-10)
2026-07-01 22:59:44 INFO        dummy estimated 1p with accuracy 1%. 
2026-07-01 22:59:44 INFO        Plug-ins provided accuracy, but failed to estimate:
2026-07-01 22:59:44 INFO        | Aladdin_table with accuracy 70% estimating value: KeyError: 'action_latency_cycles'
2026-07-01 22:59:44 INFO        
2026-07-01 22:59:44 INFO        ENERGY ESTIMATION for SRAM(technology=45nm, width=128, depth=1024, n_rdwr_ports=2, n_banks=1, global_cycle_seconds=5e-10).write(data_delta=0, address_delta=1, global_cycle_seconds=5e-10)
2026-07-01 22:59:44 INFO        CactiSRAM estimated 6.96672e-12 with accuracy 80%. Messages:
2026-07-01 22:59:44 INFO        | Unused arguments (n_rdwr_ports, global_cycle_seconds) provided for ['SRAM', 'sram'].__init__. Arguments used: (technology, width, depth, n_banks)
2026-07-01 22:59:44 INFO        | Unused arguments (global_cycle_seconds) provided for ['SRAM', 'sram'].write. Arguments used: (data_delta, address_delta)
2026-07-01 22:59:44 INFO        | Calling CACTI with cache_size=16384 n_rw_ports=1 block_size=16 tech_node_um=0.045 n_banks=1 tag_size=0 associativity=1
2026-07-01 22:59:44 INFO        | Calling CACTI with input path /usr/local/share/accelergy/estimation_plug_ins/accelergy-cacti-plug-in/cacti_inputs_outputs/tmp5m8jr1ov
2026-07-01 22:59:44 INFO        | CACTI output will be written to /usr/local/share/accelergy/estimation_plug_ins/accelergy-cacti-plug-in/cacti_inputs_outputs/tmp9nak06ja
2026-07-01 22:59:44 INFO        | CACTI executable not found at /usr/local/share/accelergy/estimation_plug_ins/accelergy-cacti-plug-in/cacti/cacti
2026-07-01 22:59:44 INFO        | Calling: cd /usr/local/share/accelergy/estimation_plug_ins/accelergy-cacti-plug-in ; ./cacti -infile /usr/local/share/accelergy/estimation_plug_ins/accelergy-cacti-plug-in/cacti_inputs_outputs/tmp5m8jr1ov >> /usr/local/share/accelergy/estimation_plug_ins/accelergy-cacti-plug-in/cacti_inputs_outputs/tmp9nak06ja 2>&1
2026-07-01 22:59:44 INFO        | Cache bandwidth: 16.0 bytes/cycle
2026-07-01 22:59:44 INFO        | Cache bandwidth: 113563773156.36313 bits/second
2026-07-01 22:59:44 INFO        
2026-07-01 22:59:44 INFO        ENERGY ESTIMATION for intadder(technology=45nm, width=6.931471805599453, global_cycle_seconds=5e-10).count(global_cycle_seconds=5e-10)
2026-07-01 22:59:44 INFO        dummy estimated 1p with accuracy 1%. 
2026-07-01 22:59:44 INFO        Plug-ins provided accuracy, but failed to estimate:
2026-07-01 22:59:44 INFO        | Aladdin_table with accuracy 70% estimating value: KeyError: 'action_latency_cycles'
2026-07-01 22:59:44 INFO        
2026-07-01 22:59:44 INFO        ENERGY ESTIMATION for intadder(technology=45nm, width=6.931471805599453, global_cycle_seconds=5e-10).idle(global_cycle_seconds=5e-10)
2026-07-01 22:59:44 INFO        dummy estimated 1p with accuracy 1%. 
2026-07-01 22:59:44 INFO        Plug-ins provided accuracy, but failed to estimate:
2026-07-01 22:59:44 INFO        | Aladdin_table with accuracy 70% estimating value: KeyError: 'action_latency_cycles'
2026-07-01 22:59:44 INFO        
2026-07-01 22:59:44 INFO        ENERGY ESTIMATION for SRAM(technology=45nm, width=128, depth=1024, n_rdwr_ports=2, n_banks=1, global_cycle_seconds=5e-10).write(data_delta=1, address_delta=1, global_cycle_seconds=5e-10)
2026-07-01 22:59:44 INFO        CactiSRAM estimated 2.32224e-11 with accuracy 80%. Messages:
2026-07-01 22:59:44 INFO        | Unused arguments (n_rdwr_ports, global_cycle_seconds) provided for ['SRAM', 'sram'].__init__. Arguments used: (technology, width, depth, n_banks)
2026-07-01 22:59:44 INFO        | Unused arguments (global_cycle_seconds) provided for ['SRAM', 'sram'].write. Arguments used: (data_delta, address_delta)
2026-07-01 22:59:44 INFO        | Calling CACTI with cache_size=16384 n_rw_ports=1 block_size=16 tech_node_um=0.045 n_banks=1 tag_size=0 associativity=1
2026-07-01 22:59:44 INFO        | Calling CACTI with input path /usr/local/share/accelergy/estimation_plug_ins/accelergy-cacti-plug-in/cacti_inputs_outputs/tmpnt9rf4wf
2026-07-01 22:59:44 INFO        | CACTI output will be written to /usr/local/share/accelergy/estimation_plug_ins/accelergy-cacti-plug-in/cacti_inputs_outputs/tmp7eiejry4
2026-07-01 22:59:44 INFO        | CACTI executable not found at /usr/local/share/accelergy/estimation_plug_ins/accelergy-cacti-plug-in/cacti/cacti
2026-07-01 22:59:44 INFO        | Calling: cd /usr/local/share/accelergy/estimation_plug_ins/accelergy-cacti-plug-in ; ./cacti -infile /usr/local/share/accelergy/estimation_plug_ins/accelergy-cacti-plug-in/cacti_inputs_outputs/tmpnt9rf4wf >> /usr/local/share/accelergy/estimation_plug_ins/accelergy-cacti-plug-in/cacti_inputs_outputs/tmp7eiejry4 2>&1
2026-07-01 22:59:44 INFO        | Cache bandwidth: 16.0 bytes/cycle
2026-07-01 22:59:44 INFO        | Cache bandwidth: 113563773156.36313 bits/second
2026-07-01 22:59:44 INFO        
2026-07-01 22:59:44 INFO        ENERGY ESTIMATION for intadder(technology=45nm, width=6.931471805599453, global_cycle_seconds=5e-10).count(global_cycle_seconds=5e-10)
2026-07-01 22:59:44 INFO        dummy estimated 1p with accuracy 1%. 
2026-07-01 22:59:44 INFO        Plug-ins provided accuracy, but failed to estimate:
2026-07-01 22:59:44 INFO        | Aladdin_table with accuracy 70% estimating value: KeyError: 'action_latency_cycles'
2026-07-01 22:59:44 INFO        
2026-07-01 22:59:44 INFO        ENERGY ESTIMATION for intadder(technology=45nm, width=6.931471805599453, global_cycle_seconds=5e-10).idle(global_cycle_seconds=5e-10)
2026-07-01 22:59:44 INFO        dummy estimated 1p with accuracy 1%. 
2026-07-01 22:59:44 INFO        Plug-ins provided accuracy, but failed to estimate:
2026-07-01 22:59:44 INFO        | Aladdin_table with accuracy 70% estimating value: KeyError: 'action_latency_cycles'
2026-07-01 22:59:44 INFO        
2026-07-01 22:59:44 INFO        ENERGY ESTIMATION for SRAM(technology=45nm, width=128, depth=1024, n_rdwr_ports=2, n_banks=1, global_cycle_seconds=5e-10).read(data_delta=0, address_delta=0, global_cycle_seconds=5e-10)
2026-07-01 22:59:44 INFO        CactiSRAM estimated 0.0 with accuracy 80%. Messages:
2026-07-01 22:59:44 INFO        | Unused arguments (n_rdwr_ports, global_cycle_seconds) provided for ['SRAM', 'sram'].__init__. Arguments used: (technology, width, depth, n_banks)
2026-07-01 22:59:44 INFO        | Unused arguments (global_cycle_seconds) provided for ['SRAM', 'sram'].read. Arguments used: (data_delta, address_delta)
2026-07-01 22:59:44 INFO        | Calling CACTI with cache_size=16384 n_rw_ports=1 block_size=16 tech_node_um=0.045 n_banks=1 tag_size=0 associativity=1
2026-07-01 22:59:44 INFO        | Calling CACTI with input path /usr/local/share/accelergy/estimation_plug_ins/accelergy-cacti-plug-in/cacti_inputs_outputs/tmpsqab6pq1
2026-07-01 22:59:44 INFO        | CACTI output will be written to /usr/local/share/accelergy/estimation_plug_ins/accelergy-cacti-plug-in/cacti_inputs_outputs/tmpdlvqlr83
2026-07-01 22:59:44 INFO        | CACTI executable not found at /usr/local/share/accelergy/estimation_plug_ins/accelergy-cacti-plug-in/cacti/cacti
2026-07-01 22:59:44 INFO        | Calling: cd /usr/local/share/accelergy/estimation_plug_ins/accelergy-cacti-plug-in ; ./cacti -infile /usr/local/share/accelergy/estimation_plug_ins/accelergy-cacti-plug-in/cacti_inputs_outputs/tmpsqab6pq1 >> /usr/local/share/accelergy/estimation_plug_ins/accelergy-cacti-plug-in/cacti_inputs_outputs/tmpdlvqlr83 2>&1
2026-07-01 22:59:44 INFO        | Cache bandwidth: 16.0 bytes/cycle
2026-07-01 22:59:44 INFO        | Cache bandwidth: 113563773156.36313 bits/second
2026-07-01 22:59:44 INFO        
2026-07-01 22:59:44 INFO        ENERGY ESTIMATION for intadder(technology=45nm, width=6.931471805599453, global_cycle_seconds=5e-10).add(global_cycle_seconds=5e-10)
2026-07-01 22:59:44 INFO        dummy estimated 1p with accuracy 1%. 
2026-07-01 22:59:44 INFO        Plug-ins provided accuracy, but failed to estimate:
2026-07-01 22:59:44 INFO        | Aladdin_table with accuracy 70% estimating value: KeyError: 'action_latency_cycles'
2026-07-01 22:59:44 INFO        
2026-07-01 22:59:44 INFO        ENERGY ESTIMATION for intadder(technology=45nm, width=6.931471805599453, global_cycle_seconds=5e-10).idle(global_cycle_seconds=5e-10)
2026-07-01 22:59:44 INFO        dummy estimated 1p with accuracy 1%. 
2026-07-01 22:59:44 INFO        Plug-ins provided accuracy, but failed to estimate:
2026-07-01 22:59:44 INFO        | Aladdin_table with accuracy 70% estimating value: KeyError: 'action_latency_cycles'
2026-07-01 22:59:44 INFO        
2026-07-01 22:59:44 INFO        ENERGY ESTIMATION for SRAM(technology=45nm, width=128, depth=1024, n_rdwr_ports=2, n_banks=1, global_cycle_seconds=5e-10).read(data_delta=1, address_delta=0, global_cycle_seconds=5e-10)
2026-07-01 22:59:45 INFO        CactiSRAM estimated 7.523669999999999e-12 with accuracy 80%. Messages:
2026-07-01 22:59:45 INFO        | Unused arguments (n_rdwr_ports, global_cycle_seconds) provided for ['SRAM', 'sram'].__init__. Arguments used: (technology, width, depth, n_banks)
2026-07-01 22:59:45 INFO        | Unused arguments (global_cycle_seconds) provided for ['SRAM', 'sram'].read. Arguments used: (data_delta, address_delta)
2026-07-01 22:59:45 INFO        | Calling CACTI with cache_size=16384 n_rw_ports=1 block_size=16 tech_node_um=0.045 n_banks=1 tag_size=0 associativity=1
2026-07-01 22:59:45 INFO        | Calling CACTI with input path /usr/local/share/accelergy/estimation_plug_ins/accelergy-cacti-plug-in/cacti_inputs_outputs/tmpaudiv81r
2026-07-01 22:59:45 INFO        | CACTI output will be written to /usr/local/share/accelergy/estimation_plug_ins/accelergy-cacti-plug-in/cacti_inputs_outputs/tmpsjln1qji
2026-07-01 22:59:45 INFO        | CACTI executable not found at /usr/local/share/accelergy/estimation_plug_ins/accelergy-cacti-plug-in/cacti/cacti
2026-07-01 22:59:45 INFO        | Calling: cd /usr/local/share/accelergy/estimation_plug_ins/accelergy-cacti-plug-in ; ./cacti -infile /usr/local/share/accelergy/estimation_plug_ins/accelergy-cacti-plug-in/cacti_inputs_outputs/tmpaudiv81r >> /usr/local/share/accelergy/estimation_plug_ins/accelergy-cacti-plug-in/cacti_inputs_outputs/tmpsjln1qji 2>&1
2026-07-01 22:59:45 INFO        | Cache bandwidth: 16.0 bytes/cycle
2026-07-01 22:59:45 INFO        | Cache bandwidth: 113563773156.36313 bits/second
2026-07-01 22:59:45 INFO        
2026-07-01 22:59:45 INFO        ENERGY ESTIMATION for intadder(technology=45nm, width=6.931471805599453, global_cycle_seconds=5e-10).add(global_cycle_seconds=5e-10)
2026-07-01 22:59:45 INFO        dummy estimated 1p with accuracy 1%. 
2026-07-01 22:59:45 INFO        Plug-ins provided accuracy, but failed to estimate:
2026-07-01 22:59:45 INFO        | Aladdin_table with accuracy 70% estimating value: KeyError: 'action_latency_cycles'
2026-07-01 22:59:45 INFO        
2026-07-01 22:59:45 INFO        ENERGY ESTIMATION for intadder(technology=45nm, width=6.931471805599453, global_cycle_seconds=5e-10).idle(global_cycle_seconds=5e-10)
2026-07-01 22:59:45 INFO        dummy estimated 1p with accuracy 1%. 
2026-07-01 22:59:45 INFO        Plug-ins provided accuracy, but failed to estimate:
2026-07-01 22:59:45 INFO        | Aladdin_table with accuracy 70% estimating value: KeyError: 'action_latency_cycles'
2026-07-01 22:59:45 INFO        
2026-07-01 22:59:45 INFO        ENERGY ESTIMATION for SRAM(technology=45nm, width=128, depth=1024, n_rdwr_ports=2, n_banks=1, global_cycle_seconds=5e-10).read(data_delta=0, address_delta=1, global_cycle_seconds=5e-10)
2026-07-01 22:59:45 INFO        CactiSRAM estimated 3.22443e-12 with accuracy 80%. Messages:
2026-07-01 22:59:45 INFO        | Unused arguments (n_rdwr_ports, global_cycle_seconds) provided for ['SRAM', 'sram'].__init__. Arguments used: (technology, width, depth, n_banks)
2026-07-01 22:59:45 INFO        | Unused arguments (global_cycle_seconds) provided for ['SRAM', 'sram'].read. Arguments used: (data_delta, address_delta)
2026-07-01 22:59:45 INFO        | Calling CACTI with cache_size=16384 n_rw_ports=1 block_size=16 tech_node_um=0.045 n_banks=1 tag_size=0 associativity=1
2026-07-01 22:59:45 INFO        | Calling CACTI with input path /usr/local/share/accelergy/estimation_plug_ins/accelergy-cacti-plug-in/cacti_inputs_outputs/tmpgc7nd4uy
2026-07-01 22:59:45 INFO        | CACTI output will be written to /usr/local/share/accelergy/estimation_plug_ins/accelergy-cacti-plug-in/cacti_inputs_outputs/tmpc8qfs4n7
2026-07-01 22:59:45 INFO        | CACTI executable not found at /usr/local/share/accelergy/estimation_plug_ins/accelergy-cacti-plug-in/cacti/cacti
2026-07-01 22:59:45 INFO        | Calling: cd /usr/local/share/accelergy/estimation_plug_ins/accelergy-cacti-plug-in ; ./cacti -infile /usr/local/share/accelergy/estimation_plug_ins/accelergy-cacti-plug-in/cacti_inputs_outputs/tmpgc7nd4uy >> /usr/local/share/accelergy/estimation_plug_ins/accelergy-cacti-plug-in/cacti_inputs_outputs/tmpc8qfs4n7 2>&1
2026-07-01 22:59:45 INFO        | Cache bandwidth: 16.0 bytes/cycle
2026-07-01 22:59:45 INFO        | Cache bandwidth: 113563773156.36313 bits/second
2026-07-01 22:59:45 INFO        
2026-07-01 22:59:45 INFO        ENERGY ESTIMATION for intadder(technology=45nm, width=6.931471805599453, global_cycle_seconds=5e-10).add(global_cycle_seconds=5e-10)
2026-07-01 22:59:45 INFO        dummy estimated 1p with accuracy 1%. 
2026-07-01 22:59:45 INFO        Plug-ins provided accuracy, but failed to estimate:
2026-07-01 22:59:45 INFO        | Aladdin_table with accuracy 70% estimating value: KeyError: 'action_latency_cycles'
2026-07-01 22:59:45 INFO        
2026-07-01 22:59:45 INFO        ENERGY ESTIMATION for intadder(technology=45nm, width=6.931471805599453, global_cycle_seconds=5e-10).idle(global_cycle_seconds=5e-10)
2026-07-01 22:59:45 INFO        dummy estimated 1p with accuracy 1%. 
2026-07-01 22:59:45 INFO        Plug-ins provided accuracy, but failed to estimate:
2026-07-01 22:59:45 INFO        | Aladdin_table with accuracy 70% estimating value: KeyError: 'action_latency_cycles'
2026-07-01 22:59:45 INFO        
2026-07-01 22:59:45 INFO        ENERGY ESTIMATION for SRAM(technology=45nm, width=128, depth=1024, n_rdwr_ports=2, n_banks=1, global_cycle_seconds=5e-10).read(data_delta=1, address_delta=1, global_cycle_seconds=5e-10)
2026-07-01 22:59:45 INFO        CactiSRAM estimated 1.07481e-11 with accuracy 80%. Messages:
2026-07-01 22:59:45 INFO        | Unused arguments (n_rdwr_ports, global_cycle_seconds) provided for ['SRAM', 'sram'].__init__. Arguments used: (technology, width, depth, n_banks)
2026-07-01 22:59:45 INFO        | Unused arguments (global_cycle_seconds) provided for ['SRAM', 'sram'].read. Arguments used: (data_delta, address_delta)
2026-07-01 22:59:45 INFO        | Calling CACTI with cache_size=16384 n_rw_ports=1 block_size=16 tech_node_um=0.045 n_banks=1 tag_size=0 associativity=1
2026-07-01 22:59:45 INFO        | Calling CACTI with input path /usr/local/share/accelergy/estimation_plug_ins/accelergy-cacti-plug-in/cacti_inputs_outputs/tmpzbwnxghd
2026-07-01 22:59:45 INFO        | CACTI output will be written to /usr/local/share/accelergy/estimation_plug_ins/accelergy-cacti-plug-in/cacti_inputs_outputs/tmpxdf7eil2
2026-07-01 22:59:45 INFO        | CACTI executable not found at /usr/local/share/accelergy/estimation_plug_ins/accelergy-cacti-plug-in/cacti/cacti
2026-07-01 22:59:45 INFO        | Calling: cd /usr/local/share/accelergy/estimation_plug_ins/accelergy-cacti-plug-in ; ./cacti -infile /usr/local/share/accelergy/estimation_plug_ins/accelergy-cacti-plug-in/cacti_inputs_outputs/tmpzbwnxghd >> /usr/local/share/accelergy/estimation_plug_ins/accelergy-cacti-plug-in/cacti_inputs_outputs/tmpxdf7eil2 2>&1
2026-07-01 22:59:45 INFO        | Cache bandwidth: 16.0 bytes/cycle
2026-07-01 22:59:45 INFO        | Cache bandwidth: 113563773156.36313 bits/second
2026-07-01 22:59:45 INFO        
2026-07-01 22:59:45 INFO        ENERGY ESTIMATION for intadder(technology=45nm, width=6.931471805599453, global_cycle_seconds=5e-10).add(global_cycle_seconds=5e-10)
2026-07-01 22:59:45 INFO        dummy estimated 1p with accuracy 1%. 
2026-07-01 22:59:45 INFO        Plug-ins provided accuracy, but failed to estimate:
2026-07-01 22:59:45 INFO        | Aladdin_table with accuracy 70% estimating value: KeyError: 'action_latency_cycles'
2026-07-01 22:59:45 INFO        
2026-07-01 22:59:45 INFO        ENERGY ESTIMATION for intadder(technology=45nm, width=6.931471805599453, global_cycle_seconds=5e-10).idle(global_cycle_seconds=5e-10)
2026-07-01 22:59:45 INFO        dummy estimated 1p with accuracy 1%. 
2026-07-01 22:59:45 INFO        Plug-ins provided accuracy, but failed to estimate:
2026-07-01 22:59:45 INFO        | Aladdin_table with accuracy 70% estimating value: KeyError: 'action_latency_cycles'
2026-07-01 22:59:45 INFO        
2026-07-01 22:59:45 INFO        ENERGY ESTIMATION for SRAM(technology=45nm, width=128, depth=1024, n_rdwr_ports=2, n_banks=1, global_cycle_seconds=5e-10).idle(global_cycle_seconds=5e-10)
2026-07-01 22:59:45 INFO        CactiSRAM estimated 0 with accuracy 80%. Messages:
2026-07-01 22:59:45 INFO        | Unused arguments (n_rdwr_ports, global_cycle_seconds) provided for ['SRAM', 'sram'].__init__. Arguments used: (technology, width, depth, n_banks)
2026-07-01 22:59:45 INFO        | Unused arguments (global_cycle_seconds) provided for ['SRAM', 'sram'].idle. Arguments used: ()
2026-07-01 22:59:45 INFO        
2026-07-01 22:59:45 INFO        ENERGY ESTIMATION for intadder(technology=45nm, width=6.931471805599453, global_cycle_seconds=5e-10).idle(global_cycle_seconds=5e-10)
2026-07-01 22:59:45 INFO        dummy estimated 1p with accuracy 1%. 
2026-07-01 22:59:45 INFO        Plug-ins provided accuracy, but failed to estimate:
2026-07-01 22:59:45 INFO        | Aladdin_table with accuracy 70% estimating value: KeyError: 'action_latency_cycles'
2026-07-01 22:59:45 INFO        
2026-07-01 22:59:45 INFO        ENERGY ESTIMATION for SRAM(technology=45nm, width=128, depth=512, n_rdwr_ports=2, n_banks=1, global_cycle_seconds=5e-10).write(data_delta=0, address_delta=0, global_cycle_seconds=5e-10)
2026-07-01 22:59:45 INFO        CactiSRAM estimated 0.0 with accuracy 80%. Messages:
2026-07-01 22:59:45 INFO        | Unused arguments (n_rdwr_ports, global_cycle_seconds) provided for ['SRAM', 'sram'].__init__. Arguments used: (technology, width, depth, n_banks)
2026-07-01 22:59:45 INFO        | Unused arguments (global_cycle_seconds) provided for ['SRAM', 'sram'].write. Arguments used: (data_delta, address_delta)
2026-07-01 22:59:45 INFO        | Calling CACTI with cache_size=8192 n_rw_ports=1 block_size=16 tech_node_um=0.045 n_banks=1 tag_size=0 associativity=1
2026-07-01 22:59:45 INFO        | Calling CACTI with input path /usr/local/share/accelergy/estimation_plug_ins/accelergy-cacti-plug-in/cacti_inputs_outputs/tmpp5l65o3s
2026-07-01 22:59:45 INFO        | CACTI output will be written to /usr/local/share/accelergy/estimation_plug_ins/accelergy-cacti-plug-in/cacti_inputs_outputs/tmpywr92x18
2026-07-01 22:59:45 INFO        | CACTI executable not found at /usr/local/share/accelergy/estimation_plug_ins/accelergy-cacti-plug-in/cacti/cacti
2026-07-01 22:59:45 INFO        | Calling: cd /usr/local/share/accelergy/estimation_plug_ins/accelergy-cacti-plug-in ; ./cacti -infile /usr/local/share/accelergy/estimation_plug_ins/accelergy-cacti-plug-in/cacti_inputs_outputs/tmpp5l65o3s >> /usr/local/share/accelergy/estimation_plug_ins/accelergy-cacti-plug-in/cacti_inputs_outputs/tmpywr92x18 2>&1
2026-07-01 22:59:45 INFO        | Cache bandwidth: 16.0 bytes/cycle
2026-07-01 22:59:45 INFO        | Cache bandwidth: 144426980313.92557 bits/second
2026-07-01 22:59:45 INFO        
2026-07-01 22:59:45 INFO        ENERGY ESTIMATION for intadder(technology=45nm, width=6.238324625039508, global_cycle_seconds=5e-10).count(global_cycle_seconds=5e-10)
2026-07-01 22:59:45 INFO        dummy estimated 1p with accuracy 1%. 
2026-07-01 22:59:45 INFO        Plug-ins provided accuracy, but failed to estimate:
2026-07-01 22:59:45 INFO        | Aladdin_table with accuracy 70% estimating value: KeyError: 'action_latency_cycles'
2026-07-01 22:59:45 INFO        
2026-07-01 22:59:45 INFO        ENERGY ESTIMATION for intadder(technology=45nm, width=6.238324625039508, global_cycle_seconds=5e-10).idle(global_cycle_seconds=5e-10)
2026-07-01 22:59:45 INFO        dummy estimated 1p with accuracy 1%. 
2026-07-01 22:59:45 INFO        Plug-ins provided accuracy, but failed to estimate:
2026-07-01 22:59:45 INFO        | Aladdin_table with accuracy 70% estimating value: KeyError: 'action_latency_cycles'
2026-07-01 22:59:45 INFO        
2026-07-01 22:59:45 INFO        ENERGY ESTIMATION for SRAM(technology=45nm, width=128, depth=512, n_rdwr_ports=2, n_banks=1, global_cycle_seconds=5e-10).write(data_delta=1, address_delta=0, global_cycle_seconds=5e-10)
2026-07-01 22:59:45 INFO        CactiSRAM estimated 9.83668e-12 with accuracy 80%. Messages:
2026-07-01 22:59:45 INFO        | Unused arguments (n_rdwr_ports, global_cycle_seconds) provided for ['SRAM', 'sram'].__init__. Arguments used: (technology, width, depth, n_banks)
2026-07-01 22:59:45 INFO        | Unused arguments (global_cycle_seconds) provided for ['SRAM', 'sram'].write. Arguments used: (data_delta, address_delta)
2026-07-01 22:59:45 INFO        | Calling CACTI with cache_size=8192 n_rw_ports=1 block_size=16 tech_node_um=0.045 n_banks=1 tag_size=0 associativity=1
2026-07-01 22:59:45 INFO        | Calling CACTI with input path /usr/local/share/accelergy/estimation_plug_ins/accelergy-cacti-plug-in/cacti_inputs_outputs/tmpo0v4udqe
2026-07-01 22:59:45 INFO        | CACTI output will be written to /usr/local/share/accelergy/estimation_plug_ins/accelergy-cacti-plug-in/cacti_inputs_outputs/tmpk__l3xz2
2026-07-01 22:59:45 INFO        | CACTI executable not found at /usr/local/share/accelergy/estimation_plug_ins/accelergy-cacti-plug-in/cacti/cacti
2026-07-01 22:59:45 INFO        | Calling: cd /usr/local/share/accelergy/estimation_plug_ins/accelergy-cacti-plug-in ; ./cacti -infile /usr/local/share/accelergy/estimation_plug_ins/accelergy-cacti-plug-in/cacti_inputs_outputs/tmpo0v4udqe >> /usr/local/share/accelergy/estimation_plug_ins/accelergy-cacti-plug-in/cacti_inputs_outputs/tmpk__l3xz2 2>&1
2026-07-01 22:59:45 INFO        | Cache bandwidth: 16.0 bytes/cycle
2026-07-01 22:59:45 INFO        | Cache bandwidth: 144426980313.92557 bits/second
2026-07-01 22:59:45 INFO        
2026-07-01 22:59:45 INFO        ENERGY ESTIMATION for intadder(technology=45nm, width=6.238324625039508, global_cycle_seconds=5e-10).count(global_cycle_seconds=5e-10)
2026-07-01 22:59:45 INFO        dummy estimated 1p with accuracy 1%. 
2026-07-01 22:59:45 INFO        Plug-ins provided accuracy, but failed to estimate:
2026-07-01 22:59:45 INFO        | Aladdin_table with accuracy 70% estimating value: KeyError: 'action_latency_cycles'
2026-07-01 22:59:45 INFO        
2026-07-01 22:59:45 INFO        ENERGY ESTIMATION for intadder(technology=45nm, width=6.238324625039508, global_cycle_seconds=5e-10).idle(global_cycle_seconds=5e-10)
2026-07-01 22:59:45 INFO        dummy estimated 1p with accuracy 1%. 
2026-07-01 22:59:45 INFO        Plug-ins provided accuracy, but failed to estimate:
2026-07-01 22:59:45 INFO        | Aladdin_table with accuracy 70% estimating value: KeyError: 'action_latency_cycles'
2026-07-01 22:59:45 INFO        
2026-07-01 22:59:45 INFO        ENERGY ESTIMATION for SRAM(technology=45nm, width=128, depth=512, n_rdwr_ports=2, n_banks=1, global_cycle_seconds=5e-10).write(data_delta=0, address_delta=1, global_cycle_seconds=5e-10)
2026-07-01 22:59:46 INFO        CactiSRAM estimated 4.21572e-12 with accuracy 80%. Messages:
2026-07-01 22:59:46 INFO        | Unused arguments (n_rdwr_ports, global_cycle_seconds) provided for ['SRAM', 'sram'].__init__. Arguments used: (technology, width, depth, n_banks)
2026-07-01 22:59:46 INFO        | Unused arguments (global_cycle_seconds) provided for ['SRAM', 'sram'].write. Arguments used: (data_delta, address_delta)
2026-07-01 22:59:46 INFO        | Calling CACTI with cache_size=8192 n_rw_ports=1 block_size=16 tech_node_um=0.045 n_banks=1 tag_size=0 associativity=1
2026-07-01 22:59:46 INFO        | Calling CACTI with input path /usr/local/share/accelergy/estimation_plug_ins/accelergy-cacti-plug-in/cacti_inputs_outputs/tmp6owqx7if
2026-07-01 22:59:46 INFO        | CACTI output will be written to /usr/local/share/accelergy/estimation_plug_ins/accelergy-cacti-plug-in/cacti_inputs_outputs/tmp0qyrvz_7
2026-07-01 22:59:46 INFO        | CACTI executable not found at /usr/local/share/accelergy/estimation_plug_ins/accelergy-cacti-plug-in/cacti/cacti
2026-07-01 22:59:46 INFO        | Calling: cd /usr/local/share/accelergy/estimation_plug_ins/accelergy-cacti-plug-in ; ./cacti -infile /usr/local/share/accelergy/estimation_plug_ins/accelergy-cacti-plug-in/cacti_inputs_outputs/tmp6owqx7if >> /usr/local/share/accelergy/estimation_plug_ins/accelergy-cacti-plug-in/cacti_inputs_outputs/tmp0qyrvz_7 2>&1
2026-07-01 22:59:46 INFO        | Cache bandwidth: 16.0 bytes/cycle
2026-07-01 22:59:46 INFO        | Cache bandwidth: 144426980313.92557 bits/second
2026-07-01 22:59:46 INFO        
2026-07-01 22:59:46 INFO        ENERGY ESTIMATION for intadder(technology=45nm, width=6.238324625039508, global_cycle_seconds=5e-10).count(global_cycle_seconds=5e-10)
2026-07-01 22:59:46 INFO        dummy estimated 1p with accuracy 1%. 
2026-07-01 22:59:46 INFO        Plug-ins provided accuracy, but failed to estimate:
2026-07-01 22:59:46 INFO        | Aladdin_table with accuracy 70% estimating value: KeyError: 'action_latency_cycles'
2026-07-01 22:59:46 INFO        
2026-07-01 22:59:46 INFO        ENERGY ESTIMATION for intadder(technology=45nm, width=6.238324625039508, global_cycle_seconds=5e-10).idle(global_cycle_seconds=5e-10)
2026-07-01 22:59:46 INFO        dummy estimated 1p with accuracy 1%. 
2026-07-01 22:59:46 INFO        Plug-ins provided accuracy, but failed to estimate:
2026-07-01 22:59:46 INFO        | Aladdin_table with accuracy 70% estimating value: KeyError: 'action_latency_cycles'
2026-07-01 22:59:46 INFO        
2026-07-01 22:59:46 INFO        ENERGY ESTIMATION for SRAM(technology=45nm, width=128, depth=512, n_rdwr_ports=2, n_banks=1, global_cycle_seconds=5e-10).write(data_delta=1, address_delta=1, global_cycle_seconds=5e-10)
2026-07-01 22:59:46 INFO        CactiSRAM estimated 1.40524e-11 with accuracy 80%. Messages:
2026-07-01 22:59:46 INFO        | Unused arguments (n_rdwr_ports, global_cycle_seconds) provided for ['SRAM', 'sram'].__init__. Arguments used: (technology, width, depth, n_banks)
2026-07-01 22:59:46 INFO        | Unused arguments (global_cycle_seconds) provided for ['SRAM', 'sram'].write. Arguments used: (data_delta, address_delta)
2026-07-01 22:59:46 INFO        | Calling CACTI with cache_size=8192 n_rw_ports=1 block_size=16 tech_node_um=0.045 n_banks=1 tag_size=0 associativity=1
2026-07-01 22:59:46 INFO        | Calling CACTI with input path /usr/local/share/accelergy/estimation_plug_ins/accelergy-cacti-plug-in/cacti_inputs_outputs/tmpms4gq471
2026-07-01 22:59:46 INFO        | CACTI output will be written to /usr/local/share/accelergy/estimation_plug_ins/accelergy-cacti-plug-in/cacti_inputs_outputs/tmpx6howck4
2026-07-01 22:59:46 INFO        | CACTI executable not found at /usr/local/share/accelergy/estimation_plug_ins/accelergy-cacti-plug-in/cacti/cacti
2026-07-01 22:59:46 INFO        | Calling: cd /usr/local/share/accelergy/estimation_plug_ins/accelergy-cacti-plug-in ; ./cacti -infile /usr/local/share/accelergy/estimation_plug_ins/accelergy-cacti-plug-in/cacti_inputs_outputs/tmpms4gq471 >> /usr/local/share/accelergy/estimation_plug_ins/accelergy-cacti-plug-in/cacti_inputs_outputs/tmpx6howck4 2>&1
2026-07-01 22:59:46 INFO        | Cache bandwidth: 16.0 bytes/cycle
2026-07-01 22:59:46 INFO        | Cache bandwidth: 144426980313.92557 bits/second
2026-07-01 22:59:46 INFO        
2026-07-01 22:59:46 INFO        ENERGY ESTIMATION for intadder(technology=45nm, width=6.238324625039508, global_cycle_seconds=5e-10).count(global_cycle_seconds=5e-10)
2026-07-01 22:59:46 INFO        dummy estimated 1p with accuracy 1%. 
2026-07-01 22:59:46 INFO        Plug-ins provided accuracy, but failed to estimate:
2026-07-01 22:59:46 INFO        | Aladdin_table with accuracy 70% estimating value: KeyError: 'action_latency_cycles'
2026-07-01 22:59:46 INFO        
2026-07-01 22:59:46 INFO        ENERGY ESTIMATION for intadder(technology=45nm, width=6.238324625039508, global_cycle_seconds=5e-10).idle(global_cycle_seconds=5e-10)
2026-07-01 22:59:46 INFO        dummy estimated 1p with accuracy 1%. 
2026-07-01 22:59:46 INFO        Plug-ins provided accuracy, but failed to estimate:
2026-07-01 22:59:46 INFO        | Aladdin_table with accuracy 70% estimating value: KeyError: 'action_latency_cycles'
2026-07-01 22:59:46 INFO        
2026-07-01 22:59:46 INFO        ENERGY ESTIMATION for SRAM(technology=45nm, width=128, depth=512, n_rdwr_ports=2, n_banks=1, global_cycle_seconds=5e-10).read(data_delta=0, address_delta=0, global_cycle_seconds=5e-10)
2026-07-01 22:59:46 INFO        CactiSRAM estimated 0.0 with accuracy 80%. Messages:
2026-07-01 22:59:46 INFO        | Unused arguments (n_rdwr_ports, global_cycle_seconds) provided for ['SRAM', 'sram'].__init__. Arguments used: (technology, width, depth, n_banks)
2026-07-01 22:59:46 INFO        | Unused arguments (global_cycle_seconds) provided for ['SRAM', 'sram'].read. Arguments used: (data_delta, address_delta)
2026-07-01 22:59:46 INFO        | Calling CACTI with cache_size=8192 n_rw_ports=1 block_size=16 tech_node_um=0.045 n_banks=1 tag_size=0 associativity=1
2026-07-01 22:59:46 INFO        | Calling CACTI with input path /usr/local/share/accelergy/estimation_plug_ins/accelergy-cacti-plug-in/cacti_inputs_outputs/tmpf4ypw4sz
2026-07-01 22:59:46 INFO        | CACTI output will be written to /usr/local/share/accelergy/estimation_plug_ins/accelergy-cacti-plug-in/cacti_inputs_outputs/tmpte5b7lv7
2026-07-01 22:59:46 INFO        | CACTI executable not found at /usr/local/share/accelergy/estimation_plug_ins/accelergy-cacti-plug-in/cacti/cacti
2026-07-01 22:59:46 INFO        | Calling: cd /usr/local/share/accelergy/estimation_plug_ins/accelergy-cacti-plug-in ; ./cacti -infile /usr/local/share/accelergy/estimation_plug_ins/accelergy-cacti-plug-in/cacti_inputs_outputs/tmpf4ypw4sz >> /usr/local/share/accelergy/estimation_plug_ins/accelergy-cacti-plug-in/cacti_inputs_outputs/tmpte5b7lv7 2>&1
2026-07-01 22:59:46 INFO        | Cache bandwidth: 16.0 bytes/cycle
2026-07-01 22:59:46 INFO        | Cache bandwidth: 144426980313.92557 bits/second
2026-07-01 22:59:46 INFO        
2026-07-01 22:59:46 INFO        ENERGY ESTIMATION for intadder(technology=45nm, width=6.238324625039508, global_cycle_seconds=5e-10).add(global_cycle_seconds=5e-10)
2026-07-01 22:59:46 INFO        dummy estimated 1p with accuracy 1%. 
2026-07-01 22:59:46 INFO        Plug-ins provided accuracy, but failed to estimate:
2026-07-01 22:59:46 INFO        | Aladdin_table with accuracy 70% estimating value: KeyError: 'action_latency_cycles'
2026-07-01 22:59:46 INFO        
2026-07-01 22:59:46 INFO        ENERGY ESTIMATION for intadder(technology=45nm, width=6.238324625039508, global_cycle_seconds=5e-10).idle(global_cycle_seconds=5e-10)
2026-07-01 22:59:46 INFO        dummy estimated 1p with accuracy 1%. 
2026-07-01 22:59:46 INFO        Plug-ins provided accuracy, but failed to estimate:
2026-07-01 22:59:46 INFO        | Aladdin_table with accuracy 70% estimating value: KeyError: 'action_latency_cycles'
2026-07-01 22:59:46 INFO        
2026-07-01 22:59:46 INFO        ENERGY ESTIMATION for SRAM(technology=45nm, width=128, depth=512, n_rdwr_ports=2, n_banks=1, global_cycle_seconds=5e-10).read(data_delta=1, address_delta=0, global_cycle_seconds=5e-10)
2026-07-01 22:59:46 INFO        CactiSRAM estimated 5.541445000000001e-12 with accuracy 80%. Messages:
2026-07-01 22:59:46 INFO        | Unused arguments (n_rdwr_ports, global_cycle_seconds) provided for ['SRAM', 'sram'].__init__. Arguments used: (technology, width, depth, n_banks)
2026-07-01 22:59:46 INFO        | Unused arguments (global_cycle_seconds) provided for ['SRAM', 'sram'].read. Arguments used: (data_delta, address_delta)
2026-07-01 22:59:46 INFO        | Calling CACTI with cache_size=8192 n_rw_ports=1 block_size=16 tech_node_um=0.045 n_banks=1 tag_size=0 associativity=1
2026-07-01 22:59:46 INFO        | Calling CACTI with input path /usr/local/share/accelergy/estimation_plug_ins/accelergy-cacti-plug-in/cacti_inputs_outputs/tmphmzwuksn
2026-07-01 22:59:46 INFO        | CACTI output will be written to /usr/local/share/accelergy/estimation_plug_ins/accelergy-cacti-plug-in/cacti_inputs_outputs/tmpa75v5u6s
2026-07-01 22:59:46 INFO        | CACTI executable not found at /usr/local/share/accelergy/estimation_plug_ins/accelergy-cacti-plug-in/cacti/cacti
2026-07-01 22:59:46 INFO        | Calling: cd /usr/local/share/accelergy/estimation_plug_ins/accelergy-cacti-plug-in ; ./cacti -infile /usr/local/share/accelergy/estimation_plug_ins/accelergy-cacti-plug-in/cacti_inputs_outputs/tmphmzwuksn >> /usr/local/share/accelergy/estimation_plug_ins/accelergy-cacti-plug-in/cacti_inputs_outputs/tmpa75v5u6s 2>&1
2026-07-01 22:59:46 INFO        | Cache bandwidth: 16.0 bytes/cycle
2026-07-01 22:59:46 INFO        | Cache bandwidth: 144426980313.92557 bits/second
2026-07-01 22:59:46 INFO        
2026-07-01 22:59:46 INFO        ENERGY ESTIMATION for intadder(technology=45nm, width=6.238324625039508, global_cycle_seconds=5e-10).add(global_cycle_seconds=5e-10)
2026-07-01 22:59:46 INFO        dummy estimated 1p with accuracy 1%. 
2026-07-01 22:59:46 INFO        Plug-ins provided accuracy, but failed to estimate:
2026-07-01 22:59:46 INFO        | Aladdin_table with accuracy 70% estimating value: KeyError: 'action_latency_cycles'
2026-07-01 22:59:46 INFO        
2026-07-01 22:59:46 INFO        ENERGY ESTIMATION for intadder(technology=45nm, width=6.238324625039508, global_cycle_seconds=5e-10).idle(global_cycle_seconds=5e-10)
2026-07-01 22:59:46 INFO        dummy estimated 1p with accuracy 1%. 
2026-07-01 22:59:46 INFO        Plug-ins provided accuracy, but failed to estimate:
2026-07-01 22:59:46 INFO        | Aladdin_table with accuracy 70% estimating value: KeyError: 'action_latency_cycles'
2026-07-01 22:59:46 INFO        
2026-07-01 22:59:46 INFO        ENERGY ESTIMATION for SRAM(technology=45nm, width=128, depth=512, n_rdwr_ports=2, n_banks=1, global_cycle_seconds=5e-10).read(data_delta=0, address_delta=1, global_cycle_seconds=5e-10)
2026-07-01 22:59:46 INFO        CactiSRAM estimated 2.3749050000000004e-12 with accuracy 80%. Messages:
2026-07-01 22:59:46 INFO        | Unused arguments (n_rdwr_ports, global_cycle_seconds) provided for ['SRAM', 'sram'].__init__. Arguments used: (technology, width, depth, n_banks)
2026-07-01 22:59:46 INFO        | Unused arguments (global_cycle_seconds) provided for ['SRAM', 'sram'].read. Arguments used: (data_delta, address_delta)
2026-07-01 22:59:46 INFO        | Calling CACTI with cache_size=8192 n_rw_ports=1 block_size=16 tech_node_um=0.045 n_banks=1 tag_size=0 associativity=1
2026-07-01 22:59:46 INFO        | Calling CACTI with input path /usr/local/share/accelergy/estimation_plug_ins/accelergy-cacti-plug-in/cacti_inputs_outputs/tmpzazhr4sh
2026-07-01 22:59:46 INFO        | CACTI output will be written to /usr/local/share/accelergy/estimation_plug_ins/accelergy-cacti-plug-in/cacti_inputs_outputs/tmpkruek9vg
2026-07-01 22:59:46 INFO        | CACTI executable not found at /usr/local/share/accelergy/estimation_plug_ins/accelergy-cacti-plug-in/cacti/cacti
2026-07-01 22:59:46 INFO        | Calling: cd /usr/local/share/accelergy/estimation_plug_ins/accelergy-cacti-plug-in ; ./cacti -infile /usr/local/share/accelergy/estimation_plug_ins/accelergy-cacti-plug-in/cacti_inputs_outputs/tmpzazhr4sh >> /usr/local/share/accelergy/estimation_plug_ins/accelergy-cacti-plug-in/cacti_inputs_outputs/tmpkruek9vg 2>&1
2026-07-01 22:59:46 INFO        | Cache bandwidth: 16.0 bytes/cycle
2026-07-01 22:59:46 INFO        | Cache bandwidth: 144426980313.92557 bits/second
2026-07-01 22:59:46 INFO        
2026-07-01 22:59:46 INFO        ENERGY ESTIMATION for intadder(technology=45nm, width=6.238324625039508, global_cycle_seconds=5e-10).add(global_cycle_seconds=5e-10)
2026-07-01 22:59:46 INFO        dummy estimated 1p with accuracy 1%. 
2026-07-01 22:59:46 INFO        Plug-ins provided accuracy, but failed to estimate:
2026-07-01 22:59:46 INFO        | Aladdin_table with accuracy 70% estimating value: KeyError: 'action_latency_cycles'
2026-07-01 22:59:46 INFO        
2026-07-01 22:59:46 INFO        ENERGY ESTIMATION for intadder(technology=45nm, width=6.238324625039508, global_cycle_seconds=5e-10).idle(global_cycle_seconds=5e-10)
2026-07-01 22:59:46 INFO        dummy estimated 1p with accuracy 1%. 
2026-07-01 22:59:46 INFO        Plug-ins provided accuracy, but failed to estimate:
2026-07-01 22:59:46 INFO        | Aladdin_table with accuracy 70% estimating value: KeyError: 'action_latency_cycles'
2026-07-01 22:59:46 INFO        
2026-07-01 22:59:46 INFO        ENERGY ESTIMATION for SRAM(technology=45nm, width=128, depth=512, n_rdwr_ports=2, n_banks=1, global_cycle_seconds=5e-10).read(data_delta=1, address_delta=1, global_cycle_seconds=5e-10)
2026-07-01 22:59:46 INFO        CactiSRAM estimated 7.916350000000002e-12 with accuracy 80%. Messages:
2026-07-01 22:59:46 INFO        | Unused arguments (n_rdwr_ports, global_cycle_seconds) provided for ['SRAM', 'sram'].__init__. Arguments used: (technology, width, depth, n_banks)
2026-07-01 22:59:46 INFO        | Unused arguments (global_cycle_seconds) provided for ['SRAM', 'sram'].read. Arguments used: (data_delta, address_delta)
2026-07-01 22:59:46 INFO        | Calling CACTI with cache_size=8192 n_rw_ports=1 block_size=16 tech_node_um=0.045 n_banks=1 tag_size=0 associativity=1
2026-07-01 22:59:46 INFO        | Calling CACTI with input path /usr/local/share/accelergy/estimation_plug_ins/accelergy-cacti-plug-in/cacti_inputs_outputs/tmpq8cimk2s
2026-07-01 22:59:46 INFO        | CACTI output will be written to /usr/local/share/accelergy/estimation_plug_ins/accelergy-cacti-plug-in/cacti_inputs_outputs/tmpnhmtlh9o
2026-07-01 22:59:46 INFO        | CACTI executable not found at /usr/local/share/accelergy/estimation_plug_ins/accelergy-cacti-plug-in/cacti/cacti
2026-07-01 22:59:46 INFO        | Calling: cd /usr/local/share/accelergy/estimation_plug_ins/accelergy-cacti-plug-in ; ./cacti -infile /usr/local/share/accelergy/estimation_plug_ins/accelergy-cacti-plug-in/cacti_inputs_outputs/tmpq8cimk2s >> /usr/local/share/accelergy/estimation_plug_ins/accelergy-cacti-plug-in/cacti_inputs_outputs/tmpnhmtlh9o 2>&1
2026-07-01 22:59:46 INFO        | Cache bandwidth: 16.0 bytes/cycle
2026-07-01 22:59:46 INFO        | Cache bandwidth: 144426980313.92557 bits/second
2026-07-01 22:59:46 INFO        
2026-07-01 22:59:46 INFO        ENERGY ESTIMATION for intadder(technology=45nm, width=6.238324625039508, global_cycle_seconds=5e-10).add(global_cycle_seconds=5e-10)
2026-07-01 22:59:46 INFO        dummy estimated 1p with accuracy 1%. 
2026-07-01 22:59:46 INFO        Plug-ins provided accuracy, but failed to estimate:
2026-07-01 22:59:46 INFO        | Aladdin_table with accuracy 70% estimating value: KeyError: 'action_latency_cycles'
2026-07-01 22:59:46 INFO        
2026-07-01 22:59:46 INFO        ENERGY ESTIMATION for intadder(technology=45nm, width=6.238324625039508, global_cycle_seconds=5e-10).idle(global_cycle_seconds=5e-10)
2026-07-01 22:59:46 INFO        dummy estimated 1p with accuracy 1%. 
2026-07-01 22:59:46 INFO        Plug-ins provided accuracy, but failed to estimate:
2026-07-01 22:59:46 INFO        | Aladdin_table with accuracy 70% estimating value: KeyError: 'action_latency_cycles'
2026-07-01 22:59:46 INFO        
2026-07-01 22:59:46 INFO        ENERGY ESTIMATION for SRAM(technology=45nm, width=128, depth=512, n_rdwr_ports=2, n_banks=1, global_cycle_seconds=5e-10).idle(global_cycle_seconds=5e-10)
2026-07-01 22:59:46 INFO        CactiSRAM estimated 0 with accuracy 80%. Messages:
2026-07-01 22:59:46 INFO        | Unused arguments (n_rdwr_ports, global_cycle_seconds) provided for ['SRAM', 'sram'].__init__. Arguments used: (technology, width, depth, n_banks)
2026-07-01 22:59:46 INFO        | Unused arguments (global_cycle_seconds) provided for ['SRAM', 'sram'].idle. Arguments used: ()
2026-07-01 22:59:46 INFO        
2026-07-01 22:59:46 INFO        ENERGY ESTIMATION for intadder(technology=45nm, width=6.238324625039508, global_cycle_seconds=5e-10).idle(global_cycle_seconds=5e-10)
2026-07-01 22:59:46 INFO        dummy estimated 1p with accuracy 1%. 
2026-07-01 22:59:46 INFO        Plug-ins provided accuracy, but failed to estimate:
2026-07-01 22:59:46 INFO        | Aladdin_table with accuracy 70% estimating value: KeyError: 'action_latency_cycles'
2026-07-01 22:59:46 INFO        
2026-07-01 22:59:46 INFO        ENERGY ESTIMATION for SRAM(technology=45nm, width=64, depth=64, n_rdwr_ports=2, n_banks=1, global_cycle_seconds=5e-10).write(data_delta=0, address_delta=0, global_cycle_seconds=5e-10)
2026-07-01 22:59:46 INFO        CactiSRAM estimated 0.0 with accuracy 80%. Messages:
2026-07-01 22:59:46 INFO        | Unused arguments (n_rdwr_ports, global_cycle_seconds) provided for ['SRAM', 'sram'].__init__. Arguments used: (technology, width, depth, n_banks)
2026-07-01 22:59:46 INFO        | Unused arguments (global_cycle_seconds) provided for ['SRAM', 'sram'].write. Arguments used: (data_delta, address_delta)
2026-07-01 22:59:46 INFO        | Calling CACTI with cache_size=512 n_rw_ports=1 block_size=8 tech_node_um=0.045 n_banks=1 tag_size=0 associativity=1
2026-07-01 22:59:46 INFO        | Calling CACTI with input path /usr/local/share/accelergy/estimation_plug_ins/accelergy-cacti-plug-in/cacti_inputs_outputs/tmp6ojav8gv
2026-07-01 22:59:46 INFO        | CACTI output will be written to /usr/local/share/accelergy/estimation_plug_ins/accelergy-cacti-plug-in/cacti_inputs_outputs/tmpodlig9zl
2026-07-01 22:59:46 INFO        | CACTI executable not found at /usr/local/share/accelergy/estimation_plug_ins/accelergy-cacti-plug-in/cacti/cacti
2026-07-01 22:59:46 INFO        | Calling: cd /usr/local/share/accelergy/estimation_plug_ins/accelergy-cacti-plug-in ; ./cacti -infile /usr/local/share/accelergy/estimation_plug_ins/accelergy-cacti-plug-in/cacti_inputs_outputs/tmp6ojav8gv >> /usr/local/share/accelergy/estimation_plug_ins/accelergy-cacti-plug-in/cacti_inputs_outputs/tmpodlig9zl 2>&1
2026-07-01 22:59:46 INFO        | Cache bandwidth: 8.0 bytes/cycle
2026-07-01 22:59:46 INFO        | Cache bandwidth: 112577947035.59398 bits/second
2026-07-01 22:59:46 INFO        
2026-07-01 22:59:46 INFO        ENERGY ESTIMATION for intadder(technology=45nm, width=4.1588830833596715, global_cycle_seconds=5e-10).count(global_cycle_seconds=5e-10)
2026-07-01 22:59:46 INFO        dummy estimated 1p with accuracy 1%. 
2026-07-01 22:59:46 INFO        Plug-ins provided accuracy, but failed to estimate:
2026-07-01 22:59:46 INFO        | Aladdin_table with accuracy 70% estimating value: KeyError: 'action_latency_cycles'
2026-07-01 22:59:46 INFO        
2026-07-01 22:59:46 INFO        ENERGY ESTIMATION for intadder(technology=45nm, width=4.1588830833596715, global_cycle_seconds=5e-10).idle(global_cycle_seconds=5e-10)
2026-07-01 22:59:46 INFO        dummy estimated 1p with accuracy 1%. 
2026-07-01 22:59:46 INFO        Plug-ins provided accuracy, but failed to estimate:
2026-07-01 22:59:46 INFO        | Aladdin_table with accuracy 70% estimating value: KeyError: 'action_latency_cycles'
2026-07-01 22:59:46 INFO        
2026-07-01 22:59:46 INFO        ENERGY ESTIMATION for SRAM(technology=45nm, width=64, depth=64, n_rdwr_ports=2, n_banks=1, global_cycle_seconds=5e-10).write(data_delta=1, address_delta=0, global_cycle_seconds=5e-10)
2026-07-01 22:59:46 INFO        CactiSRAM estimated 1.59656e-12 with accuracy 80%. Messages:
2026-07-01 22:59:46 INFO        | Unused arguments (n_rdwr_ports, global_cycle_seconds) provided for ['SRAM', 'sram'].__init__. Arguments used: (technology, width, depth, n_banks)
2026-07-01 22:59:46 INFO        | Unused arguments (global_cycle_seconds) provided for ['SRAM', 'sram'].write. Arguments used: (data_delta, address_delta)
2026-07-01 22:59:46 INFO        | Calling CACTI with cache_size=512 n_rw_ports=1 block_size=8 tech_node_um=0.045 n_banks=1 tag_size=0 associativity=1
2026-07-01 22:59:46 INFO        | Calling CACTI with input path /usr/local/share/accelergy/estimation_plug_ins/accelergy-cacti-plug-in/cacti_inputs_outputs/tmpr_b878ug
2026-07-01 22:59:46 INFO        | CACTI output will be written to /usr/local/share/accelergy/estimation_plug_ins/accelergy-cacti-plug-in/cacti_inputs_outputs/tmpa43q8n6u
2026-07-01 22:59:46 INFO        | CACTI executable not found at /usr/local/share/accelergy/estimation_plug_ins/accelergy-cacti-plug-in/cacti/cacti
2026-07-01 22:59:46 INFO        | Calling: cd /usr/local/share/accelergy/estimation_plug_ins/accelergy-cacti-plug-in ; ./cacti -infile /usr/local/share/accelergy/estimation_plug_ins/accelergy-cacti-plug-in/cacti_inputs_outputs/tmpr_b878ug >> /usr/local/share/accelergy/estimation_plug_ins/accelergy-cacti-plug-in/cacti_inputs_outputs/tmpa43q8n6u 2>&1
2026-07-01 22:59:46 INFO        | Cache bandwidth: 8.0 bytes/cycle
2026-07-01 22:59:46 INFO        | Cache bandwidth: 112577947035.59398 bits/second
2026-07-01 22:59:46 INFO        
2026-07-01 22:59:46 INFO        ENERGY ESTIMATION for intadder(technology=45nm, width=4.1588830833596715, global_cycle_seconds=5e-10).count(global_cycle_seconds=5e-10)
2026-07-01 22:59:46 INFO        dummy estimated 1p with accuracy 1%. 
2026-07-01 22:59:46 INFO        Plug-ins provided accuracy, but failed to estimate:
2026-07-01 22:59:46 INFO        | Aladdin_table with accuracy 70% estimating value: KeyError: 'action_latency_cycles'
2026-07-01 22:59:46 INFO        
2026-07-01 22:59:46 INFO        ENERGY ESTIMATION for intadder(technology=45nm, width=4.1588830833596715, global_cycle_seconds=5e-10).idle(global_cycle_seconds=5e-10)
2026-07-01 22:59:46 INFO        dummy estimated 1p with accuracy 1%. 
2026-07-01 22:59:46 INFO        Plug-ins provided accuracy, but failed to estimate:
2026-07-01 22:59:46 INFO        | Aladdin_table with accuracy 70% estimating value: KeyError: 'action_latency_cycles'
2026-07-01 22:59:46 INFO        
2026-07-01 22:59:46 INFO        ENERGY ESTIMATION for SRAM(technology=45nm, width=64, depth=64, n_rdwr_ports=2, n_banks=1, global_cycle_seconds=5e-10).write(data_delta=0, address_delta=1, global_cycle_seconds=5e-10)
2026-07-01 22:59:46 INFO        CactiSRAM estimated 6.8424e-13 with accuracy 80%. Messages:
2026-07-01 22:59:46 INFO        | Unused arguments (n_rdwr_ports, global_cycle_seconds) provided for ['SRAM', 'sram'].__init__. Arguments used: (technology, width, depth, n_banks)
2026-07-01 22:59:46 INFO        | Unused arguments (global_cycle_seconds) provided for ['SRAM', 'sram'].write. Arguments used: (data_delta, address_delta)
2026-07-01 22:59:46 INFO        | Calling CACTI with cache_size=512 n_rw_ports=1 block_size=8 tech_node_um=0.045 n_banks=1 tag_size=0 associativity=1
2026-07-01 22:59:46 INFO        | Calling CACTI with input path /usr/local/share/accelergy/estimation_plug_ins/accelergy-cacti-plug-in/cacti_inputs_outputs/tmpfhg2drq4
2026-07-01 22:59:46 INFO        | CACTI output will be written to /usr/local/share/accelergy/estimation_plug_ins/accelergy-cacti-plug-in/cacti_inputs_outputs/tmpio5di69o
2026-07-01 22:59:46 INFO        | CACTI executable not found at /usr/local/share/accelergy/estimation_plug_ins/accelergy-cacti-plug-in/cacti/cacti
2026-07-01 22:59:46 INFO        | Calling: cd /usr/local/share/accelergy/estimation_plug_ins/accelergy-cacti-plug-in ; ./cacti -infile /usr/local/share/accelergy/estimation_plug_ins/accelergy-cacti-plug-in/cacti_inputs_outputs/tmpfhg2drq4 >> /usr/local/share/accelergy/estimation_plug_ins/accelergy-cacti-plug-in/cacti_inputs_outputs/tmpio5di69o 2>&1
2026-07-01 22:59:46 INFO        | Cache bandwidth: 8.0 bytes/cycle
2026-07-01 22:59:46 INFO        | Cache bandwidth: 112577947035.59398 bits/second
2026-07-01 22:59:46 INFO        
2026-07-01 22:59:46 INFO        ENERGY ESTIMATION for intadder(technology=45nm, width=4.1588830833596715, global_cycle_seconds=5e-10).count(global_cycle_seconds=5e-10)
2026-07-01 22:59:46 INFO        dummy estimated 1p with accuracy 1%. 
2026-07-01 22:59:46 INFO        Plug-ins provided accuracy, but failed to estimate:
2026-07-01 22:59:46 INFO        | Aladdin_table with accuracy 70% estimating value: KeyError: 'action_latency_cycles'
2026-07-01 22:59:46 INFO        
2026-07-01 22:59:46 INFO        ENERGY ESTIMATION for intadder(technology=45nm, width=4.1588830833596715, global_cycle_seconds=5e-10).idle(global_cycle_seconds=5e-10)
2026-07-01 22:59:46 INFO        dummy estimated 1p with accuracy 1%. 
2026-07-01 22:59:46 INFO        Plug-ins provided accuracy, but failed to estimate:
2026-07-01 22:59:46 INFO        | Aladdin_table with accuracy 70% estimating value: KeyError: 'action_latency_cycles'
2026-07-01 22:59:46 INFO        
2026-07-01 22:59:46 INFO        ENERGY ESTIMATION for SRAM(technology=45nm, width=64, depth=64, n_rdwr_ports=2, n_banks=1, global_cycle_seconds=5e-10).write(data_delta=1, address_delta=1, global_cycle_seconds=5e-10)
2026-07-01 22:59:47 INFO        CactiSRAM estimated 2.2808e-12 with accuracy 80%. Messages:
2026-07-01 22:59:47 INFO        | Unused arguments (n_rdwr_ports, global_cycle_seconds) provided for ['SRAM', 'sram'].__init__. Arguments used: (technology, width, depth, n_banks)
2026-07-01 22:59:47 INFO        | Unused arguments (global_cycle_seconds) provided for ['SRAM', 'sram'].write. Arguments used: (data_delta, address_delta)
2026-07-01 22:59:47 INFO        | Calling CACTI with cache_size=512 n_rw_ports=1 block_size=8 tech_node_um=0.045 n_banks=1 tag_size=0 associativity=1
2026-07-01 22:59:47 INFO        | Calling CACTI with input path /usr/local/share/accelergy/estimation_plug_ins/accelergy-cacti-plug-in/cacti_inputs_outputs/tmpae0qki39
2026-07-01 22:59:47 INFO        | CACTI output will be written to /usr/local/share/accelergy/estimation_plug_ins/accelergy-cacti-plug-in/cacti_inputs_outputs/tmpi4focnf3
2026-07-01 22:59:47 INFO        | CACTI executable not found at /usr/local/share/accelergy/estimation_plug_ins/accelergy-cacti-plug-in/cacti/cacti
2026-07-01 22:59:47 INFO        | Calling: cd /usr/local/share/accelergy/estimation_plug_ins/accelergy-cacti-plug-in ; ./cacti -infile /usr/local/share/accelergy/estimation_plug_ins/accelergy-cacti-plug-in/cacti_inputs_outputs/tmpae0qki39 >> /usr/local/share/accelergy/estimation_plug_ins/accelergy-cacti-plug-in/cacti_inputs_outputs/tmpi4focnf3 2>&1
2026-07-01 22:59:47 INFO        | Cache bandwidth: 8.0 bytes/cycle
2026-07-01 22:59:47 INFO        | Cache bandwidth: 112577947035.59398 bits/second
2026-07-01 22:59:47 INFO        
2026-07-01 22:59:47 INFO        ENERGY ESTIMATION for intadder(technology=45nm, width=4.1588830833596715, global_cycle_seconds=5e-10).count(global_cycle_seconds=5e-10)
2026-07-01 22:59:47 INFO        dummy estimated 1p with accuracy 1%. 
2026-07-01 22:59:47 INFO        Plug-ins provided accuracy, but failed to estimate:
2026-07-01 22:59:47 INFO        | Aladdin_table with accuracy 70% estimating value: KeyError: 'action_latency_cycles'
2026-07-01 22:59:47 INFO        
2026-07-01 22:59:47 INFO        ENERGY ESTIMATION for intadder(technology=45nm, width=4.1588830833596715, global_cycle_seconds=5e-10).idle(global_cycle_seconds=5e-10)
2026-07-01 22:59:47 INFO        dummy estimated 1p with accuracy 1%. 
2026-07-01 22:59:47 INFO        Plug-ins provided accuracy, but failed to estimate:
2026-07-01 22:59:47 INFO        | Aladdin_table with accuracy 70% estimating value: KeyError: 'action_latency_cycles'
2026-07-01 22:59:47 INFO        
2026-07-01 22:59:47 INFO        ENERGY ESTIMATION for SRAM(technology=45nm, width=64, depth=64, n_rdwr_ports=2, n_banks=1, global_cycle_seconds=5e-10).read(data_delta=0, address_delta=0, global_cycle_seconds=5e-10)
2026-07-01 22:59:47 INFO        CactiSRAM estimated 0.0 with accuracy 80%. Messages:
2026-07-01 22:59:47 INFO        | Unused arguments (n_rdwr_ports, global_cycle_seconds) provided for ['SRAM', 'sram'].__init__. Arguments used: (technology, width, depth, n_banks)
2026-07-01 22:59:47 INFO        | Unused arguments (global_cycle_seconds) provided for ['SRAM', 'sram'].read. Arguments used: (data_delta, address_delta)
2026-07-01 22:59:47 INFO        | Calling CACTI with cache_size=512 n_rw_ports=1 block_size=8 tech_node_um=0.045 n_banks=1 tag_size=0 associativity=1
2026-07-01 22:59:47 INFO        | Calling CACTI with input path /usr/local/share/accelergy/estimation_plug_ins/accelergy-cacti-plug-in/cacti_inputs_outputs/tmpdhor03lk
2026-07-01 22:59:47 INFO        | CACTI output will be written to /usr/local/share/accelergy/estimation_plug_ins/accelergy-cacti-plug-in/cacti_inputs_outputs/tmpc866ewrk
2026-07-01 22:59:47 INFO        | CACTI executable not found at /usr/local/share/accelergy/estimation_plug_ins/accelergy-cacti-plug-in/cacti/cacti
2026-07-01 22:59:47 INFO        | Calling: cd /usr/local/share/accelergy/estimation_plug_ins/accelergy-cacti-plug-in ; ./cacti -infile /usr/local/share/accelergy/estimation_plug_ins/accelergy-cacti-plug-in/cacti_inputs_outputs/tmpdhor03lk >> /usr/local/share/accelergy/estimation_plug_ins/accelergy-cacti-plug-in/cacti_inputs_outputs/tmpc866ewrk 2>&1
2026-07-01 22:59:47 INFO        | Cache bandwidth: 8.0 bytes/cycle
2026-07-01 22:59:47 INFO        | Cache bandwidth: 112577947035.59398 bits/second
2026-07-01 22:59:47 INFO        
2026-07-01 22:59:47 INFO        ENERGY ESTIMATION for intadder(technology=45nm, width=4.1588830833596715, global_cycle_seconds=5e-10).add(global_cycle_seconds=5e-10)
2026-07-01 22:59:47 INFO        dummy estimated 1p with accuracy 1%. 
2026-07-01 22:59:47 INFO        Plug-ins provided accuracy, but failed to estimate:
2026-07-01 22:59:47 INFO        | Aladdin_table with accuracy 70% estimating value: KeyError: 'action_latency_cycles'
2026-07-01 22:59:47 INFO        
2026-07-01 22:59:47 INFO        ENERGY ESTIMATION for intadder(technology=45nm, width=4.1588830833596715, global_cycle_seconds=5e-10).idle(global_cycle_seconds=5e-10)
2026-07-01 22:59:47 INFO        dummy estimated 1p with accuracy 1%. 
2026-07-01 22:59:47 INFO        Plug-ins provided accuracy, but failed to estimate:
2026-07-01 22:59:47 INFO        | Aladdin_table with accuracy 70% estimating value: KeyError: 'action_latency_cycles'
2026-07-01 22:59:47 INFO        
2026-07-01 22:59:47 INFO        ENERGY ESTIMATION for SRAM(technology=45nm, width=64, depth=64, n_rdwr_ports=2, n_banks=1, global_cycle_seconds=5e-10).read(data_delta=1, address_delta=0, global_cycle_seconds=5e-10)
2026-07-01 22:59:47 INFO        CactiSRAM estimated 9.89555e-13 with accuracy 80%. Messages:
2026-07-01 22:59:47 INFO        | Unused arguments (n_rdwr_ports, global_cycle_seconds) provided for ['SRAM', 'sram'].__init__. Arguments used: (technology, width, depth, n_banks)
2026-07-01 22:59:47 INFO        | Unused arguments (global_cycle_seconds) provided for ['SRAM', 'sram'].read. Arguments used: (data_delta, address_delta)
2026-07-01 22:59:47 INFO        | Calling CACTI with cache_size=512 n_rw_ports=1 block_size=8 tech_node_um=0.045 n_banks=1 tag_size=0 associativity=1
2026-07-01 22:59:47 INFO        | Calling CACTI with input path /usr/local/share/accelergy/estimation_plug_ins/accelergy-cacti-plug-in/cacti_inputs_outputs/tmp97xchjt5
2026-07-01 22:59:47 INFO        | CACTI output will be written to /usr/local/share/accelergy/estimation_plug_ins/accelergy-cacti-plug-in/cacti_inputs_outputs/tmpahe5gvr9
2026-07-01 22:59:47 INFO        | CACTI executable not found at /usr/local/share/accelergy/estimation_plug_ins/accelergy-cacti-plug-in/cacti/cacti
2026-07-01 22:59:47 INFO        | Calling: cd /usr/local/share/accelergy/estimation_plug_ins/accelergy-cacti-plug-in ; ./cacti -infile /usr/local/share/accelergy/estimation_plug_ins/accelergy-cacti-plug-in/cacti_inputs_outputs/tmp97xchjt5 >> /usr/local/share/accelergy/estimation_plug_ins/accelergy-cacti-plug-in/cacti_inputs_outputs/tmpahe5gvr9 2>&1
2026-07-01 22:59:47 INFO        | Cache bandwidth: 8.0 bytes/cycle
2026-07-01 22:59:47 INFO        | Cache bandwidth: 112577947035.59398 bits/second
2026-07-01 22:59:47 INFO        
2026-07-01 22:59:47 INFO        ENERGY ESTIMATION for intadder(technology=45nm, width=4.1588830833596715, global_cycle_seconds=5e-10).add(global_cycle_seconds=5e-10)
2026-07-01 22:59:47 INFO        dummy estimated 1p with accuracy 1%. 
2026-07-01 22:59:47 INFO        Plug-ins provided accuracy, but failed to estimate:
2026-07-01 22:59:47 INFO        | Aladdin_table with accuracy 70% estimating value: KeyError: 'action_latency_cycles'
2026-07-01 22:59:47 INFO        
2026-07-01 22:59:47 INFO        ENERGY ESTIMATION for intadder(technology=45nm, width=4.1588830833596715, global_cycle_seconds=5e-10).idle(global_cycle_seconds=5e-10)
2026-07-01 22:59:47 INFO        dummy estimated 1p with accuracy 1%. 
2026-07-01 22:59:47 INFO        Plug-ins provided accuracy, but failed to estimate:
2026-07-01 22:59:47 INFO        | Aladdin_table with accuracy 70% estimating value: KeyError: 'action_latency_cycles'
2026-07-01 22:59:47 INFO        
2026-07-01 22:59:47 INFO        ENERGY ESTIMATION for SRAM(technology=45nm, width=64, depth=64, n_rdwr_ports=2, n_banks=1, global_cycle_seconds=5e-10).read(data_delta=0, address_delta=1, global_cycle_seconds=5e-10)
2026-07-01 22:59:47 INFO        CactiSRAM estimated 4.24095e-13 with accuracy 80%. Messages:
2026-07-01 22:59:47 INFO        | Unused arguments (n_rdwr_ports, global_cycle_seconds) provided for ['SRAM', 'sram'].__init__. Arguments used: (technology, width, depth, n_banks)
2026-07-01 22:59:47 INFO        | Unused arguments (global_cycle_seconds) provided for ['SRAM', 'sram'].read. Arguments used: (data_delta, address_delta)
2026-07-01 22:59:47 INFO        | Calling CACTI with cache_size=512 n_rw_ports=1 block_size=8 tech_node_um=0.045 n_banks=1 tag_size=0 associativity=1
2026-07-01 22:59:47 INFO        | Calling CACTI with input path /usr/local/share/accelergy/estimation_plug_ins/accelergy-cacti-plug-in/cacti_inputs_outputs/tmp_0r387qn
2026-07-01 22:59:47 INFO        | CACTI output will be written to /usr/local/share/accelergy/estimation_plug_ins/accelergy-cacti-plug-in/cacti_inputs_outputs/tmp1w4ttcqh
2026-07-01 22:59:47 INFO        | CACTI executable not found at /usr/local/share/accelergy/estimation_plug_ins/accelergy-cacti-plug-in/cacti/cacti
2026-07-01 22:59:47 INFO        | Calling: cd /usr/local/share/accelergy/estimation_plug_ins/accelergy-cacti-plug-in ; ./cacti -infile /usr/local/share/accelergy/estimation_plug_ins/accelergy-cacti-plug-in/cacti_inputs_outputs/tmp_0r387qn >> /usr/local/share/accelergy/estimation_plug_ins/accelergy-cacti-plug-in/cacti_inputs_outputs/tmp1w4ttcqh 2>&1
2026-07-01 22:59:47 INFO        | Cache bandwidth: 8.0 bytes/cycle
2026-07-01 22:59:47 INFO        | Cache bandwidth: 112577947035.59398 bits/second
2026-07-01 22:59:47 INFO        
2026-07-01 22:59:47 INFO        ENERGY ESTIMATION for intadder(technology=45nm, width=4.1588830833596715, global_cycle_seconds=5e-10).add(global_cycle_seconds=5e-10)
2026-07-01 22:59:47 INFO        dummy estimated 1p with accuracy 1%. 
2026-07-01 22:59:47 INFO        Plug-ins provided accuracy, but failed to estimate:
2026-07-01 22:59:47 INFO        | Aladdin_table with accuracy 70% estimating value: KeyError: 'action_latency_cycles'
2026-07-01 22:59:47 INFO        
2026-07-01 22:59:47 INFO        ENERGY ESTIMATION for intadder(technology=45nm, width=4.1588830833596715, global_cycle_seconds=5e-10).idle(global_cycle_seconds=5e-10)
2026-07-01 22:59:47 INFO        dummy estimated 1p with accuracy 1%. 
2026-07-01 22:59:47 INFO        Plug-ins provided accuracy, but failed to estimate:
2026-07-01 22:59:47 INFO        | Aladdin_table with accuracy 70% estimating value: KeyError: 'action_latency_cycles'
2026-07-01 22:59:47 INFO        
2026-07-01 22:59:47 INFO        ENERGY ESTIMATION for SRAM(technology=45nm, width=64, depth=64, n_rdwr_ports=2, n_banks=1, global_cycle_seconds=5e-10).read(data_delta=1, address_delta=1, global_cycle_seconds=5e-10)
2026-07-01 22:59:47 INFO        CactiSRAM estimated 1.4136500000000001e-12 with accuracy 80%. Messages:
2026-07-01 22:59:47 INFO        | Unused arguments (n_rdwr_ports, global_cycle_seconds) provided for ['SRAM', 'sram'].__init__. Arguments used: (technology, width, depth, n_banks)
2026-07-01 22:59:47 INFO        | Unused arguments (global_cycle_seconds) provided for ['SRAM', 'sram'].read. Arguments used: (data_delta, address_delta)
2026-07-01 22:59:47 INFO        | Calling CACTI with cache_size=512 n_rw_ports=1 block_size=8 tech_node_um=0.045 n_banks=1 tag_size=0 associativity=1
2026-07-01 22:59:47 INFO        | Calling CACTI with input path /usr/local/share/accelergy/estimation_plug_ins/accelergy-cacti-plug-in/cacti_inputs_outputs/tmpzs32f_3o
2026-07-01 22:59:47 INFO        | CACTI output will be written to /usr/local/share/accelergy/estimation_plug_ins/accelergy-cacti-plug-in/cacti_inputs_outputs/tmp99qyampq
2026-07-01 22:59:47 INFO        | CACTI executable not found at /usr/local/share/accelergy/estimation_plug_ins/accelergy-cacti-plug-in/cacti/cacti
2026-07-01 22:59:47 INFO        | Calling: cd /usr/local/share/accelergy/estimation_plug_ins/accelergy-cacti-plug-in ; ./cacti -infile /usr/local/share/accelergy/estimation_plug_ins/accelergy-cacti-plug-in/cacti_inputs_outputs/tmpzs32f_3o >> /usr/local/share/accelergy/estimation_plug_ins/accelergy-cacti-plug-in/cacti_inputs_outputs/tmp99qyampq 2>&1
2026-07-01 22:59:47 INFO        | Cache bandwidth: 8.0 bytes/cycle
2026-07-01 22:59:47 INFO        | Cache bandwidth: 112577947035.59398 bits/second
2026-07-01 22:59:47 INFO        
2026-07-01 22:59:47 INFO        ENERGY ESTIMATION for intadder(technology=45nm, width=4.1588830833596715, global_cycle_seconds=5e-10).add(global_cycle_seconds=5e-10)
2026-07-01 22:59:47 INFO        dummy estimated 1p with accuracy 1%. 
2026-07-01 22:59:47 INFO        Plug-ins provided accuracy, but failed to estimate:
2026-07-01 22:59:47 INFO        | Aladdin_table with accuracy 70% estimating value: KeyError: 'action_latency_cycles'
2026-07-01 22:59:47 INFO        
2026-07-01 22:59:47 INFO        ENERGY ESTIMATION for intadder(technology=45nm, width=4.1588830833596715, global_cycle_seconds=5e-10).idle(global_cycle_seconds=5e-10)
2026-07-01 22:59:47 INFO        dummy estimated 1p with accuracy 1%. 
2026-07-01 22:59:47 INFO        Plug-ins provided accuracy, but failed to estimate:
2026-07-01 22:59:47 INFO        | Aladdin_table with accuracy 70% estimating value: KeyError: 'action_latency_cycles'
2026-07-01 22:59:47 INFO        
2026-07-01 22:59:47 INFO        ENERGY ESTIMATION for SRAM(technology=45nm, width=64, depth=64, n_rdwr_ports=2, n_banks=1, global_cycle_seconds=5e-10).idle(global_cycle_seconds=5e-10)
2026-07-01 22:59:47 INFO        CactiSRAM estimated 0 with accuracy 80%. Messages:
2026-07-01 22:59:47 INFO        | Unused arguments (n_rdwr_ports, global_cycle_seconds) provided for ['SRAM', 'sram'].__init__. Arguments used: (technology, width, depth, n_banks)
2026-07-01 22:59:47 INFO        | Unused arguments (global_cycle_seconds) provided for ['SRAM', 'sram'].idle. Arguments used: ()
2026-07-01 22:59:47 INFO        
2026-07-01 22:59:47 INFO        ENERGY ESTIMATION for intadder(technology=45nm, width=4.1588830833596715, global_cycle_seconds=5e-10).idle(global_cycle_seconds=5e-10)
2026-07-01 22:59:47 INFO        dummy estimated 1p with accuracy 1%. 
2026-07-01 22:59:47 INFO        Plug-ins provided accuracy, but failed to estimate:
2026-07-01 22:59:47 INFO        | Aladdin_table with accuracy 70% estimating value: KeyError: 'action_latency_cycles'
2026-07-01 22:59:47 INFO        
2026-07-01 22:59:47 INFO        ENERGY ESTIMATION for SRAM(technology=45nm, width=32, depth=1, n_rdwr_ports=2, n_banks=1, global_cycle_seconds=5e-10).write(data_delta=0, address_delta=0, global_cycle_seconds=5e-10)
2026-07-01 22:59:47 INFO        CactiSRAM estimated 0.0 with accuracy 80%. Messages:
2026-07-01 22:59:47 INFO        | Unused arguments (n_rdwr_ports, global_cycle_seconds) provided for ['SRAM', 'sram'].__init__. Arguments used: (technology, width, depth, n_banks)
2026-07-01 22:59:47 INFO        | Unused arguments (global_cycle_seconds) provided for ['SRAM', 'sram'].write. Arguments used: (data_delta, address_delta)
2026-07-01 22:59:47 INFO        | Calling CACTI with cache_size=256 n_rw_ports=1 block_size=4 tech_node_um=0.045 n_banks=1 tag_size=0 associativity=1
2026-07-01 22:59:47 INFO        | Calling CACTI with input path /usr/local/share/accelergy/estimation_plug_ins/accelergy-cacti-plug-in/cacti_inputs_outputs/tmpoj0md2qy
2026-07-01 22:59:47 INFO        | CACTI output will be written to /usr/local/share/accelergy/estimation_plug_ins/accelergy-cacti-plug-in/cacti_inputs_outputs/tmplbsnpjcm
2026-07-01 22:59:47 INFO        | CACTI executable not found at /usr/local/share/accelergy/estimation_plug_ins/accelergy-cacti-plug-in/cacti/cacti
2026-07-01 22:59:47 INFO        | Calling: cd /usr/local/share/accelergy/estimation_plug_ins/accelergy-cacti-plug-in ; ./cacti -infile /usr/local/share/accelergy/estimation_plug_ins/accelergy-cacti-plug-in/cacti_inputs_outputs/tmpoj0md2qy >> /usr/local/share/accelergy/estimation_plug_ins/accelergy-cacti-plug-in/cacti_inputs_outputs/tmplbsnpjcm 2>&1
2026-07-01 22:59:47 INFO        | Cache bandwidth: 4.0 bytes/cycle
2026-07-01 22:59:47 INFO        | Cache bandwidth: 65421210374.168434 bits/second
2026-07-01 22:59:47 INFO        
2026-07-01 22:59:47 INFO        ENERGY ESTIMATION for intadder(technology=45nm, width=0, global_cycle_seconds=5e-10).count(global_cycle_seconds=5e-10)
2026-07-01 22:59:47 INFO        dummy estimated 1p with accuracy 1%. 
2026-07-01 22:59:47 INFO        Plug-ins provided accuracy, but failed to estimate:
2026-07-01 22:59:47 INFO        | Aladdin_table with accuracy 70% estimating value: KeyError: 'action_latency_cycles'
2026-07-01 22:59:47 INFO        
2026-07-01 22:59:47 INFO        ENERGY ESTIMATION for intadder(technology=45nm, width=0, global_cycle_seconds=5e-10).idle(global_cycle_seconds=5e-10)
2026-07-01 22:59:47 INFO        dummy estimated 1p with accuracy 1%. 
2026-07-01 22:59:47 INFO        Plug-ins provided accuracy, but failed to estimate:
2026-07-01 22:59:47 INFO        | Aladdin_table with accuracy 70% estimating value: KeyError: 'action_latency_cycles'
2026-07-01 22:59:47 INFO        
2026-07-01 22:59:47 INFO        ENERGY ESTIMATION for SRAM(technology=45nm, width=32, depth=1, n_rdwr_ports=2, n_banks=1, global_cycle_seconds=5e-10).write(data_delta=1, address_delta=0, global_cycle_seconds=5e-10)
2026-07-01 22:59:47 INFO        CactiSRAM estimated 3.017831299903715e-14 with accuracy 80%. Messages:
2026-07-01 22:59:47 INFO        | Unused arguments (n_rdwr_ports, global_cycle_seconds) provided for ['SRAM', 'sram'].__init__. Arguments used: (technology, width, depth, n_banks)
2026-07-01 22:59:47 INFO        | Unused arguments (global_cycle_seconds) provided for ['SRAM', 'sram'].write. Arguments used: (data_delta, address_delta)
2026-07-01 22:59:47 INFO        | Calling CACTI with cache_size=256 n_rw_ports=1 block_size=4 tech_node_um=0.045 n_banks=1 tag_size=0 associativity=1
2026-07-01 22:59:47 INFO        | Calling CACTI with input path /usr/local/share/accelergy/estimation_plug_ins/accelergy-cacti-plug-in/cacti_inputs_outputs/tmpudwdcmfl
2026-07-01 22:59:47 INFO        | CACTI output will be written to /usr/local/share/accelergy/estimation_plug_ins/accelergy-cacti-plug-in/cacti_inputs_outputs/tmp_dv8y3og
2026-07-01 22:59:47 INFO        | CACTI executable not found at /usr/local/share/accelergy/estimation_plug_ins/accelergy-cacti-plug-in/cacti/cacti
2026-07-01 22:59:47 INFO        | Calling: cd /usr/local/share/accelergy/estimation_plug_ins/accelergy-cacti-plug-in ; ./cacti -infile /usr/local/share/accelergy/estimation_plug_ins/accelergy-cacti-plug-in/cacti_inputs_outputs/tmpudwdcmfl >> /usr/local/share/accelergy/estimation_plug_ins/accelergy-cacti-plug-in/cacti_inputs_outputs/tmp_dv8y3og 2>&1
2026-07-01 22:59:47 INFO        | Cache bandwidth: 4.0 bytes/cycle
2026-07-01 22:59:47 INFO        | Cache bandwidth: 65421210374.168434 bits/second
2026-07-01 22:59:47 INFO        
2026-07-01 22:59:47 INFO        ENERGY ESTIMATION for intadder(technology=45nm, width=0, global_cycle_seconds=5e-10).count(global_cycle_seconds=5e-10)
2026-07-01 22:59:47 INFO        dummy estimated 1p with accuracy 1%. 
2026-07-01 22:59:47 INFO        Plug-ins provided accuracy, but failed to estimate:
2026-07-01 22:59:47 INFO        | Aladdin_table with accuracy 70% estimating value: KeyError: 'action_latency_cycles'
2026-07-01 22:59:47 INFO        
2026-07-01 22:59:47 INFO        ENERGY ESTIMATION for intadder(technology=45nm, width=0, global_cycle_seconds=5e-10).idle(global_cycle_seconds=5e-10)
2026-07-01 22:59:47 INFO        dummy estimated 1p with accuracy 1%. 
2026-07-01 22:59:47 INFO        Plug-ins provided accuracy, but failed to estimate:
2026-07-01 22:59:47 INFO        | Aladdin_table with accuracy 70% estimating value: KeyError: 'action_latency_cycles'
2026-07-01 22:59:47 INFO        
2026-07-01 22:59:47 INFO        ENERGY ESTIMATION for SRAM(technology=45nm, width=32, depth=1, n_rdwr_ports=2, n_banks=1, global_cycle_seconds=5e-10).write(data_delta=0, address_delta=1, global_cycle_seconds=5e-10)
2026-07-01 22:59:47 INFO        CactiSRAM estimated 1.2933562713873066e-14 with accuracy 80%. Messages:
2026-07-01 22:59:47 INFO        | Unused arguments (n_rdwr_ports, global_cycle_seconds) provided for ['SRAM', 'sram'].__init__. Arguments used: (technology, width, depth, n_banks)
2026-07-01 22:59:47 INFO        | Unused arguments (global_cycle_seconds) provided for ['SRAM', 'sram'].write. Arguments used: (data_delta, address_delta)
2026-07-01 22:59:47 INFO        | Calling CACTI with cache_size=256 n_rw_ports=1 block_size=4 tech_node_um=0.045 n_banks=1 tag_size=0 associativity=1
2026-07-01 22:59:47 INFO        | Calling CACTI with input path /usr/local/share/accelergy/estimation_plug_ins/accelergy-cacti-plug-in/cacti_inputs_outputs/tmpsn0frnlv
2026-07-01 22:59:47 INFO        | CACTI output will be written to /usr/local/share/accelergy/estimation_plug_ins/accelergy-cacti-plug-in/cacti_inputs_outputs/tmpmcvy1n6t
2026-07-01 22:59:47 INFO        | CACTI executable not found at /usr/local/share/accelergy/estimation_plug_ins/accelergy-cacti-plug-in/cacti/cacti
2026-07-01 22:59:47 INFO        | Calling: cd /usr/local/share/accelergy/estimation_plug_ins/accelergy-cacti-plug-in ; ./cacti -infile /usr/local/share/accelergy/estimation_plug_ins/accelergy-cacti-plug-in/cacti_inputs_outputs/tmpsn0frnlv >> /usr/local/share/accelergy/estimation_plug_ins/accelergy-cacti-plug-in/cacti_inputs_outputs/tmpmcvy1n6t 2>&1
2026-07-01 22:59:47 INFO        | Cache bandwidth: 4.0 bytes/cycle
2026-07-01 22:59:47 INFO        | Cache bandwidth: 65421210374.168434 bits/second
2026-07-01 22:59:47 INFO        
2026-07-01 22:59:47 INFO        ENERGY ESTIMATION for intadder(technology=45nm, width=0, global_cycle_seconds=5e-10).count(global_cycle_seconds=5e-10)
2026-07-01 22:59:47 INFO        dummy estimated 1p with accuracy 1%. 
2026-07-01 22:59:47 INFO        Plug-ins provided accuracy, but failed to estimate:
2026-07-01 22:59:47 INFO        | Aladdin_table with accuracy 70% estimating value: KeyError: 'action_latency_cycles'
2026-07-01 22:59:47 INFO        
2026-07-01 22:59:47 INFO        ENERGY ESTIMATION for intadder(technology=45nm, width=0, global_cycle_seconds=5e-10).idle(global_cycle_seconds=5e-10)
2026-07-01 22:59:47 INFO        dummy estimated 1p with accuracy 1%. 
2026-07-01 22:59:47 INFO        Plug-ins provided accuracy, but failed to estimate:
2026-07-01 22:59:47 INFO        | Aladdin_table with accuracy 70% estimating value: KeyError: 'action_latency_cycles'
2026-07-01 22:59:47 INFO        
2026-07-01 22:59:47 INFO        ENERGY ESTIMATION for SRAM(technology=45nm, width=32, depth=1, n_rdwr_ports=2, n_banks=1, global_cycle_seconds=5e-10).write(data_delta=1, address_delta=1, global_cycle_seconds=5e-10)
2026-07-01 22:59:47 INFO        CactiSRAM estimated 4.3111875712910225e-14 with accuracy 80%. Messages:
2026-07-01 22:59:47 INFO        | Unused arguments (n_rdwr_ports, global_cycle_seconds) provided for ['SRAM', 'sram'].__init__. Arguments used: (technology, width, depth, n_banks)
2026-07-01 22:59:47 INFO        | Unused arguments (global_cycle_seconds) provided for ['SRAM', 'sram'].write. Arguments used: (data_delta, address_delta)
2026-07-01 22:59:47 INFO        | Calling CACTI with cache_size=256 n_rw_ports=1 block_size=4 tech_node_um=0.045 n_banks=1 tag_size=0 associativity=1
2026-07-01 22:59:47 INFO        | Calling CACTI with input path /usr/local/share/accelergy/estimation_plug_ins/accelergy-cacti-plug-in/cacti_inputs_outputs/tmp27rcmh_y
2026-07-01 22:59:47 INFO        | CACTI output will be written to /usr/local/share/accelergy/estimation_plug_ins/accelergy-cacti-plug-in/cacti_inputs_outputs/tmp2gclfu8v
2026-07-01 22:59:47 INFO        | CACTI executable not found at /usr/local/share/accelergy/estimation_plug_ins/accelergy-cacti-plug-in/cacti/cacti
2026-07-01 22:59:47 INFO        | Calling: cd /usr/local/share/accelergy/estimation_plug_ins/accelergy-cacti-plug-in ; ./cacti -infile /usr/local/share/accelergy/estimation_plug_ins/accelergy-cacti-plug-in/cacti_inputs_outputs/tmp27rcmh_y >> /usr/local/share/accelergy/estimation_plug_ins/accelergy-cacti-plug-in/cacti_inputs_outputs/tmp2gclfu8v 2>&1
2026-07-01 22:59:47 INFO        | Cache bandwidth: 4.0 bytes/cycle
2026-07-01 22:59:47 INFO        | Cache bandwidth: 65421210374.168434 bits/second
2026-07-01 22:59:47 INFO        
2026-07-01 22:59:47 INFO        ENERGY ESTIMATION for intadder(technology=45nm, width=0, global_cycle_seconds=5e-10).count(global_cycle_seconds=5e-10)
2026-07-01 22:59:47 INFO        dummy estimated 1p with accuracy 1%. 
2026-07-01 22:59:47 INFO        Plug-ins provided accuracy, but failed to estimate:
2026-07-01 22:59:47 INFO        | Aladdin_table with accuracy 70% estimating value: KeyError: 'action_latency_cycles'
2026-07-01 22:59:47 INFO        
2026-07-01 22:59:47 INFO        ENERGY ESTIMATION for intadder(technology=45nm, width=0, global_cycle_seconds=5e-10).idle(global_cycle_seconds=5e-10)
2026-07-01 22:59:47 INFO        dummy estimated 1p with accuracy 1%. 
2026-07-01 22:59:47 INFO        Plug-ins provided accuracy, but failed to estimate:
2026-07-01 22:59:47 INFO        | Aladdin_table with accuracy 70% estimating value: KeyError: 'action_latency_cycles'
2026-07-01 22:59:47 INFO        
2026-07-01 22:59:47 INFO        ENERGY ESTIMATION for SRAM(technology=45nm, width=32, depth=1, n_rdwr_ports=2, n_banks=1, global_cycle_seconds=5e-10).read(data_delta=0, address_delta=0, global_cycle_seconds=5e-10)
2026-07-01 22:59:47 INFO        CactiSRAM estimated 0.0 with accuracy 80%. Messages:
2026-07-01 22:59:47 INFO        | Unused arguments (n_rdwr_ports, global_cycle_seconds) provided for ['SRAM', 'sram'].__init__. Arguments used: (technology, width, depth, n_banks)
2026-07-01 22:59:47 INFO        | Unused arguments (global_cycle_seconds) provided for ['SRAM', 'sram'].read. Arguments used: (data_delta, address_delta)
2026-07-01 22:59:47 INFO        | Calling CACTI with cache_size=256 n_rw_ports=1 block_size=4 tech_node_um=0.045 n_banks=1 tag_size=0 associativity=1
2026-07-01 22:59:47 INFO        | Calling CACTI with input path /usr/local/share/accelergy/estimation_plug_ins/accelergy-cacti-plug-in/cacti_inputs_outputs/tmp6omqttjs
2026-07-01 22:59:47 INFO        | CACTI output will be written to /usr/local/share/accelergy/estimation_plug_ins/accelergy-cacti-plug-in/cacti_inputs_outputs/tmpsxtyk0qk
2026-07-01 22:59:47 INFO        | CACTI executable not found at /usr/local/share/accelergy/estimation_plug_ins/accelergy-cacti-plug-in/cacti/cacti
2026-07-01 22:59:47 INFO        | Calling: cd /usr/local/share/accelergy/estimation_plug_ins/accelergy-cacti-plug-in ; ./cacti -infile /usr/local/share/accelergy/estimation_plug_ins/accelergy-cacti-plug-in/cacti_inputs_outputs/tmp6omqttjs >> /usr/local/share/accelergy/estimation_plug_ins/accelergy-cacti-plug-in/cacti_inputs_outputs/tmpsxtyk0qk 2>&1
2026-07-01 22:59:47 INFO        | Cache bandwidth: 4.0 bytes/cycle
2026-07-01 22:59:47 INFO        | Cache bandwidth: 65421210374.168434 bits/second
2026-07-01 22:59:47 INFO        
2026-07-01 22:59:47 INFO        ENERGY ESTIMATION for intadder(technology=45nm, width=0, global_cycle_seconds=5e-10).add(global_cycle_seconds=5e-10)
2026-07-01 22:59:47 INFO        dummy estimated 1p with accuracy 1%. 
2026-07-01 22:59:47 INFO        Plug-ins provided accuracy, but failed to estimate:
2026-07-01 22:59:47 INFO        | Aladdin_table with accuracy 70% estimating value: KeyError: 'action_latency_cycles'
2026-07-01 22:59:47 INFO        
2026-07-01 22:59:47 INFO        ENERGY ESTIMATION for intadder(technology=45nm, width=0, global_cycle_seconds=5e-10).idle(global_cycle_seconds=5e-10)
2026-07-01 22:59:47 INFO        dummy estimated 1p with accuracy 1%. 
2026-07-01 22:59:47 INFO        Plug-ins provided accuracy, but failed to estimate:
2026-07-01 22:59:47 INFO        | Aladdin_table with accuracy 70% estimating value: KeyError: 'action_latency_cycles'
2026-07-01 22:59:47 INFO        
2026-07-01 22:59:47 INFO        ENERGY ESTIMATION for SRAM(technology=45nm, width=32, depth=1, n_rdwr_ports=2, n_banks=1, global_cycle_seconds=5e-10).read(data_delta=1, address_delta=0, global_cycle_seconds=5e-10)
2026-07-01 22:59:47 INFO        CactiSRAM estimated 1.8338580423474302e-14 with accuracy 80%. Messages:
2026-07-01 22:59:47 INFO        | Unused arguments (n_rdwr_ports, global_cycle_seconds) provided for ['SRAM', 'sram'].__init__. Arguments used: (technology, width, depth, n_banks)
2026-07-01 22:59:47 INFO        | Unused arguments (global_cycle_seconds) provided for ['SRAM', 'sram'].read. Arguments used: (data_delta, address_delta)
2026-07-01 22:59:47 INFO        | Calling CACTI with cache_size=256 n_rw_ports=1 block_size=4 tech_node_um=0.045 n_banks=1 tag_size=0 associativity=1
2026-07-01 22:59:47 INFO        | Calling CACTI with input path /usr/local/share/accelergy/estimation_plug_ins/accelergy-cacti-plug-in/cacti_inputs_outputs/tmpz7jnoeqo
2026-07-01 22:59:47 INFO        | CACTI output will be written to /usr/local/share/accelergy/estimation_plug_ins/accelergy-cacti-plug-in/cacti_inputs_outputs/tmpgyvd_p5t
2026-07-01 22:59:47 INFO        | CACTI executable not found at /usr/local/share/accelergy/estimation_plug_ins/accelergy-cacti-plug-in/cacti/cacti
2026-07-01 22:59:47 INFO        | Calling: cd /usr/local/share/accelergy/estimation_plug_ins/accelergy-cacti-plug-in ; ./cacti -infile /usr/local/share/accelergy/estimation_plug_ins/accelergy-cacti-plug-in/cacti_inputs_outputs/tmpz7jnoeqo >> /usr/local/share/accelergy/estimation_plug_ins/accelergy-cacti-plug-in/cacti_inputs_outputs/tmpgyvd_p5t 2>&1
2026-07-01 22:59:47 INFO        | Cache bandwidth: 4.0 bytes/cycle
2026-07-01 22:59:47 INFO        | Cache bandwidth: 65421210374.168434 bits/second
2026-07-01 22:59:47 INFO        
2026-07-01 22:59:47 INFO        ENERGY ESTIMATION for intadder(technology=45nm, width=0, global_cycle_seconds=5e-10).add(global_cycle_seconds=5e-10)
2026-07-01 22:59:47 INFO        dummy estimated 1p with accuracy 1%. 
2026-07-01 22:59:47 INFO        Plug-ins provided accuracy, but failed to estimate:
2026-07-01 22:59:47 INFO        | Aladdin_table with accuracy 70% estimating value: KeyError: 'action_latency_cycles'
2026-07-01 22:59:47 INFO        
2026-07-01 22:59:47 INFO        ENERGY ESTIMATION for intadder(technology=45nm, width=0, global_cycle_seconds=5e-10).idle(global_cycle_seconds=5e-10)
2026-07-01 22:59:47 INFO        dummy estimated 1p with accuracy 1%. 
2026-07-01 22:59:47 INFO        Plug-ins provided accuracy, but failed to estimate:
2026-07-01 22:59:47 INFO        | Aladdin_table with accuracy 70% estimating value: KeyError: 'action_latency_cycles'
2026-07-01 22:59:47 INFO        
2026-07-01 22:59:47 INFO        ENERGY ESTIMATION for SRAM(technology=45nm, width=32, depth=1, n_rdwr_ports=2, n_banks=1, global_cycle_seconds=5e-10).read(data_delta=0, address_delta=1, global_cycle_seconds=5e-10)
2026-07-01 22:59:47 INFO        CactiSRAM estimated 7.859391610060416e-15 with accuracy 80%. Messages:
2026-07-01 22:59:47 INFO        | Unused arguments (n_rdwr_ports, global_cycle_seconds) provided for ['SRAM', 'sram'].__init__. Arguments used: (technology, width, depth, n_banks)
2026-07-01 22:59:47 INFO        | Unused arguments (global_cycle_seconds) provided for ['SRAM', 'sram'].read. Arguments used: (data_delta, address_delta)
2026-07-01 22:59:47 INFO        | Calling CACTI with cache_size=256 n_rw_ports=1 block_size=4 tech_node_um=0.045 n_banks=1 tag_size=0 associativity=1
2026-07-01 22:59:47 INFO        | Calling CACTI with input path /usr/local/share/accelergy/estimation_plug_ins/accelergy-cacti-plug-in/cacti_inputs_outputs/tmpvc9osk9x
2026-07-01 22:59:47 INFO        | CACTI output will be written to /usr/local/share/accelergy/estimation_plug_ins/accelergy-cacti-plug-in/cacti_inputs_outputs/tmp24yw6bqo
2026-07-01 22:59:47 INFO        | CACTI executable not found at /usr/local/share/accelergy/estimation_plug_ins/accelergy-cacti-plug-in/cacti/cacti
2026-07-01 22:59:47 INFO        | Calling: cd /usr/local/share/accelergy/estimation_plug_ins/accelergy-cacti-plug-in ; ./cacti -infile /usr/local/share/accelergy/estimation_plug_ins/accelergy-cacti-plug-in/cacti_inputs_outputs/tmpvc9osk9x >> /usr/local/share/accelergy/estimation_plug_ins/accelergy-cacti-plug-in/cacti_inputs_outputs/tmp24yw6bqo 2>&1
2026-07-01 22:59:47 INFO        | Cache bandwidth: 4.0 bytes/cycle
2026-07-01 22:59:47 INFO        | Cache bandwidth: 65421210374.168434 bits/second
2026-07-01 22:59:47 INFO        
2026-07-01 22:59:47 INFO        ENERGY ESTIMATION for intadder(technology=45nm, width=0, global_cycle_seconds=5e-10).add(global_cycle_seconds=5e-10)
2026-07-01 22:59:47 INFO        dummy estimated 1p with accuracy 1%. 
2026-07-01 22:59:47 INFO        Plug-ins provided accuracy, but failed to estimate:
2026-07-01 22:59:47 INFO        | Aladdin_table with accuracy 70% estimating value: KeyError: 'action_latency_cycles'
2026-07-01 22:59:47 INFO        
2026-07-01 22:59:47 INFO        ENERGY ESTIMATION for intadder(technology=45nm, width=0, global_cycle_seconds=5e-10).idle(global_cycle_seconds=5e-10)
2026-07-01 22:59:47 INFO        dummy estimated 1p with accuracy 1%. 
2026-07-01 22:59:47 INFO        Plug-ins provided accuracy, but failed to estimate:
2026-07-01 22:59:47 INFO        | Aladdin_table with accuracy 70% estimating value: KeyError: 'action_latency_cycles'
2026-07-01 22:59:47 INFO        
2026-07-01 22:59:47 INFO        ENERGY ESTIMATION for SRAM(technology=45nm, width=32, depth=1, n_rdwr_ports=2, n_banks=1, global_cycle_seconds=5e-10).read(data_delta=1, address_delta=1, global_cycle_seconds=5e-10)
2026-07-01 22:59:47 INFO        CactiSRAM estimated 2.619797203353472e-14 with accuracy 80%. Messages:
2026-07-01 22:59:47 INFO        | Unused arguments (n_rdwr_ports, global_cycle_seconds) provided for ['SRAM', 'sram'].__init__. Arguments used: (technology, width, depth, n_banks)
2026-07-01 22:59:47 INFO        | Unused arguments (global_cycle_seconds) provided for ['SRAM', 'sram'].read. Arguments used: (data_delta, address_delta)
2026-07-01 22:59:47 INFO        | Calling CACTI with cache_size=256 n_rw_ports=1 block_size=4 tech_node_um=0.045 n_banks=1 tag_size=0 associativity=1
2026-07-01 22:59:47 INFO        | Calling CACTI with input path /usr/local/share/accelergy/estimation_plug_ins/accelergy-cacti-plug-in/cacti_inputs_outputs/tmpvymi4m2_
2026-07-01 22:59:47 INFO        | CACTI output will be written to /usr/local/share/accelergy/estimation_plug_ins/accelergy-cacti-plug-in/cacti_inputs_outputs/tmp9j9p9j6e
2026-07-01 22:59:47 INFO        | CACTI executable not found at /usr/local/share/accelergy/estimation_plug_ins/accelergy-cacti-plug-in/cacti/cacti
2026-07-01 22:59:47 INFO        | Calling: cd /usr/local/share/accelergy/estimation_plug_ins/accelergy-cacti-plug-in ; ./cacti -infile /usr/local/share/accelergy/estimation_plug_ins/accelergy-cacti-plug-in/cacti_inputs_outputs/tmpvymi4m2_ >> /usr/local/share/accelergy/estimation_plug_ins/accelergy-cacti-plug-in/cacti_inputs_outputs/tmp9j9p9j6e 2>&1
2026-07-01 22:59:47 INFO        | Cache bandwidth: 4.0 bytes/cycle
2026-07-01 22:59:47 INFO        | Cache bandwidth: 65421210374.168434 bits/second
2026-07-01 22:59:47 INFO        
2026-07-01 22:59:47 INFO        ENERGY ESTIMATION for intadder(technology=45nm, width=0, global_cycle_seconds=5e-10).add(global_cycle_seconds=5e-10)
2026-07-01 22:59:47 INFO        dummy estimated 1p with accuracy 1%. 
2026-07-01 22:59:47 INFO        Plug-ins provided accuracy, but failed to estimate:
2026-07-01 22:59:47 INFO        | Aladdin_table with accuracy 70% estimating value: KeyError: 'action_latency_cycles'
2026-07-01 22:59:47 INFO        
2026-07-01 22:59:47 INFO        ENERGY ESTIMATION for intadder(technology=45nm, width=0, global_cycle_seconds=5e-10).idle(global_cycle_seconds=5e-10)
2026-07-01 22:59:47 INFO        dummy estimated 1p with accuracy 1%. 
2026-07-01 22:59:47 INFO        Plug-ins provided accuracy, but failed to estimate:
2026-07-01 22:59:47 INFO        | Aladdin_table with accuracy 70% estimating value: KeyError: 'action_latency_cycles'
2026-07-01 22:59:47 INFO        
2026-07-01 22:59:47 INFO        ENERGY ESTIMATION for SRAM(technology=45nm, width=32, depth=1, n_rdwr_ports=2, n_banks=1, global_cycle_seconds=5e-10).idle(global_cycle_seconds=5e-10)
2026-07-01 22:59:47 INFO        CactiSRAM estimated 0 with accuracy 80%. Messages:
2026-07-01 22:59:47 INFO        | Unused arguments (n_rdwr_ports, global_cycle_seconds) provided for ['SRAM', 'sram'].__init__. Arguments used: (technology, width, depth, n_banks)
2026-07-01 22:59:47 INFO        | Unused arguments (global_cycle_seconds) provided for ['SRAM', 'sram'].idle. Arguments used: ()
2026-07-01 22:59:47 INFO        
2026-07-01 22:59:47 INFO        ENERGY ESTIMATION for intadder(technology=45nm, width=0, global_cycle_seconds=5e-10).idle(global_cycle_seconds=5e-10)
2026-07-01 22:59:47 INFO        dummy estimated 1p with accuracy 1%. 
2026-07-01 22:59:47 INFO        Plug-ins provided accuracy, but failed to estimate:
2026-07-01 22:59:47 INFO        | Aladdin_table with accuracy 70% estimating value: KeyError: 'action_latency_cycles'
2026-07-01 22:59:47 INFO        
2026-07-01 22:59:47 INFO        ENERGY ESTIMATION for intmac(technology=45nm, datawidth=16, latency=5ns, num_pipeline_stages=2, global_cycle_seconds=5e-10).mac_random(global_cycle_seconds=5e-10)
2026-07-01 22:59:47 INFO        dummy estimated 3p with accuracy 1%. 
2026-07-01 22:59:47 INFO        Plug-ins provided accuracy, but failed to estimate:
2026-07-01 22:59:47 INFO        | Aladdin_table with accuracy 70% estimating value: KeyError: 'width'
2026-07-01 22:59:47 INFO        
2026-07-01 22:59:47 INFO        ENERGY ESTIMATION for SRAM(technology=45nm, width=512, depth=2048, n_rdwr_ports=2, n_banks=1, global_cycle_seconds=5e-10).write(data_delta=0, address_delta=0, global_cycle_seconds=5e-10)
2026-07-01 22:59:48 INFO        CactiSRAM estimated 0.0 with accuracy 80%. Messages:
2026-07-01 22:59:48 INFO        | Unused arguments (n_rdwr_ports, global_cycle_seconds) provided for ['SRAM', 'sram'].__init__. Arguments used: (technology, width, depth, n_banks)
2026-07-01 22:59:48 INFO        | Unused arguments (global_cycle_seconds) provided for ['SRAM', 'sram'].write. Arguments used: (data_delta, address_delta)
2026-07-01 22:59:48 INFO        | Calling CACTI with cache_size=131072 n_rw_ports=1 block_size=64 tech_node_um=0.045 n_banks=1 tag_size=0 associativity=1
2026-07-01 22:59:48 INFO        | Calling CACTI with input path /usr/local/share/accelergy/estimation_plug_ins/accelergy-cacti-plug-in/cacti_inputs_outputs/tmp_7tt9tj9
2026-07-01 22:59:48 INFO        | CACTI output will be written to /usr/local/share/accelergy/estimation_plug_ins/accelergy-cacti-plug-in/cacti_inputs_outputs/tmp7tgufjmj
2026-07-01 22:59:48 INFO        | CACTI executable not found at /usr/local/share/accelergy/estimation_plug_ins/accelergy-cacti-plug-in/cacti/cacti
2026-07-01 22:59:48 INFO        | Calling: cd /usr/local/share/accelergy/estimation_plug_ins/accelergy-cacti-plug-in ; ./cacti -infile /usr/local/share/accelergy/estimation_plug_ins/accelergy-cacti-plug-in/cacti_inputs_outputs/tmp_7tt9tj9 >> /usr/local/share/accelergy/estimation_plug_ins/accelergy-cacti-plug-in/cacti_inputs_outputs/tmp7tgufjmj 2>&1
2026-07-01 22:59:48 INFO        | Cache bandwidth: 64.0 bytes/cycle
2026-07-01 22:59:48 INFO        | Cache bandwidth: 215697921801.07767 bits/second
2026-07-01 22:59:48 INFO        
2026-07-01 22:59:48 INFO        ENERGY ESTIMATION for intadder(technology=45nm, width=7.6246189861593985, global_cycle_seconds=5e-10).count(global_cycle_seconds=5e-10)
2026-07-01 22:59:48 INFO        dummy estimated 1p with accuracy 1%. 
2026-07-01 22:59:48 INFO        Plug-ins provided accuracy, but failed to estimate:
2026-07-01 22:59:48 INFO        | Aladdin_table with accuracy 70% estimating value: KeyError: 'action_latency_cycles'
2026-07-01 22:59:48 INFO        
2026-07-01 22:59:48 INFO        ENERGY ESTIMATION for intadder(technology=45nm, width=7.6246189861593985, global_cycle_seconds=5e-10).idle(global_cycle_seconds=5e-10)
2026-07-01 22:59:48 INFO        dummy estimated 1p with accuracy 1%. 
2026-07-01 22:59:48 INFO        Plug-ins provided accuracy, but failed to estimate:
2026-07-01 22:59:48 INFO        | Aladdin_table with accuracy 70% estimating value: KeyError: 'action_latency_cycles'
2026-07-01 22:59:48 INFO        
2026-07-01 22:59:48 INFO        ENERGY ESTIMATION for SRAM(technology=45nm, width=512, depth=2048, n_rdwr_ports=2, n_banks=1, global_cycle_seconds=5e-10).write(data_delta=1, address_delta=0, global_cycle_seconds=5e-10)
2026-07-01 22:59:48 INFO        CactiSRAM estimated 1.388625e-10 with accuracy 80%. Messages:
2026-07-01 22:59:48 INFO        | Unused arguments (n_rdwr_ports, global_cycle_seconds) provided for ['SRAM', 'sram'].__init__. Arguments used: (technology, width, depth, n_banks)
2026-07-01 22:59:48 INFO        | Unused arguments (global_cycle_seconds) provided for ['SRAM', 'sram'].write. Arguments used: (data_delta, address_delta)
2026-07-01 22:59:48 INFO        | Calling CACTI with cache_size=131072 n_rw_ports=1 block_size=64 tech_node_um=0.045 n_banks=1 tag_size=0 associativity=1
2026-07-01 22:59:48 INFO        | Calling CACTI with input path /usr/local/share/accelergy/estimation_plug_ins/accelergy-cacti-plug-in/cacti_inputs_outputs/tmpzugwqwou
2026-07-01 22:59:48 INFO        | CACTI output will be written to /usr/local/share/accelergy/estimation_plug_ins/accelergy-cacti-plug-in/cacti_inputs_outputs/tmpi4iaglge
2026-07-01 22:59:48 INFO        | CACTI executable not found at /usr/local/share/accelergy/estimation_plug_ins/accelergy-cacti-plug-in/cacti/cacti
2026-07-01 22:59:48 INFO        | Calling: cd /usr/local/share/accelergy/estimation_plug_ins/accelergy-cacti-plug-in ; ./cacti -infile /usr/local/share/accelergy/estimation_plug_ins/accelergy-cacti-plug-in/cacti_inputs_outputs/tmpzugwqwou >> /usr/local/share/accelergy/estimation_plug_ins/accelergy-cacti-plug-in/cacti_inputs_outputs/tmpi4iaglge 2>&1
2026-07-01 22:59:48 INFO        | Cache bandwidth: 64.0 bytes/cycle
2026-07-01 22:59:48 INFO        | Cache bandwidth: 215697921801.07767 bits/second
2026-07-01 22:59:48 INFO        
2026-07-01 22:59:48 INFO        ENERGY ESTIMATION for intadder(technology=45nm, width=7.6246189861593985, global_cycle_seconds=5e-10).count(global_cycle_seconds=5e-10)
2026-07-01 22:59:48 INFO        dummy estimated 1p with accuracy 1%. 
2026-07-01 22:59:48 INFO        Plug-ins provided accuracy, but failed to estimate:
2026-07-01 22:59:48 INFO        | Aladdin_table with accuracy 70% estimating value: KeyError: 'action_latency_cycles'
2026-07-01 22:59:48 INFO        
2026-07-01 22:59:48 INFO        ENERGY ESTIMATION for intadder(technology=45nm, width=7.6246189861593985, global_cycle_seconds=5e-10).idle(global_cycle_seconds=5e-10)
2026-07-01 22:59:48 INFO        dummy estimated 1p with accuracy 1%. 
2026-07-01 22:59:48 INFO        Plug-ins provided accuracy, but failed to estimate:
2026-07-01 22:59:48 INFO        | Aladdin_table with accuracy 70% estimating value: KeyError: 'action_latency_cycles'
2026-07-01 22:59:48 INFO        
2026-07-01 22:59:48 INFO        ENERGY ESTIMATION for SRAM(technology=45nm, width=512, depth=2048, n_rdwr_ports=2, n_banks=1, global_cycle_seconds=5e-10).write(data_delta=0, address_delta=1, global_cycle_seconds=5e-10)
2026-07-01 22:59:49 INFO        CactiSRAM estimated 5.951249999999999e-11 with accuracy 80%. Messages:
2026-07-01 22:59:49 INFO        | Unused arguments (n_rdwr_ports, global_cycle_seconds) provided for ['SRAM', 'sram'].__init__. Arguments used: (technology, width, depth, n_banks)
2026-07-01 22:59:49 INFO        | Unused arguments (global_cycle_seconds) provided for ['SRAM', 'sram'].write. Arguments used: (data_delta, address_delta)
2026-07-01 22:59:49 INFO        | Calling CACTI with cache_size=131072 n_rw_ports=1 block_size=64 tech_node_um=0.045 n_banks=1 tag_size=0 associativity=1
2026-07-01 22:59:49 INFO        | Calling CACTI with input path /usr/local/share/accelergy/estimation_plug_ins/accelergy-cacti-plug-in/cacti_inputs_outputs/tmpds8m6d_y
2026-07-01 22:59:49 INFO        | CACTI output will be written to /usr/local/share/accelergy/estimation_plug_ins/accelergy-cacti-plug-in/cacti_inputs_outputs/tmp3ua1fuyw
2026-07-01 22:59:49 INFO        | CACTI executable not found at /usr/local/share/accelergy/estimation_plug_ins/accelergy-cacti-plug-in/cacti/cacti
2026-07-01 22:59:49 INFO        | Calling: cd /usr/local/share/accelergy/estimation_plug_ins/accelergy-cacti-plug-in ; ./cacti -infile /usr/local/share/accelergy/estimation_plug_ins/accelergy-cacti-plug-in/cacti_inputs_outputs/tmpds8m6d_y >> /usr/local/share/accelergy/estimation_plug_ins/accelergy-cacti-plug-in/cacti_inputs_outputs/tmp3ua1fuyw 2>&1
2026-07-01 22:59:49 INFO        | Cache bandwidth: 64.0 bytes/cycle
2026-07-01 22:59:49 INFO        | Cache bandwidth: 215697921801.07767 bits/second
2026-07-01 22:59:49 INFO        
2026-07-01 22:59:49 INFO        ENERGY ESTIMATION for intadder(technology=45nm, width=7.6246189861593985, global_cycle_seconds=5e-10).count(global_cycle_seconds=5e-10)
2026-07-01 22:59:49 INFO        dummy estimated 1p with accuracy 1%. 
2026-07-01 22:59:49 INFO        Plug-ins provided accuracy, but failed to estimate:
2026-07-01 22:59:49 INFO        | Aladdin_table with accuracy 70% estimating value: KeyError: 'action_latency_cycles'
2026-07-01 22:59:49 INFO        
2026-07-01 22:59:49 INFO        ENERGY ESTIMATION for intadder(technology=45nm, width=7.6246189861593985, global_cycle_seconds=5e-10).idle(global_cycle_seconds=5e-10)
2026-07-01 22:59:49 INFO        dummy estimated 1p with accuracy 1%. 
2026-07-01 22:59:49 INFO        Plug-ins provided accuracy, but failed to estimate:
2026-07-01 22:59:49 INFO        | Aladdin_table with accuracy 70% estimating value: KeyError: 'action_latency_cycles'
2026-07-01 22:59:49 INFO        
2026-07-01 22:59:49 INFO        ENERGY ESTIMATION for SRAM(technology=45nm, width=512, depth=2048, n_rdwr_ports=2, n_banks=1, global_cycle_seconds=5e-10).write(data_delta=1, address_delta=1, global_cycle_seconds=5e-10)
2026-07-01 22:59:49 INFO        CactiSRAM estimated 1.98375e-10 with accuracy 80%. Messages:
2026-07-01 22:59:49 INFO        | Unused arguments (n_rdwr_ports, global_cycle_seconds) provided for ['SRAM', 'sram'].__init__. Arguments used: (technology, width, depth, n_banks)
2026-07-01 22:59:49 INFO        | Unused arguments (global_cycle_seconds) provided for ['SRAM', 'sram'].write. Arguments used: (data_delta, address_delta)
2026-07-01 22:59:49 INFO        | Calling CACTI with cache_size=131072 n_rw_ports=1 block_size=64 tech_node_um=0.045 n_banks=1 tag_size=0 associativity=1
2026-07-01 22:59:49 INFO        | Calling CACTI with input path /usr/local/share/accelergy/estimation_plug_ins/accelergy-cacti-plug-in/cacti_inputs_outputs/tmp0iwg29wg
2026-07-01 22:59:49 INFO        | CACTI output will be written to /usr/local/share/accelergy/estimation_plug_ins/accelergy-cacti-plug-in/cacti_inputs_outputs/tmpgrg3414f
2026-07-01 22:59:49 INFO        | CACTI executable not found at /usr/local/share/accelergy/estimation_plug_ins/accelergy-cacti-plug-in/cacti/cacti
2026-07-01 22:59:49 INFO        | Calling: cd /usr/local/share/accelergy/estimation_plug_ins/accelergy-cacti-plug-in ; ./cacti -infile /usr/local/share/accelergy/estimation_plug_ins/accelergy-cacti-plug-in/cacti_inputs_outputs/tmp0iwg29wg >> /usr/local/share/accelergy/estimation_plug_ins/accelergy-cacti-plug-in/cacti_inputs_outputs/tmpgrg3414f 2>&1
2026-07-01 22:59:49 INFO        | Cache bandwidth: 64.0 bytes/cycle
2026-07-01 22:59:49 INFO        | Cache bandwidth: 215697921801.07767 bits/second
2026-07-01 22:59:49 INFO        
2026-07-01 22:59:49 INFO        ENERGY ESTIMATION for intadder(technology=45nm, width=7.6246189861593985, global_cycle_seconds=5e-10).count(global_cycle_seconds=5e-10)
2026-07-01 22:59:49 INFO        dummy estimated 1p with accuracy 1%. 
2026-07-01 22:59:49 INFO        Plug-ins provided accuracy, but failed to estimate:
2026-07-01 22:59:49 INFO        | Aladdin_table with accuracy 70% estimating value: KeyError: 'action_latency_cycles'
2026-07-01 22:59:49 INFO        
2026-07-01 22:59:49 INFO        ENERGY ESTIMATION for intadder(technology=45nm, width=7.6246189861593985, global_cycle_seconds=5e-10).idle(global_cycle_seconds=5e-10)
2026-07-01 22:59:49 INFO        dummy estimated 1p with accuracy 1%. 
2026-07-01 22:59:49 INFO        Plug-ins provided accuracy, but failed to estimate:
2026-07-01 22:59:49 INFO        | Aladdin_table with accuracy 70% estimating value: KeyError: 'action_latency_cycles'
2026-07-01 22:59:49 INFO        
2026-07-01 22:59:49 INFO        ENERGY ESTIMATION for SRAM(technology=45nm, width=512, depth=2048, n_rdwr_ports=2, n_banks=1, global_cycle_seconds=5e-10).read(data_delta=0, address_delta=0, global_cycle_seconds=5e-10)
2026-07-01 22:59:49 INFO        CactiSRAM estimated 0.0 with accuracy 80%. Messages:
2026-07-01 22:59:49 INFO        | Unused arguments (n_rdwr_ports, global_cycle_seconds) provided for ['SRAM', 'sram'].__init__. Arguments used: (technology, width, depth, n_banks)
2026-07-01 22:59:49 INFO        | Unused arguments (global_cycle_seconds) provided for ['SRAM', 'sram'].read. Arguments used: (data_delta, address_delta)
2026-07-01 22:59:49 INFO        | Calling CACTI with cache_size=131072 n_rw_ports=1 block_size=64 tech_node_um=0.045 n_banks=1 tag_size=0 associativity=1
2026-07-01 22:59:49 INFO        | Calling CACTI with input path /usr/local/share/accelergy/estimation_plug_ins/accelergy-cacti-plug-in/cacti_inputs_outputs/tmpcdvd6so4
2026-07-01 22:59:49 INFO        | CACTI output will be written to /usr/local/share/accelergy/estimation_plug_ins/accelergy-cacti-plug-in/cacti_inputs_outputs/tmpc3bdr1rc
2026-07-01 22:59:49 INFO        | CACTI executable not found at /usr/local/share/accelergy/estimation_plug_ins/accelergy-cacti-plug-in/cacti/cacti
2026-07-01 22:59:49 INFO        | Calling: cd /usr/local/share/accelergy/estimation_plug_ins/accelergy-cacti-plug-in ; ./cacti -infile /usr/local/share/accelergy/estimation_plug_ins/accelergy-cacti-plug-in/cacti_inputs_outputs/tmpcdvd6so4 >> /usr/local/share/accelergy/estimation_plug_ins/accelergy-cacti-plug-in/cacti_inputs_outputs/tmpc3bdr1rc 2>&1
2026-07-01 22:59:49 INFO        | Cache bandwidth: 64.0 bytes/cycle
2026-07-01 22:59:49 INFO        | Cache bandwidth: 215697921801.07767 bits/second
2026-07-01 22:59:49 INFO        
2026-07-01 22:59:49 INFO        ENERGY ESTIMATION for intadder(technology=45nm, width=7.6246189861593985, global_cycle_seconds=5e-10).add(global_cycle_seconds=5e-10)
2026-07-01 22:59:49 INFO        dummy estimated 1p with accuracy 1%. 
2026-07-01 22:59:49 INFO        Plug-ins provided accuracy, but failed to estimate:
2026-07-01 22:59:49 INFO        | Aladdin_table with accuracy 70% estimating value: KeyError: 'action_latency_cycles'
2026-07-01 22:59:49 INFO        
2026-07-01 22:59:49 INFO        ENERGY ESTIMATION for intadder(technology=45nm, width=7.6246189861593985, global_cycle_seconds=5e-10).idle(global_cycle_seconds=5e-10)
2026-07-01 22:59:49 INFO        dummy estimated 1p with accuracy 1%. 
2026-07-01 22:59:49 INFO        Plug-ins provided accuracy, but failed to estimate:
2026-07-01 22:59:49 INFO        | Aladdin_table with accuracy 70% estimating value: KeyError: 'action_latency_cycles'
2026-07-01 22:59:49 INFO        
2026-07-01 22:59:49 INFO        ENERGY ESTIMATION for SRAM(technology=45nm, width=512, depth=2048, n_rdwr_ports=2, n_banks=1, global_cycle_seconds=5e-10).read(data_delta=1, address_delta=0, global_cycle_seconds=5e-10)
2026-07-01 22:59:50 INFO        CactiSRAM estimated 6.844075e-11 with accuracy 80%. Messages:
2026-07-01 22:59:50 INFO        | Unused arguments (n_rdwr_ports, global_cycle_seconds) provided for ['SRAM', 'sram'].__init__. Arguments used: (technology, width, depth, n_banks)
2026-07-01 22:59:50 INFO        | Unused arguments (global_cycle_seconds) provided for ['SRAM', 'sram'].read. Arguments used: (data_delta, address_delta)
2026-07-01 22:59:50 INFO        | Calling CACTI with cache_size=131072 n_rw_ports=1 block_size=64 tech_node_um=0.045 n_banks=1 tag_size=0 associativity=1
2026-07-01 22:59:50 INFO        | Calling CACTI with input path /usr/local/share/accelergy/estimation_plug_ins/accelergy-cacti-plug-in/cacti_inputs_outputs/tmpt70z6ppb
2026-07-01 22:59:50 INFO        | CACTI output will be written to /usr/local/share/accelergy/estimation_plug_ins/accelergy-cacti-plug-in/cacti_inputs_outputs/tmpzvyljhr9
2026-07-01 22:59:50 INFO        | CACTI executable not found at /usr/local/share/accelergy/estimation_plug_ins/accelergy-cacti-plug-in/cacti/cacti
2026-07-01 22:59:50 INFO        | Calling: cd /usr/local/share/accelergy/estimation_plug_ins/accelergy-cacti-plug-in ; ./cacti -infile /usr/local/share/accelergy/estimation_plug_ins/accelergy-cacti-plug-in/cacti_inputs_outputs/tmpt70z6ppb >> /usr/local/share/accelergy/estimation_plug_ins/accelergy-cacti-plug-in/cacti_inputs_outputs/tmpzvyljhr9 2>&1
2026-07-01 22:59:50 INFO        | Cache bandwidth: 64.0 bytes/cycle
2026-07-01 22:59:50 INFO        | Cache bandwidth: 215697921801.07767 bits/second
2026-07-01 22:59:50 INFO        
2026-07-01 22:59:50 INFO        ENERGY ESTIMATION for intadder(technology=45nm, width=7.6246189861593985, global_cycle_seconds=5e-10).add(global_cycle_seconds=5e-10)
2026-07-01 22:59:50 INFO        dummy estimated 1p with accuracy 1%. 
2026-07-01 22:59:50 INFO        Plug-ins provided accuracy, but failed to estimate:
2026-07-01 22:59:50 INFO        | Aladdin_table with accuracy 70% estimating value: KeyError: 'action_latency_cycles'
2026-07-01 22:59:50 INFO        
2026-07-01 22:59:50 INFO        ENERGY ESTIMATION for intadder(technology=45nm, width=7.6246189861593985, global_cycle_seconds=5e-10).idle(global_cycle_seconds=5e-10)
2026-07-01 22:59:50 INFO        dummy estimated 1p with accuracy 1%. 
2026-07-01 22:59:50 INFO        Plug-ins provided accuracy, but failed to estimate:
2026-07-01 22:59:50 INFO        | Aladdin_table with accuracy 70% estimating value: KeyError: 'action_latency_cycles'
2026-07-01 22:59:50 INFO        
2026-07-01 22:59:50 INFO        ENERGY ESTIMATION for SRAM(technology=45nm, width=512, depth=2048, n_rdwr_ports=2, n_banks=1, global_cycle_seconds=5e-10).read(data_delta=0, address_delta=1, global_cycle_seconds=5e-10)
2026-07-01 22:59:50 INFO        CactiSRAM estimated 2.933175e-11 with accuracy 80%. Messages:
2026-07-01 22:59:50 INFO        | Unused arguments (n_rdwr_ports, global_cycle_seconds) provided for ['SRAM', 'sram'].__init__. Arguments used: (technology, width, depth, n_banks)
2026-07-01 22:59:50 INFO        | Unused arguments (global_cycle_seconds) provided for ['SRAM', 'sram'].read. Arguments used: (data_delta, address_delta)
2026-07-01 22:59:50 INFO        | Calling CACTI with cache_size=131072 n_rw_ports=1 block_size=64 tech_node_um=0.045 n_banks=1 tag_size=0 associativity=1
2026-07-01 22:59:50 INFO        | Calling CACTI with input path /usr/local/share/accelergy/estimation_plug_ins/accelergy-cacti-plug-in/cacti_inputs_outputs/tmpwa1w5h52
2026-07-01 22:59:50 INFO        | CACTI output will be written to /usr/local/share/accelergy/estimation_plug_ins/accelergy-cacti-plug-in/cacti_inputs_outputs/tmphj7sxb65
2026-07-01 22:59:50 INFO        | CACTI executable not found at /usr/local/share/accelergy/estimation_plug_ins/accelergy-cacti-plug-in/cacti/cacti
2026-07-01 22:59:50 INFO        | Calling: cd /usr/local/share/accelergy/estimation_plug_ins/accelergy-cacti-plug-in ; ./cacti -infile /usr/local/share/accelergy/estimation_plug_ins/accelergy-cacti-plug-in/cacti_inputs_outputs/tmpwa1w5h52 >> /usr/local/share/accelergy/estimation_plug_ins/accelergy-cacti-plug-in/cacti_inputs_outputs/tmphj7sxb65 2>&1
2026-07-01 22:59:50 INFO        | Cache bandwidth: 64.0 bytes/cycle
2026-07-01 22:59:50 INFO        | Cache bandwidth: 215697921801.07767 bits/second
2026-07-01 22:59:50 INFO        
2026-07-01 22:59:50 INFO        ENERGY ESTIMATION for intadder(technology=45nm, width=7.6246189861593985, global_cycle_seconds=5e-10).add(global_cycle_seconds=5e-10)
2026-07-01 22:59:50 INFO        dummy estimated 1p with accuracy 1%. 
2026-07-01 22:59:50 INFO        Plug-ins provided accuracy, but failed to estimate:
2026-07-01 22:59:50 INFO        | Aladdin_table with accuracy 70% estimating value: KeyError: 'action_latency_cycles'
2026-07-01 22:59:50 INFO        
2026-07-01 22:59:50 INFO        ENERGY ESTIMATION for intadder(technology=45nm, width=7.6246189861593985, global_cycle_seconds=5e-10).idle(global_cycle_seconds=5e-10)
2026-07-01 22:59:50 INFO        dummy estimated 1p with accuracy 1%. 
2026-07-01 22:59:50 INFO        Plug-ins provided accuracy, but failed to estimate:
2026-07-01 22:59:50 INFO        | Aladdin_table with accuracy 70% estimating value: KeyError: 'action_latency_cycles'
2026-07-01 22:59:50 INFO        
2026-07-01 22:59:50 INFO        ENERGY ESTIMATION for SRAM(technology=45nm, width=512, depth=2048, n_rdwr_ports=2, n_banks=1, global_cycle_seconds=5e-10).read(data_delta=1, address_delta=1, global_cycle_seconds=5e-10)
2026-07-01 22:59:51 INFO        CactiSRAM estimated 9.777250000000001e-11 with accuracy 80%. Messages:
2026-07-01 22:59:51 INFO        | Unused arguments (n_rdwr_ports, global_cycle_seconds) provided for ['SRAM', 'sram'].__init__. Arguments used: (technology, width, depth, n_banks)
2026-07-01 22:59:51 INFO        | Unused arguments (global_cycle_seconds) provided for ['SRAM', 'sram'].read. Arguments used: (data_delta, address_delta)
2026-07-01 22:59:51 INFO        | Calling CACTI with cache_size=131072 n_rw_ports=1 block_size=64 tech_node_um=0.045 n_banks=1 tag_size=0 associativity=1
2026-07-01 22:59:51 INFO        | Calling CACTI with input path /usr/local/share/accelergy/estimation_plug_ins/accelergy-cacti-plug-in/cacti_inputs_outputs/tmplr9xj7qg
2026-07-01 22:59:51 INFO        | CACTI output will be written to /usr/local/share/accelergy/estimation_plug_ins/accelergy-cacti-plug-in/cacti_inputs_outputs/tmpvnkdek17
2026-07-01 22:59:51 INFO        | CACTI executable not found at /usr/local/share/accelergy/estimation_plug_ins/accelergy-cacti-plug-in/cacti/cacti
2026-07-01 22:59:51 INFO        | Calling: cd /usr/local/share/accelergy/estimation_plug_ins/accelergy-cacti-plug-in ; ./cacti -infile /usr/local/share/accelergy/estimation_plug_ins/accelergy-cacti-plug-in/cacti_inputs_outputs/tmplr9xj7qg >> /usr/local/share/accelergy/estimation_plug_ins/accelergy-cacti-plug-in/cacti_inputs_outputs/tmpvnkdek17 2>&1
2026-07-01 22:59:51 INFO        | Cache bandwidth: 64.0 bytes/cycle
2026-07-01 22:59:51 INFO        | Cache bandwidth: 215697921801.07767 bits/second
2026-07-01 22:59:51 INFO        
2026-07-01 22:59:51 INFO        ENERGY ESTIMATION for intadder(technology=45nm, width=7.6246189861593985, global_cycle_seconds=5e-10).add(global_cycle_seconds=5e-10)
2026-07-01 22:59:51 INFO        dummy estimated 1p with accuracy 1%. 
2026-07-01 22:59:51 INFO        Plug-ins provided accuracy, but failed to estimate:
2026-07-01 22:59:51 INFO        | Aladdin_table with accuracy 70% estimating value: KeyError: 'action_latency_cycles'
2026-07-01 22:59:51 INFO        
2026-07-01 22:59:51 INFO        ENERGY ESTIMATION for intadder(technology=45nm, width=7.6246189861593985, global_cycle_seconds=5e-10).idle(global_cycle_seconds=5e-10)
2026-07-01 22:59:51 INFO        dummy estimated 1p with accuracy 1%. 
2026-07-01 22:59:51 INFO        Plug-ins provided accuracy, but failed to estimate:
2026-07-01 22:59:51 INFO        | Aladdin_table with accuracy 70% estimating value: KeyError: 'action_latency_cycles'
2026-07-01 22:59:51 INFO        
2026-07-01 22:59:51 INFO        ENERGY ESTIMATION for SRAM(technology=45nm, width=512, depth=2048, n_rdwr_ports=2, n_banks=1, global_cycle_seconds=5e-10).idle(global_cycle_seconds=5e-10)
2026-07-01 22:59:51 INFO        CactiSRAM estimated 0 with accuracy 80%. Messages:
2026-07-01 22:59:51 INFO        | Unused arguments (n_rdwr_ports, global_cycle_seconds) provided for ['SRAM', 'sram'].__init__. Arguments used: (technology, width, depth, n_banks)
2026-07-01 22:59:51 INFO        | Unused arguments (global_cycle_seconds) provided for ['SRAM', 'sram'].idle. Arguments used: ()
2026-07-01 22:59:51 INFO        
2026-07-01 22:59:51 INFO        ENERGY ESTIMATION for intadder(technology=45nm, width=7.6246189861593985, global_cycle_seconds=5e-10).idle(global_cycle_seconds=5e-10)
2026-07-01 22:59:51 INFO        dummy estimated 1p with accuracy 1%. 
2026-07-01 22:59:51 INFO        Plug-ins provided accuracy, but failed to estimate:
2026-07-01 22:59:51 INFO        | Aladdin_table with accuracy 70% estimating value: KeyError: 'action_latency_cycles'
2026-07-01 22:59:51 WARNING     No action counts are specified as yaml input
2026-07-01 22:59:51 INFO        
2026-07-01 22:59:51 INFO        AREA ESTIMATION for DRAM(type=DDR4, width=16, block-size=1, word-bits=16, shared_bandwidth=6, datawidth=16, technology=45nm, latency=0.5ns, global_cycle_seconds=5e-10)
2026-07-01 22:59:51 INFO        dummy estimated 1u^2 with accuracy 1%. Messages:
2026-07-01 22:59:51 INFO        | Multiplying by n_instances 1
2026-07-01 22:59:51 INFO        Plug-ins provided accuracy, but failed to estimate:
2026-07-01 22:59:51 INFO        | CactiDRAM with accuracy 80% estimating value: AssertionError: DRAM type DDR4 is not supported. Must be one of ['LPDDR4', 'LPDDR', 'DDR3', 'GDDR5', 'HBM2', 'HMC'].
2026-07-01 22:59:51 INFO        
2026-07-01 22:59:51 INFO        AREA ESTIMATION for SRAM(technology=45nm, width=128, depth=1024, n_rdwr_ports=2, n_banks=1, global_cycle_seconds=5e-10)
2026-07-01 22:59:51 INFO        CactiSRAM estimated 5.0649399999999994e-08 with accuracy 80%. Messages:
2026-07-01 22:59:51 INFO        | Unused arguments (n_rdwr_ports, global_cycle_seconds) provided for ['SRAM', 'sram'].__init__. Arguments used: (technology, width, depth, n_banks)
2026-07-01 22:59:51 INFO        | Calling CACTI with cache_size=16384 n_rw_ports=1 block_size=16 tech_node_um=0.045 n_banks=1 tag_size=0 associativity=1
2026-07-01 22:59:51 INFO        | Calling CACTI with input path /usr/local/share/accelergy/estimation_plug_ins/accelergy-cacti-plug-in/cacti_inputs_outputs/tmpghevoy95
2026-07-01 22:59:51 INFO        | CACTI output will be written to /usr/local/share/accelergy/estimation_plug_ins/accelergy-cacti-plug-in/cacti_inputs_outputs/tmphtqx3mw3
2026-07-01 22:59:51 INFO        | CACTI executable not found at /usr/local/share/accelergy/estimation_plug_ins/accelergy-cacti-plug-in/cacti/cacti
2026-07-01 22:59:51 INFO        | Calling: cd /usr/local/share/accelergy/estimation_plug_ins/accelergy-cacti-plug-in ; ./cacti -infile /usr/local/share/accelergy/estimation_plug_ins/accelergy-cacti-plug-in/cacti_inputs_outputs/tmpghevoy95 >> /usr/local/share/accelergy/estimation_plug_ins/accelergy-cacti-plug-in/cacti_inputs_outputs/tmphtqx3mw3 2>&1
2026-07-01 22:59:51 INFO        | Cache bandwidth: 16.0 bytes/cycle
2026-07-01 22:59:51 INFO        | Cache bandwidth: 113563773156.36313 bits/second
2026-07-01 22:59:51 INFO        | Multiplying by n_instances 1
2026-07-01 22:59:51 INFO        
2026-07-01 22:59:51 INFO        AREA ESTIMATION for intadder(technology=45nm, width=6.931471805599453, global_cycle_seconds=5e-10)
2026-07-01 22:59:51 INFO        Aladdin_table estimated 82.09461919756852u^2 with accuracy 70%. Messages:
2026-07-01 22:59:51 INFO        | Multiplying by n_instances 1
2026-07-01 22:59:51 INFO        
2026-07-01 22:59:51 INFO        AREA ESTIMATION for SRAM(technology=45nm, width=128, depth=512, n_rdwr_ports=2, n_banks=1, global_cycle_seconds=5e-10)
2026-07-01 22:59:51 INFO        CactiSRAM estimated 2.77058e-08 with accuracy 80%. Messages:
2026-07-01 22:59:51 INFO        | Unused arguments (n_rdwr_ports, global_cycle_seconds) provided for ['SRAM', 'sram'].__init__. Arguments used: (technology, width, depth, n_banks)
2026-07-01 22:59:51 INFO        | Calling CACTI with cache_size=8192 n_rw_ports=1 block_size=16 tech_node_um=0.045 n_banks=1 tag_size=0 associativity=1
2026-07-01 22:59:51 INFO        | Calling CACTI with input path /usr/local/share/accelergy/estimation_plug_ins/accelergy-cacti-plug-in/cacti_inputs_outputs/tmpyjraevmn
2026-07-01 22:59:51 INFO        | CACTI output will be written to /usr/local/share/accelergy/estimation_plug_ins/accelergy-cacti-plug-in/cacti_inputs_outputs/tmpt04kxyc_
2026-07-01 22:59:51 INFO        | CACTI executable not found at /usr/local/share/accelergy/estimation_plug_ins/accelergy-cacti-plug-in/cacti/cacti
2026-07-01 22:59:51 INFO        | Calling: cd /usr/local/share/accelergy/estimation_plug_ins/accelergy-cacti-plug-in ; ./cacti -infile /usr/local/share/accelergy/estimation_plug_ins/accelergy-cacti-plug-in/cacti_inputs_outputs/tmpyjraevmn >> /usr/local/share/accelergy/estimation_plug_ins/accelergy-cacti-plug-in/cacti_inputs_outputs/tmpt04kxyc_ 2>&1
2026-07-01 22:59:51 INFO        | Cache bandwidth: 16.0 bytes/cycle
2026-07-01 22:59:51 INFO        | Cache bandwidth: 144426980313.92557 bits/second
2026-07-01 22:59:51 INFO        | Multiplying by n_instances 1
2026-07-01 22:59:51 INFO        
2026-07-01 22:59:51 INFO        AREA ESTIMATION for intadder(technology=45nm, width=6.238324625039508, global_cycle_seconds=5e-10)
2026-07-01 22:59:51 INFO        Aladdin_table estimated 73.88515727781167u^2 with accuracy 70%. Messages:
2026-07-01 22:59:51 INFO        | Multiplying by n_instances 1
2026-07-01 22:59:51 INFO        
2026-07-01 22:59:51 INFO        AREA ESTIMATION for SRAM(technology=45nm, width=64, depth=64, n_rdwr_ports=2, n_banks=1, global_cycle_seconds=5e-10)
2026-07-01 22:59:51 INFO        CactiSRAM estimated 2.14376e-09 with accuracy 80%. Messages:
2026-07-01 22:59:51 INFO        | Unused arguments (n_rdwr_ports, global_cycle_seconds) provided for ['SRAM', 'sram'].__init__. Arguments used: (technology, width, depth, n_banks)
2026-07-01 22:59:51 INFO        | Calling CACTI with cache_size=512 n_rw_ports=1 block_size=8 tech_node_um=0.045 n_banks=1 tag_size=0 associativity=1
2026-07-01 22:59:51 INFO        | Calling CACTI with input path /usr/local/share/accelergy/estimation_plug_ins/accelergy-cacti-plug-in/cacti_inputs_outputs/tmp_4xy7y3d
2026-07-01 22:59:51 INFO        | CACTI output will be written to /usr/local/share/accelergy/estimation_plug_ins/accelergy-cacti-plug-in/cacti_inputs_outputs/tmpi4l2hflv
2026-07-01 22:59:51 INFO        | CACTI executable not found at /usr/local/share/accelergy/estimation_plug_ins/accelergy-cacti-plug-in/cacti/cacti
2026-07-01 22:59:51 INFO        | Calling: cd /usr/local/share/accelergy/estimation_plug_ins/accelergy-cacti-plug-in ; ./cacti -infile /usr/local/share/accelergy/estimation_plug_ins/accelergy-cacti-plug-in/cacti_inputs_outputs/tmp_4xy7y3d >> /usr/local/share/accelergy/estimation_plug_ins/accelergy-cacti-plug-in/cacti_inputs_outputs/tmpi4l2hflv 2>&1
2026-07-01 22:59:51 INFO        | Cache bandwidth: 8.0 bytes/cycle
2026-07-01 22:59:51 INFO        | Cache bandwidth: 112577947035.59398 bits/second
2026-07-01 22:59:51 INFO        | Multiplying by n_instances 1
2026-07-01 22:59:51 INFO        
2026-07-01 22:59:51 INFO        AREA ESTIMATION for intadder(technology=45nm, width=4.1588830833596715, global_cycle_seconds=5e-10)
2026-07-01 22:59:51 INFO        Aladdin_table estimated 49.25677151854111u^2 with accuracy 70%. Messages:
2026-07-01 22:59:51 INFO        | Multiplying by n_instances 1
2026-07-01 22:59:51 INFO        
2026-07-01 22:59:51 INFO        AREA ESTIMATION for SRAM(technology=45nm, width=32, depth=1, n_rdwr_ports=2, n_banks=1, global_cycle_seconds=5e-10)
2026-07-01 22:59:51 INFO        CactiSRAM estimated 1.649e-11 with accuracy 80%. Messages:
2026-07-01 22:59:51 INFO        | Unused arguments (n_rdwr_ports, global_cycle_seconds) provided for ['SRAM', 'sram'].__init__. Arguments used: (technology, width, depth, n_banks)
2026-07-01 22:59:51 INFO        | Calling CACTI with cache_size=256 n_rw_ports=1 block_size=4 tech_node_um=0.045 n_banks=1 tag_size=0 associativity=1
2026-07-01 22:59:51 INFO        | Calling CACTI with input path /usr/local/share/accelergy/estimation_plug_ins/accelergy-cacti-plug-in/cacti_inputs_outputs/tmp2rsrbpl7
2026-07-01 22:59:51 INFO        | CACTI output will be written to /usr/local/share/accelergy/estimation_plug_ins/accelergy-cacti-plug-in/cacti_inputs_outputs/tmpxkzkhtmw
2026-07-01 22:59:51 INFO        | CACTI executable not found at /usr/local/share/accelergy/estimation_plug_ins/accelergy-cacti-plug-in/cacti/cacti
2026-07-01 22:59:51 INFO        | Calling: cd /usr/local/share/accelergy/estimation_plug_ins/accelergy-cacti-plug-in ; ./cacti -infile /usr/local/share/accelergy/estimation_plug_ins/accelergy-cacti-plug-in/cacti_inputs_outputs/tmp2rsrbpl7 >> /usr/local/share/accelergy/estimation_plug_ins/accelergy-cacti-plug-in/cacti_inputs_outputs/tmpxkzkhtmw 2>&1
2026-07-01 22:59:51 INFO        | Cache bandwidth: 4.0 bytes/cycle
2026-07-01 22:59:51 INFO        | Cache bandwidth: 65421210374.168434 bits/second
2026-07-01 22:59:51 INFO        | Multiplying by n_instances 1
2026-07-01 22:59:51 INFO        
2026-07-01 22:59:51 INFO        AREA ESTIMATION for intadder(technology=45nm, width=0, global_cycle_seconds=5e-10)
2026-07-01 22:59:51 INFO        Aladdin_table estimated 0.0u^2 with accuracy 70%. Messages:
2026-07-01 22:59:51 INFO        | Multiplying by n_instances 1
2026-07-01 22:59:51 INFO        
2026-07-01 22:59:51 INFO        AREA ESTIMATION for intmac(technology=45nm, datawidth=16, latency=5ns, num_pipeline_stages=2, global_cycle_seconds=5e-10)
2026-07-01 22:59:51 INFO        dummy estimated 1u^2 with accuracy 1%. Messages:
2026-07-01 22:59:51 INFO        | Multiplying by n_instances 1
2026-07-01 22:59:51 INFO        Plug-ins provided accuracy, but failed to estimate:
2026-07-01 22:59:51 INFO        | Aladdin_table with accuracy 70% estimating value: KeyError: 'width'
2026-07-01 22:59:51 INFO        
2026-07-01 22:59:51 INFO        AREA ESTIMATION for SRAM(technology=45nm, width=512, depth=2048, n_rdwr_ports=2, n_banks=1, global_cycle_seconds=5e-10)
2026-07-01 22:59:51 INFO        CactiSRAM estimated 3.91346e-07 with accuracy 80%. Messages:
2026-07-01 22:59:51 INFO        | Unused arguments (n_rdwr_ports, global_cycle_seconds) provided for ['SRAM', 'sram'].__init__. Arguments used: (technology, width, depth, n_banks)
2026-07-01 22:59:51 INFO        | Calling CACTI with cache_size=131072 n_rw_ports=1 block_size=64 tech_node_um=0.045 n_banks=1 tag_size=0 associativity=1
2026-07-01 22:59:51 INFO        | Calling CACTI with input path /usr/local/share/accelergy/estimation_plug_ins/accelergy-cacti-plug-in/cacti_inputs_outputs/tmpwmj5r8ng
2026-07-01 22:59:51 INFO        | CACTI output will be written to /usr/local/share/accelergy/estimation_plug_ins/accelergy-cacti-plug-in/cacti_inputs_outputs/tmpy3xriivw
2026-07-01 22:59:51 INFO        | CACTI executable not found at /usr/local/share/accelergy/estimation_plug_ins/accelergy-cacti-plug-in/cacti/cacti
2026-07-01 22:59:51 INFO        | Calling: cd /usr/local/share/accelergy/estimation_plug_ins/accelergy-cacti-plug-in ; ./cacti -infile /usr/local/share/accelergy/estimation_plug_ins/accelergy-cacti-plug-in/cacti_inputs_outputs/tmpwmj5r8ng >> /usr/local/share/accelergy/estimation_plug_ins/accelergy-cacti-plug-in/cacti_inputs_outputs/tmpy3xriivw 2>&1
2026-07-01 22:59:51 INFO        | Cache bandwidth: 64.0 bytes/cycle
2026-07-01 22:59:51 INFO        | Cache bandwidth: 215697921801.07767 bits/second
2026-07-01 22:59:51 INFO        | Multiplying by n_instances 1
2026-07-01 22:59:51 INFO        
2026-07-01 22:59:51 INFO        AREA ESTIMATION for intadder(technology=45nm, width=7.6246189861593985, global_cycle_seconds=5e-10)
2026-07-01 22:59:51 INFO        Aladdin_table estimated 90.30408111732538u^2 with accuracy 70%. Messages:
2026-07-01 22:59:51 INFO        | Multiplying by n_instances 1
2026-07-01 22:59:51 INFO        flattened architecture is saved to:
2026-07-01 22:59:51 INFO        ./timeloop-mapper.flattened_architecture.yaml
2026-07-01 22:59:51 INFO        energy reference table is saved to:
2026-07-01 22:59:51 INFO        ./timeloop-mapper.ERT.yaml
2026-07-01 22:59:52 INFO        energy reference table summary is saved to:
2026-07-01 22:59:52 INFO        ./timeloop-mapper.ERT_summary.yaml
2026-07-01 22:59:52 WARNING     no runtime energy estimations are generated... not generating energy_estimation.yaml
2026-07-01 22:59:52 INFO        area reference table is saved to:
2026-07-01 22:59:52 INFO        ./timeloop-mapper.ART.yaml
2026-07-01 22:59:52 INFO        area reference table summary is saved to:
2026-07-01 22:59:52 INFO        ./timeloop-mapper.ART_summary.yaml
