2026-06-28 19:19:20 INFO            _                _                      
2026-06-28 19:19:20 INFO           / \   ___ ___ ___| | ___ _ __ __ _ _   _ 
2026-06-28 19:19:20 INFO          / _ \ / __/ __/ _ \ |/ _ \ '__/ _` | | | |
2026-06-28 19:19:20 INFO         / ___ \ (_| (_|  __/ |  __/ | | (_| | |_| |
2026-06-28 19:19:20 INFO        /_/   \_\___\___\___|_|\___|_|  \__, |\__, |
2026-06-28 19:19:20 INFO                                        |___/ |___/ 
2026-06-28 19:19:20 INFO        generating outputs according to the following specified output flags... 
2026-06-28 19:19:20 INFO         Please use the -f flag to update the preference (default to all output files)
2026-06-28 19:19:20 INFO        {'ERT': 1, 'ERT_summary': 1, 'ART': 1, 'ART_summary': 1, 'energy_estimation': 1, 'flattened_arch': 1}
2026-06-28 19:19:20 INFO        Located config file at /root/.config/accelergy/accelergy_config.yaml.
2026-06-28 19:19:20 INFO        config file located:
2026-06-28 19:19:20 INFO        /root/.config/accelergy/accelergy_config.yaml
2026-06-28 19:19:20 INFO        Parsing file /app/Examples/AlexNet_Simba/simba_like/arch/simba_like.yaml for architecture info
2026-06-28 19:19:20 WARNING     File /app/Examples/AlexNet_Simba/simba_like/arch/simba_like.yaml is outdated. File version is 0.3, while the latest version is 0.4. 
2026-06-28 19:19:20 WARNING      Please update the file to the latest version.
2026-06-28 19:19:20 WARNING     Evaluation of "45nm" failed.
2026-06-28 19:19:20 WARNING     Failed to evaluate: 45nm
2026-06-28 19:19:20 WARNING     Location: arch attribute "technology"
2026-06-28 19:19:20 WARNING     Problem encountered: SyntaxError: invalid decimal literal (<string>, line 1)
2026-06-28 19:19:20 WARNING     Available bindings: 
2026-06-28 19:19:20 WARNING     	datawidth = 16
2026-06-28 19:19:20 WARNING     	word-bits = 16
2026-06-28 19:19:20 WARNING     Failed to evaluate: 45nm
2026-06-28 19:19:20 WARNING     Location: arch attribute "technology"
2026-06-28 19:19:20 WARNING     Problem encountered: SyntaxError: invalid decimal literal (<string>, line 1)
2026-06-28 19:19:20 WARNING     Please ensure that the expression used is a valid Python expression.
2026-06-28 19:19:20 WARNING     The following may have been used in the expression:
2026-06-28 19:19:20 WARNING     	nm = UNDEFINED
2026-06-28 19:19:20 WARNING     Strings are allowed here. If you meant to enter a string, please wrap the
2026-06-28 19:19:20 WARNING     expression in single or double quotes:
2026-06-28 19:19:20 WARNING         Found expression: 45nm
2026-06-28 19:19:20 WARNING         Expression as valid string: "45nm"
2026-06-28 19:19:20 WARNING     Expression will be treated as a string. This will be deprecated in version
2026-06-28 19:19:20 WARNING     0.4. Please wrap quotes around the expression to specify a string.
2026-06-28 19:19:20 WARNING     Evaluation of "0.5ns" failed.
2026-06-28 19:19:20 WARNING     Failed to evaluate: 0.5ns
2026-06-28 19:19:20 WARNING     Location: arch attribute "latency"
2026-06-28 19:19:20 WARNING     Problem encountered: SyntaxError: invalid decimal literal (<string>, line 1)
2026-06-28 19:19:20 WARNING     Available bindings: 
2026-06-28 19:19:20 WARNING     	datawidth = 16
2026-06-28 19:19:20 WARNING     	word-bits = 16
2026-06-28 19:19:20 WARNING     	technology = 45nm
2026-06-28 19:19:20 WARNING     Failed to evaluate: 0.5ns
2026-06-28 19:19:20 WARNING     Location: arch attribute "latency"
2026-06-28 19:19:20 WARNING     Problem encountered: SyntaxError: invalid decimal literal (<string>, line 1)
2026-06-28 19:19:20 WARNING     Please ensure that the expression used is a valid Python expression.
2026-06-28 19:19:20 WARNING     The following may have been used in the expression:
2026-06-28 19:19:20 WARNING     	ns = UNDEFINED
2026-06-28 19:19:20 WARNING     Strings are allowed here. If you meant to enter a string, please wrap the
2026-06-28 19:19:20 WARNING     expression in single or double quotes:
2026-06-28 19:19:20 WARNING         Found expression: 0.5ns
2026-06-28 19:19:20 WARNING         Expression as valid string: "0.5ns"
2026-06-28 19:19:20 WARNING     Expression will be treated as a string. This will be deprecated in version
2026-06-28 19:19:20 WARNING     0.4. Please wrap quotes around the expression to specify a string.
2026-06-28 19:19:20 WARNING     Evaluation of "45nm" failed.
2026-06-28 19:19:20 WARNING     Failed to evaluate: 45nm
2026-06-28 19:19:20 WARNING     Location: arch attribute "technology"
2026-06-28 19:19:20 WARNING     Problem encountered: SyntaxError: invalid decimal literal (<string>, line 1)
2026-06-28 19:19:20 WARNING     Available bindings: 
2026-06-28 19:19:20 WARNING     	datawidth = 16
2026-06-28 19:19:20 WARNING     	word-bits = 16
2026-06-28 19:19:20 WARNING     Failed to evaluate: 45nm
2026-06-28 19:19:20 WARNING     Location: arch attribute "technology"
2026-06-28 19:19:20 WARNING     Problem encountered: SyntaxError: invalid decimal literal (<string>, line 1)
2026-06-28 19:19:20 WARNING     Please ensure that the expression used is a valid Python expression.
2026-06-28 19:19:20 WARNING     The following may have been used in the expression:
2026-06-28 19:19:20 WARNING     	nm = UNDEFINED
2026-06-28 19:19:20 WARNING     Strings are allowed here. If you meant to enter a string, please wrap the
2026-06-28 19:19:20 WARNING     expression in single or double quotes:
2026-06-28 19:19:20 WARNING         Found expression: 45nm
2026-06-28 19:19:20 WARNING         Expression as valid string: "45nm"
2026-06-28 19:19:20 WARNING     Expression will be treated as a string. This will be deprecated in version
2026-06-28 19:19:20 WARNING     0.4. Please wrap quotes around the expression to specify a string.
2026-06-28 19:19:20 WARNING     Evaluation of "0.5ns" failed.
2026-06-28 19:19:20 WARNING     Failed to evaluate: 0.5ns
2026-06-28 19:19:20 WARNING     Location: arch attribute "latency"
2026-06-28 19:19:20 WARNING     Problem encountered: SyntaxError: invalid decimal literal (<string>, line 1)
2026-06-28 19:19:20 WARNING     Available bindings: 
2026-06-28 19:19:20 WARNING     	datawidth = 16
2026-06-28 19:19:20 WARNING     	word-bits = 16
2026-06-28 19:19:20 WARNING     	technology = 45nm
2026-06-28 19:19:20 WARNING     Failed to evaluate: 0.5ns
2026-06-28 19:19:20 WARNING     Location: arch attribute "latency"
2026-06-28 19:19:20 WARNING     Problem encountered: SyntaxError: invalid decimal literal (<string>, line 1)
2026-06-28 19:19:20 WARNING     Please ensure that the expression used is a valid Python expression.
2026-06-28 19:19:20 WARNING     The following may have been used in the expression:
2026-06-28 19:19:20 WARNING     	ns = UNDEFINED
2026-06-28 19:19:20 WARNING     Strings are allowed here. If you meant to enter a string, please wrap the
2026-06-28 19:19:20 WARNING     expression in single or double quotes:
2026-06-28 19:19:20 WARNING         Found expression: 0.5ns
2026-06-28 19:19:20 WARNING         Expression as valid string: "0.5ns"
2026-06-28 19:19:20 WARNING     Expression will be treated as a string. This will be deprecated in version
2026-06-28 19:19:20 WARNING     0.4. Please wrap quotes around the expression to specify a string.
2026-06-28 19:19:20 INFO        Calculated arch attribute "global_cycle_seconds" as "0.5e-9" = 5e-10.
2026-06-28 19:19:20 WARNING     Evaluation of "45nm" failed.
2026-06-28 19:19:20 WARNING     Failed to evaluate: 45nm
2026-06-28 19:19:20 WARNING     Location: arch attribute "technology"
2026-06-28 19:19:20 WARNING     Problem encountered: SyntaxError: invalid decimal literal (<string>, line 1)
2026-06-28 19:19:20 WARNING     Available bindings: 
2026-06-28 19:19:20 WARNING     	datawidth = 16
2026-06-28 19:19:20 WARNING     	word-bits = 16
2026-06-28 19:19:20 WARNING     Failed to evaluate: 45nm
2026-06-28 19:19:20 WARNING     Location: arch attribute "technology"
2026-06-28 19:19:20 WARNING     Problem encountered: SyntaxError: invalid decimal literal (<string>, line 1)
2026-06-28 19:19:20 WARNING     Please ensure that the expression used is a valid Python expression.
2026-06-28 19:19:20 WARNING     The following may have been used in the expression:
2026-06-28 19:19:20 WARNING     	nm = UNDEFINED
2026-06-28 19:19:20 WARNING     Strings are allowed here. If you meant to enter a string, please wrap the
2026-06-28 19:19:20 WARNING     expression in single or double quotes:
2026-06-28 19:19:20 WARNING         Found expression: 45nm
2026-06-28 19:19:20 WARNING         Expression as valid string: "45nm"
2026-06-28 19:19:20 WARNING     Expression will be treated as a string. This will be deprecated in version
2026-06-28 19:19:20 WARNING     0.4. Please wrap quotes around the expression to specify a string.
2026-06-28 19:19:20 WARNING     Evaluation of "0.5ns" failed.
2026-06-28 19:19:20 WARNING     Failed to evaluate: 0.5ns
2026-06-28 19:19:20 WARNING     Location: arch attribute "latency"
2026-06-28 19:19:20 WARNING     Problem encountered: SyntaxError: invalid decimal literal (<string>, line 1)
2026-06-28 19:19:20 WARNING     Available bindings: 
2026-06-28 19:19:20 WARNING     	datawidth = 16
2026-06-28 19:19:20 WARNING     	word-bits = 16
2026-06-28 19:19:20 WARNING     	technology = 45nm
2026-06-28 19:19:20 WARNING     Failed to evaluate: 0.5ns
2026-06-28 19:19:20 WARNING     Location: arch attribute "latency"
2026-06-28 19:19:20 WARNING     Problem encountered: SyntaxError: invalid decimal literal (<string>, line 1)
2026-06-28 19:19:20 WARNING     Please ensure that the expression used is a valid Python expression.
2026-06-28 19:19:20 WARNING     The following may have been used in the expression:
2026-06-28 19:19:20 WARNING     	ns = UNDEFINED
2026-06-28 19:19:20 WARNING     Strings are allowed here. If you meant to enter a string, please wrap the
2026-06-28 19:19:20 WARNING     expression in single or double quotes:
2026-06-28 19:19:20 WARNING         Found expression: 0.5ns
2026-06-28 19:19:20 WARNING         Expression as valid string: "0.5ns"
2026-06-28 19:19:20 WARNING     Expression will be treated as a string. This will be deprecated in version
2026-06-28 19:19:20 WARNING     0.4. Please wrap quotes around the expression to specify a string.
2026-06-28 19:19:20 WARNING     Evaluation of "45nm" failed.
2026-06-28 19:19:20 WARNING     Failed to evaluate: 45nm
2026-06-28 19:19:20 WARNING     Location: arch attribute "technology"
2026-06-28 19:19:20 WARNING     Problem encountered: SyntaxError: invalid decimal literal (<string>, line 1)
2026-06-28 19:19:20 WARNING     Available bindings: 
2026-06-28 19:19:20 WARNING     	memory_depth = 1024
2026-06-28 19:19:20 WARNING     	memory_width = 128
2026-06-28 19:19:20 WARNING     	word-bits = 16
2026-06-28 19:19:20 WARNING     	cluster-size = 1
2026-06-28 19:19:20 WARNING     	meshX = 16
2026-06-28 19:19:20 WARNING     	datawidth = 16
2026-06-28 19:19:20 WARNING     Failed to evaluate: 45nm
2026-06-28 19:19:20 WARNING     Location: arch attribute "technology"
2026-06-28 19:19:20 WARNING     Problem encountered: SyntaxError: invalid decimal literal (<string>, line 1)
2026-06-28 19:19:20 WARNING     Please ensure that the expression used is a valid Python expression.
2026-06-28 19:19:20 WARNING     The following may have been used in the expression:
2026-06-28 19:19:20 WARNING     	nm = UNDEFINED
2026-06-28 19:19:20 WARNING     Strings are allowed here. If you meant to enter a string, please wrap the
2026-06-28 19:19:20 WARNING     expression in single or double quotes:
2026-06-28 19:19:20 WARNING         Found expression: 45nm
2026-06-28 19:19:20 WARNING         Expression as valid string: "45nm"
2026-06-28 19:19:20 WARNING     Expression will be treated as a string. This will be deprecated in version
2026-06-28 19:19:20 WARNING     0.4. Please wrap quotes around the expression to specify a string.
2026-06-28 19:19:20 WARNING     Evaluation of "0.5ns" failed.
2026-06-28 19:19:20 WARNING     Failed to evaluate: 0.5ns
2026-06-28 19:19:20 WARNING     Location: arch attribute "latency"
2026-06-28 19:19:20 WARNING     Problem encountered: SyntaxError: invalid decimal literal (<string>, line 1)
2026-06-28 19:19:20 WARNING     Available bindings: 
2026-06-28 19:19:20 WARNING     	memory_depth = 1024
2026-06-28 19:19:20 WARNING     	memory_width = 128
2026-06-28 19:19:20 WARNING     	word-bits = 16
2026-06-28 19:19:20 WARNING     	cluster-size = 1
2026-06-28 19:19:20 WARNING     	meshX = 16
2026-06-28 19:19:20 WARNING     	datawidth = 16
2026-06-28 19:19:20 WARNING     	technology = 45nm
2026-06-28 19:19:20 WARNING     Failed to evaluate: 0.5ns
2026-06-28 19:19:20 WARNING     Location: arch attribute "latency"
2026-06-28 19:19:20 WARNING     Problem encountered: SyntaxError: invalid decimal literal (<string>, line 1)
2026-06-28 19:19:20 WARNING     Please ensure that the expression used is a valid Python expression.
2026-06-28 19:19:20 WARNING     The following may have been used in the expression:
2026-06-28 19:19:20 WARNING     	ns = UNDEFINED
2026-06-28 19:19:20 WARNING     Strings are allowed here. If you meant to enter a string, please wrap the
2026-06-28 19:19:20 WARNING     expression in single or double quotes:
2026-06-28 19:19:20 WARNING         Found expression: 0.5ns
2026-06-28 19:19:20 WARNING         Expression as valid string: "0.5ns"
2026-06-28 19:19:20 WARNING     Expression will be treated as a string. This will be deprecated in version
2026-06-28 19:19:20 WARNING     0.4. Please wrap quotes around the expression to specify a string.
2026-06-28 19:19:20 WARNING     Evaluation of "45nm" failed.
2026-06-28 19:19:20 WARNING     Failed to evaluate: 45nm
2026-06-28 19:19:20 WARNING     Location: arch attribute "technology"
2026-06-28 19:19:20 WARNING     Problem encountered: SyntaxError: invalid decimal literal (<string>, line 1)
2026-06-28 19:19:20 WARNING     Available bindings: 
2026-06-28 19:19:20 WARNING     	memory_depth = 512
2026-06-28 19:19:20 WARNING     	memory_width = 128
2026-06-28 19:19:20 WARNING     	word-bits = 16
2026-06-28 19:19:20 WARNING     	meshX = 16
2026-06-28 19:19:20 WARNING     	cluster-size = 1
2026-06-28 19:19:20 WARNING     	n_banks = 1
2026-06-28 19:19:20 WARNING     	datawidth = 16
2026-06-28 19:19:20 WARNING     Failed to evaluate: 45nm
2026-06-28 19:19:20 WARNING     Location: arch attribute "technology"
2026-06-28 19:19:20 WARNING     Problem encountered: SyntaxError: invalid decimal literal (<string>, line 1)
2026-06-28 19:19:20 WARNING     Please ensure that the expression used is a valid Python expression.
2026-06-28 19:19:20 WARNING     The following may have been used in the expression:
2026-06-28 19:19:20 WARNING     	nm = UNDEFINED
2026-06-28 19:19:20 WARNING     Strings are allowed here. If you meant to enter a string, please wrap the
2026-06-28 19:19:20 WARNING     expression in single or double quotes:
2026-06-28 19:19:20 WARNING         Found expression: 45nm
2026-06-28 19:19:20 WARNING         Expression as valid string: "45nm"
2026-06-28 19:19:20 WARNING     Expression will be treated as a string. This will be deprecated in version
2026-06-28 19:19:20 WARNING     0.4. Please wrap quotes around the expression to specify a string.
2026-06-28 19:19:20 WARNING     Evaluation of "0.5ns" failed.
2026-06-28 19:19:20 WARNING     Failed to evaluate: 0.5ns
2026-06-28 19:19:20 WARNING     Location: arch attribute "latency"
2026-06-28 19:19:20 WARNING     Problem encountered: SyntaxError: invalid decimal literal (<string>, line 1)
2026-06-28 19:19:20 WARNING     Available bindings: 
2026-06-28 19:19:20 WARNING     	memory_depth = 512
2026-06-28 19:19:20 WARNING     	memory_width = 128
2026-06-28 19:19:20 WARNING     	word-bits = 16
2026-06-28 19:19:20 WARNING     	meshX = 16
2026-06-28 19:19:20 WARNING     	cluster-size = 1
2026-06-28 19:19:20 WARNING     	n_banks = 1
2026-06-28 19:19:20 WARNING     	datawidth = 16
2026-06-28 19:19:20 WARNING     	technology = 45nm
2026-06-28 19:19:20 WARNING     Failed to evaluate: 0.5ns
2026-06-28 19:19:20 WARNING     Location: arch attribute "latency"
2026-06-28 19:19:20 WARNING     Problem encountered: SyntaxError: invalid decimal literal (<string>, line 1)
2026-06-28 19:19:20 WARNING     Please ensure that the expression used is a valid Python expression.
2026-06-28 19:19:20 WARNING     The following may have been used in the expression:
2026-06-28 19:19:20 WARNING     	ns = UNDEFINED
2026-06-28 19:19:20 WARNING     Strings are allowed here. If you meant to enter a string, please wrap the
2026-06-28 19:19:20 WARNING     expression in single or double quotes:
2026-06-28 19:19:20 WARNING         Found expression: 0.5ns
2026-06-28 19:19:20 WARNING         Expression as valid string: "0.5ns"
2026-06-28 19:19:20 WARNING     Expression will be treated as a string. This will be deprecated in version
2026-06-28 19:19:20 WARNING     0.4. Please wrap quotes around the expression to specify a string.
2026-06-28 19:19:20 WARNING     Evaluation of "45nm" failed.
2026-06-28 19:19:20 WARNING     Failed to evaluate: 45nm
2026-06-28 19:19:20 WARNING     Location: arch attribute "technology"
2026-06-28 19:19:20 WARNING     Problem encountered: SyntaxError: invalid decimal literal (<string>, line 1)
2026-06-28 19:19:20 WARNING     Available bindings: 
2026-06-28 19:19:20 WARNING     	memory_depth = 64
2026-06-28 19:19:20 WARNING     	memory_width = 64
2026-06-28 19:19:20 WARNING     	cluster-size = 1
2026-06-28 19:19:20 WARNING     	word-bits = 32
2026-06-28 19:19:20 WARNING     	meshX = 16
2026-06-28 19:19:20 WARNING     	datawidth = 16
2026-06-28 19:19:20 WARNING     Failed to evaluate: 45nm
2026-06-28 19:19:20 WARNING     Location: arch attribute "technology"
2026-06-28 19:19:20 WARNING     Problem encountered: SyntaxError: invalid decimal literal (<string>, line 1)
2026-06-28 19:19:20 WARNING     Please ensure that the expression used is a valid Python expression.
2026-06-28 19:19:20 WARNING     The following may have been used in the expression:
2026-06-28 19:19:20 WARNING     	nm = UNDEFINED
2026-06-28 19:19:20 WARNING     Strings are allowed here. If you meant to enter a string, please wrap the
2026-06-28 19:19:20 WARNING     expression in single or double quotes:
2026-06-28 19:19:20 WARNING         Found expression: 45nm
2026-06-28 19:19:20 WARNING         Expression as valid string: "45nm"
2026-06-28 19:19:20 WARNING     Expression will be treated as a string. This will be deprecated in version
2026-06-28 19:19:20 WARNING     0.4. Please wrap quotes around the expression to specify a string.
2026-06-28 19:19:20 WARNING     Evaluation of "0.5ns" failed.
2026-06-28 19:19:20 WARNING     Failed to evaluate: 0.5ns
2026-06-28 19:19:20 WARNING     Location: arch attribute "latency"
2026-06-28 19:19:20 WARNING     Problem encountered: SyntaxError: invalid decimal literal (<string>, line 1)
2026-06-28 19:19:20 WARNING     Available bindings: 
2026-06-28 19:19:20 WARNING     	memory_depth = 64
2026-06-28 19:19:20 WARNING     	memory_width = 64
2026-06-28 19:19:20 WARNING     	cluster-size = 1
2026-06-28 19:19:20 WARNING     	word-bits = 32
2026-06-28 19:19:20 WARNING     	meshX = 16
2026-06-28 19:19:20 WARNING     	datawidth = 16
2026-06-28 19:19:20 WARNING     	technology = 45nm
2026-06-28 19:19:20 WARNING     Failed to evaluate: 0.5ns
2026-06-28 19:19:20 WARNING     Location: arch attribute "latency"
2026-06-28 19:19:20 WARNING     Problem encountered: SyntaxError: invalid decimal literal (<string>, line 1)
2026-06-28 19:19:20 WARNING     Please ensure that the expression used is a valid Python expression.
2026-06-28 19:19:20 WARNING     The following may have been used in the expression:
2026-06-28 19:19:20 WARNING     	ns = UNDEFINED
2026-06-28 19:19:20 WARNING     Strings are allowed here. If you meant to enter a string, please wrap the
2026-06-28 19:19:20 WARNING     expression in single or double quotes:
2026-06-28 19:19:20 WARNING         Found expression: 0.5ns
2026-06-28 19:19:20 WARNING         Expression as valid string: "0.5ns"
2026-06-28 19:19:20 WARNING     Expression will be treated as a string. This will be deprecated in version
2026-06-28 19:19:20 WARNING     0.4. Please wrap quotes around the expression to specify a string.
2026-06-28 19:19:20 WARNING     Evaluation of "45nm" failed.
2026-06-28 19:19:20 WARNING     Failed to evaluate: 45nm
2026-06-28 19:19:20 WARNING     Location: arch attribute "technology"
2026-06-28 19:19:20 WARNING     Problem encountered: SyntaxError: invalid decimal literal (<string>, line 1)
2026-06-28 19:19:20 WARNING     Available bindings: 
2026-06-28 19:19:20 WARNING     	memory_depth = 1
2026-06-28 19:19:20 WARNING     	memory_width = 32
2026-06-28 19:19:20 WARNING     	word-bits = 16
2026-06-28 19:19:20 WARNING     	cluster-size = 1
2026-06-28 19:19:20 WARNING     	num-ports = 2
2026-06-28 19:19:20 WARNING     	meshX = 16
2026-06-28 19:19:20 WARNING     	datawidth = 16
2026-06-28 19:19:20 WARNING     Failed to evaluate: 45nm
2026-06-28 19:19:20 WARNING     Location: arch attribute "technology"
2026-06-28 19:19:20 WARNING     Problem encountered: SyntaxError: invalid decimal literal (<string>, line 1)
2026-06-28 19:19:20 WARNING     Please ensure that the expression used is a valid Python expression.
2026-06-28 19:19:20 WARNING     The following may have been used in the expression:
2026-06-28 19:19:20 WARNING     	nm = UNDEFINED
2026-06-28 19:19:20 WARNING     Strings are allowed here. If you meant to enter a string, please wrap the
2026-06-28 19:19:20 WARNING     expression in single or double quotes:
2026-06-28 19:19:20 WARNING         Found expression: 45nm
2026-06-28 19:19:20 WARNING         Expression as valid string: "45nm"
2026-06-28 19:19:20 WARNING     Expression will be treated as a string. This will be deprecated in version
2026-06-28 19:19:20 WARNING     0.4. Please wrap quotes around the expression to specify a string.
2026-06-28 19:19:20 WARNING     Evaluation of "0.5ns" failed.
2026-06-28 19:19:20 WARNING     Failed to evaluate: 0.5ns
2026-06-28 19:19:20 WARNING     Location: arch attribute "latency"
2026-06-28 19:19:20 WARNING     Problem encountered: SyntaxError: invalid decimal literal (<string>, line 1)
2026-06-28 19:19:20 WARNING     Available bindings: 
2026-06-28 19:19:20 WARNING     	memory_depth = 1
2026-06-28 19:19:20 WARNING     	memory_width = 32
2026-06-28 19:19:20 WARNING     	word-bits = 16
2026-06-28 19:19:20 WARNING     	cluster-size = 1
2026-06-28 19:19:20 WARNING     	num-ports = 2
2026-06-28 19:19:20 WARNING     	meshX = 16
2026-06-28 19:19:20 WARNING     	datawidth = 16
2026-06-28 19:19:20 WARNING     	technology = 45nm
2026-06-28 19:19:20 WARNING     Failed to evaluate: 0.5ns
2026-06-28 19:19:20 WARNING     Location: arch attribute "latency"
2026-06-28 19:19:20 WARNING     Problem encountered: SyntaxError: invalid decimal literal (<string>, line 1)
2026-06-28 19:19:20 WARNING     Please ensure that the expression used is a valid Python expression.
2026-06-28 19:19:20 WARNING     The following may have been used in the expression:
2026-06-28 19:19:20 WARNING     	ns = UNDEFINED
2026-06-28 19:19:20 WARNING     Strings are allowed here. If you meant to enter a string, please wrap the
2026-06-28 19:19:20 WARNING     expression in single or double quotes:
2026-06-28 19:19:20 WARNING         Found expression: 0.5ns
2026-06-28 19:19:20 WARNING         Expression as valid string: "0.5ns"
2026-06-28 19:19:20 WARNING     Expression will be treated as a string. This will be deprecated in version
2026-06-28 19:19:20 WARNING     0.4. Please wrap quotes around the expression to specify a string.
2026-06-28 19:19:20 WARNING     Evaluation of "0.5ns" failed.
2026-06-28 19:19:20 WARNING     Failed to evaluate: 0.5ns
2026-06-28 19:19:20 WARNING     Location: arch attribute "latency"
2026-06-28 19:19:20 WARNING     Problem encountered: SyntaxError: invalid decimal literal (<string>, line 1)
2026-06-28 19:19:20 WARNING     Available bindings: 
2026-06-28 19:19:20 WARNING     Failed to evaluate: 0.5ns
2026-06-28 19:19:20 WARNING     Location: arch attribute "latency"
2026-06-28 19:19:20 WARNING     Problem encountered: SyntaxError: invalid decimal literal (<string>, line 1)
2026-06-28 19:19:20 WARNING     Please ensure that the expression used is a valid Python expression.
2026-06-28 19:19:20 WARNING     The following may have been used in the expression:
2026-06-28 19:19:20 WARNING     	ns = UNDEFINED
2026-06-28 19:19:20 WARNING     Strings are allowed here. If you meant to enter a string, please wrap the
2026-06-28 19:19:20 WARNING     expression in single or double quotes:
2026-06-28 19:19:20 WARNING         Found expression: 0.5ns
2026-06-28 19:19:20 WARNING         Expression as valid string: "0.5ns"
2026-06-28 19:19:20 WARNING     Expression will be treated as a string. This will be deprecated in version
2026-06-28 19:19:20 WARNING     0.4. Please wrap quotes around the expression to specify a string.
2026-06-28 19:19:20 WARNING     Evaluation of "45nm" failed.
2026-06-28 19:19:20 WARNING     Failed to evaluate: 45nm
2026-06-28 19:19:20 WARNING     Location: arch attribute "technology"
2026-06-28 19:19:20 WARNING     Problem encountered: SyntaxError: invalid decimal literal (<string>, line 1)
2026-06-28 19:19:20 WARNING     Available bindings: 
2026-06-28 19:19:20 WARNING     	latency = 0.5ns
2026-06-28 19:19:20 WARNING     	datawidth = 16
2026-06-28 19:19:20 WARNING     	meshX = 16
2026-06-28 19:19:20 WARNING     	word-bits = 16
2026-06-28 19:19:20 WARNING     Failed to evaluate: 45nm
2026-06-28 19:19:20 WARNING     Location: arch attribute "technology"
2026-06-28 19:19:20 WARNING     Problem encountered: SyntaxError: invalid decimal literal (<string>, line 1)
2026-06-28 19:19:20 WARNING     Please ensure that the expression used is a valid Python expression.
2026-06-28 19:19:20 WARNING     The following may have been used in the expression:
2026-06-28 19:19:20 WARNING     	nm = UNDEFINED
2026-06-28 19:19:20 WARNING     Strings are allowed here. If you meant to enter a string, please wrap the
2026-06-28 19:19:20 WARNING     expression in single or double quotes:
2026-06-28 19:19:20 WARNING         Found expression: 45nm
2026-06-28 19:19:20 WARNING         Expression as valid string: "45nm"
2026-06-28 19:19:20 WARNING     Expression will be treated as a string. This will be deprecated in version
2026-06-28 19:19:20 WARNING     0.4. Please wrap quotes around the expression to specify a string.
2026-06-28 19:19:20 WARNING     Evaluation of "45nm" failed.
2026-06-28 19:19:20 WARNING     Failed to evaluate: 45nm
2026-06-28 19:19:20 WARNING     Location: arch attribute "technology"
2026-06-28 19:19:20 WARNING     Problem encountered: SyntaxError: invalid decimal literal (<string>, line 1)
2026-06-28 19:19:20 WARNING     Available bindings: 
2026-06-28 19:19:20 WARNING     	memory_depth = 2048
2026-06-28 19:19:20 WARNING     	memory_width = 512
2026-06-28 19:19:20 WARNING     	word-bits = 16
2026-06-28 19:19:20 WARNING     	cluster-size = 1
2026-06-28 19:19:20 WARNING     	nports = 2
2026-06-28 19:19:20 WARNING     	meshX = 1
2026-06-28 19:19:20 WARNING     	datawidth = 16
2026-06-28 19:19:20 WARNING     Failed to evaluate: 45nm
2026-06-28 19:19:20 WARNING     Location: arch attribute "technology"
2026-06-28 19:19:20 WARNING     Problem encountered: SyntaxError: invalid decimal literal (<string>, line 1)
2026-06-28 19:19:20 WARNING     Please ensure that the expression used is a valid Python expression.
2026-06-28 19:19:20 WARNING     The following may have been used in the expression:
2026-06-28 19:19:20 WARNING     	nm = UNDEFINED
2026-06-28 19:19:20 WARNING     Strings are allowed here. If you meant to enter a string, please wrap the
2026-06-28 19:19:20 WARNING     expression in single or double quotes:
2026-06-28 19:19:20 WARNING         Found expression: 45nm
2026-06-28 19:19:20 WARNING         Expression as valid string: "45nm"
2026-06-28 19:19:20 WARNING     Expression will be treated as a string. This will be deprecated in version
2026-06-28 19:19:20 WARNING     0.4. Please wrap quotes around the expression to specify a string.
2026-06-28 19:19:20 WARNING     Evaluation of "0.5ns" failed.
2026-06-28 19:19:20 WARNING     Failed to evaluate: 0.5ns
2026-06-28 19:19:20 WARNING     Location: arch attribute "latency"
2026-06-28 19:19:20 WARNING     Problem encountered: SyntaxError: invalid decimal literal (<string>, line 1)
2026-06-28 19:19:20 WARNING     Available bindings: 
2026-06-28 19:19:20 WARNING     	memory_depth = 2048
2026-06-28 19:19:20 WARNING     	memory_width = 512
2026-06-28 19:19:20 WARNING     	word-bits = 16
2026-06-28 19:19:20 WARNING     	cluster-size = 1
2026-06-28 19:19:20 WARNING     	nports = 2
2026-06-28 19:19:20 WARNING     	meshX = 1
2026-06-28 19:19:20 WARNING     	datawidth = 16
2026-06-28 19:19:20 WARNING     	technology = 45nm
2026-06-28 19:19:20 WARNING     Failed to evaluate: 0.5ns
2026-06-28 19:19:20 WARNING     Location: arch attribute "latency"
2026-06-28 19:19:20 WARNING     Problem encountered: SyntaxError: invalid decimal literal (<string>, line 1)
2026-06-28 19:19:20 WARNING     Please ensure that the expression used is a valid Python expression.
2026-06-28 19:19:20 WARNING     The following may have been used in the expression:
2026-06-28 19:19:20 WARNING     	ns = UNDEFINED
2026-06-28 19:19:20 WARNING     Strings are allowed here. If you meant to enter a string, please wrap the
2026-06-28 19:19:20 WARNING     expression in single or double quotes:
2026-06-28 19:19:20 WARNING         Found expression: 0.5ns
2026-06-28 19:19:20 WARNING         Expression as valid string: "0.5ns"
2026-06-28 19:19:20 WARNING     Expression will be treated as a string. This will be deprecated in version
2026-06-28 19:19:20 WARNING     0.4. Please wrap quotes around the expression to specify a string.
2026-06-28 19:19:20 WARNING     Evaluation of "DDR4" failed.
2026-06-28 19:19:20 WARNING     Failed to evaluate: DDR4
2026-06-28 19:19:20 WARNING     Location: arch attribute "type"
2026-06-28 19:19:20 WARNING     Problem encountered: NameError: Name 'DDR4' is not defined.
2026-06-28 19:19:20 WARNING     Available bindings: 
2026-06-28 19:19:20 WARNING     Failed to evaluate: DDR4
2026-06-28 19:19:20 WARNING     Location: arch attribute "type"
2026-06-28 19:19:20 WARNING     Problem encountered: NameError: Name 'DDR4' is not defined.
2026-06-28 19:19:20 WARNING     Please ensure that the expression used is a valid Python expression.
2026-06-28 19:19:20 WARNING     The following may have been used in the expression:
2026-06-28 19:19:20 WARNING     	DDR4 = UNDEFINED
2026-06-28 19:19:20 WARNING     Strings are allowed here. If you meant to enter a string, please wrap the
2026-06-28 19:19:20 WARNING     expression in single or double quotes:
2026-06-28 19:19:20 WARNING         Found expression: DDR4
2026-06-28 19:19:20 WARNING         Expression as valid string: "DDR4"
2026-06-28 19:19:20 WARNING     Expression will be treated as a string. This will be deprecated in version
2026-06-28 19:19:20 WARNING     0.4. Please wrap quotes around the expression to specify a string.
2026-06-28 19:19:20 WARNING     Evaluation of "45nm" failed.
2026-06-28 19:19:20 WARNING     Failed to evaluate: 45nm
2026-06-28 19:19:20 WARNING     Location: arch attribute "technology"
2026-06-28 19:19:20 WARNING     Problem encountered: SyntaxError: invalid decimal literal (<string>, line 1)
2026-06-28 19:19:20 WARNING     Available bindings: 
2026-06-28 19:19:20 WARNING     	type = DDR4
2026-06-28 19:19:20 WARNING     	width = 16
2026-06-28 19:19:20 WARNING     	block-size = 1
2026-06-28 19:19:20 WARNING     	word-bits = 16
2026-06-28 19:19:20 WARNING     	shared_bandwidth = 6
2026-06-28 19:19:20 WARNING     	datawidth = 16
2026-06-28 19:19:20 WARNING     Failed to evaluate: 45nm
2026-06-28 19:19:20 WARNING     Location: arch attribute "technology"
2026-06-28 19:19:20 WARNING     Problem encountered: SyntaxError: invalid decimal literal (<string>, line 1)
2026-06-28 19:19:20 WARNING     Please ensure that the expression used is a valid Python expression.
2026-06-28 19:19:20 WARNING     The following may have been used in the expression:
2026-06-28 19:19:20 WARNING     	nm = UNDEFINED
2026-06-28 19:19:20 WARNING     Strings are allowed here. If you meant to enter a string, please wrap the
2026-06-28 19:19:20 WARNING     expression in single or double quotes:
2026-06-28 19:19:20 WARNING         Found expression: 45nm
2026-06-28 19:19:20 WARNING         Expression as valid string: "45nm"
2026-06-28 19:19:20 WARNING     Expression will be treated as a string. This will be deprecated in version
2026-06-28 19:19:20 WARNING     0.4. Please wrap quotes around the expression to specify a string.
2026-06-28 19:19:20 WARNING     Evaluation of "0.5ns" failed.
2026-06-28 19:19:20 WARNING     Failed to evaluate: 0.5ns
2026-06-28 19:19:20 WARNING     Location: arch attribute "latency"
2026-06-28 19:19:20 WARNING     Problem encountered: SyntaxError: invalid decimal literal (<string>, line 1)
2026-06-28 19:19:20 WARNING     Available bindings: 
2026-06-28 19:19:20 WARNING     	type = DDR4
2026-06-28 19:19:20 WARNING     	width = 16
2026-06-28 19:19:20 WARNING     	block-size = 1
2026-06-28 19:19:20 WARNING     	word-bits = 16
2026-06-28 19:19:20 WARNING     	shared_bandwidth = 6
2026-06-28 19:19:20 WARNING     	datawidth = 16
2026-06-28 19:19:20 WARNING     	technology = 45nm
2026-06-28 19:19:20 WARNING     Failed to evaluate: 0.5ns
2026-06-28 19:19:20 WARNING     Location: arch attribute "latency"
2026-06-28 19:19:20 WARNING     Problem encountered: SyntaxError: invalid decimal literal (<string>, line 1)
2026-06-28 19:19:20 WARNING     Please ensure that the expression used is a valid Python expression.
2026-06-28 19:19:20 WARNING     The following may have been used in the expression:
2026-06-28 19:19:20 WARNING     	ns = UNDEFINED
2026-06-28 19:19:20 WARNING     Strings are allowed here. If you meant to enter a string, please wrap the
2026-06-28 19:19:20 WARNING     expression in single or double quotes:
2026-06-28 19:19:20 WARNING         Found expression: 0.5ns
2026-06-28 19:19:20 WARNING         Expression as valid string: "0.5ns"
2026-06-28 19:19:20 WARNING     Expression will be treated as a string. This will be deprecated in version
2026-06-28 19:19:20 WARNING     0.4. Please wrap quotes around the expression to specify a string.
2026-06-28 19:19:20 INFO        Calculated arch attribute "global_cycle_seconds" as "0.5e-9" = 5e-10.
2026-06-28 19:19:20 INFO        Parsing file /deeper/PolyFuseV2/data/components/smartbuffer_RF.yaml for compound_components info
2026-06-28 19:19:20 WARNING     File /deeper/PolyFuseV2/data/components/smartbuffer_RF.yaml is outdated. File version is 0.3, while the latest version is 0.4. 
2026-06-28 19:19:20 WARNING      Please update the file to the latest version.
2026-06-28 19:19:20 INFO        Parsing file /deeper/PolyFuseV2/data/components/smartbuffer_SRAM.yaml for compound_components info
2026-06-28 19:19:20 WARNING     File /deeper/PolyFuseV2/data/components/smartbuffer_SRAM.yaml is outdated. File version is 0.3, while the latest version is 0.4. 
2026-06-28 19:19:20 WARNING      Please update the file to the latest version.
2026-06-28 19:19:20 INFO        Parsing file /deeper/PolyFuseV2/data/components/reg_storage.yaml for compound_components info
2026-06-28 19:19:20 WARNING     File /deeper/PolyFuseV2/data/components/reg_storage.yaml is outdated. File version is 0.3, while the latest version is 0.4. 
2026-06-28 19:19:20 WARNING      Please update the file to the latest version.
2026-06-28 19:19:20 INFO        Parsing file /deeper/PolyFuseV2/data/components/lmac.yaml for compound_components info
2026-06-28 19:19:20 WARNING     File /deeper/PolyFuseV2/data/components/lmac.yaml is outdated. File version is 0.3, while the latest version is 0.4. 
2026-06-28 19:19:20 WARNING      Please update the file to the latest version.
2026-06-28 19:19:20 WARNING     Evaluation of "45nm" failed.
2026-06-28 19:19:20 WARNING     Failed to evaluate: 45nm
2026-06-28 19:19:20 WARNING     Location: Architecture class smartbuffer_SRAM attributes"technology"
2026-06-28 19:19:20 WARNING     Problem encountered: SyntaxError: invalid decimal literal (<string>, line 1)
2026-06-28 19:19:20 WARNING     Available bindings: 
2026-06-28 19:19:20 WARNING     	memory_depth = 1024
2026-06-28 19:19:20 WARNING     	memory_width = 128
2026-06-28 19:19:20 WARNING     	word-bits = 16
2026-06-28 19:19:20 WARNING     	cluster-size = 1
2026-06-28 19:19:20 WARNING     	meshX = 16
2026-06-28 19:19:20 WARNING     	datawidth = 16
2026-06-28 19:19:20 WARNING     Failed to evaluate: 45nm
2026-06-28 19:19:20 WARNING     Location: Architecture class smartbuffer_SRAM attributes"technology"
2026-06-28 19:19:20 WARNING     Problem encountered: SyntaxError: invalid decimal literal (<string>, line 1)
2026-06-28 19:19:20 WARNING     Please ensure that the expression used is a valid Python expression.
2026-06-28 19:19:20 WARNING     The following may have been used in the expression:
2026-06-28 19:19:20 WARNING     	nm = UNDEFINED
2026-06-28 19:19:20 WARNING     Strings are allowed here. If you meant to enter a string, please wrap the
2026-06-28 19:19:20 WARNING     expression in single or double quotes:
2026-06-28 19:19:20 WARNING         Found expression: 45nm
2026-06-28 19:19:20 WARNING         Expression as valid string: "45nm"
2026-06-28 19:19:20 WARNING     Expression will be treated as a string. This will be deprecated in version
2026-06-28 19:19:20 WARNING     0.4. Please wrap quotes around the expression to specify a string.
2026-06-28 19:19:20 WARNING     Evaluation of "0.5ns" failed.
2026-06-28 19:19:20 WARNING     Failed to evaluate: 0.5ns
2026-06-28 19:19:20 WARNING     Location: Architecture class smartbuffer_SRAM attributes"latency"
2026-06-28 19:19:20 WARNING     Problem encountered: SyntaxError: invalid decimal literal (<string>, line 1)
2026-06-28 19:19:20 WARNING     Available bindings: 
2026-06-28 19:19:20 WARNING     	memory_depth = 1024
2026-06-28 19:19:20 WARNING     	memory_width = 128
2026-06-28 19:19:20 WARNING     	word-bits = 16
2026-06-28 19:19:20 WARNING     	cluster-size = 1
2026-06-28 19:19:20 WARNING     	meshX = 16
2026-06-28 19:19:20 WARNING     	datawidth = 16
2026-06-28 19:19:20 WARNING     	technology = 45nm
2026-06-28 19:19:20 WARNING     Failed to evaluate: 0.5ns
2026-06-28 19:19:20 WARNING     Location: Architecture class smartbuffer_SRAM attributes"latency"
2026-06-28 19:19:20 WARNING     Problem encountered: SyntaxError: invalid decimal literal (<string>, line 1)
2026-06-28 19:19:20 WARNING     Please ensure that the expression used is a valid Python expression.
2026-06-28 19:19:20 WARNING     The following may have been used in the expression:
2026-06-28 19:19:20 WARNING     	ns = UNDEFINED
2026-06-28 19:19:20 WARNING     Strings are allowed here. If you meant to enter a string, please wrap the
2026-06-28 19:19:20 WARNING     expression in single or double quotes:
2026-06-28 19:19:20 WARNING         Found expression: 0.5ns
2026-06-28 19:19:20 WARNING         Expression as valid string: "0.5ns"
2026-06-28 19:19:20 WARNING     Expression will be treated as a string. This will be deprecated in version
2026-06-28 19:19:20 WARNING     0.4. Please wrap quotes around the expression to specify a string.
2026-06-28 19:19:20 WARNING     Evaluation of "45nm" failed.
2026-06-28 19:19:20 WARNING     Failed to evaluate: 45nm
2026-06-28 19:19:20 WARNING     Location: Architecture class smartbuffer_SRAM attributes"technology"
2026-06-28 19:19:20 WARNING     Problem encountered: SyntaxError: invalid decimal literal (<string>, line 1)
2026-06-28 19:19:20 WARNING     Available bindings: 
2026-06-28 19:19:20 WARNING     	memory_depth = 512
2026-06-28 19:19:20 WARNING     	memory_width = 128
2026-06-28 19:19:20 WARNING     	word-bits = 16
2026-06-28 19:19:20 WARNING     	meshX = 16
2026-06-28 19:19:20 WARNING     	cluster-size = 1
2026-06-28 19:19:20 WARNING     	n_banks = 1
2026-06-28 19:19:20 WARNING     	datawidth = 16
2026-06-28 19:19:20 WARNING     Failed to evaluate: 45nm
2026-06-28 19:19:20 WARNING     Location: Architecture class smartbuffer_SRAM attributes"technology"
2026-06-28 19:19:20 WARNING     Problem encountered: SyntaxError: invalid decimal literal (<string>, line 1)
2026-06-28 19:19:20 WARNING     Please ensure that the expression used is a valid Python expression.
2026-06-28 19:19:20 WARNING     The following may have been used in the expression:
2026-06-28 19:19:20 WARNING     	nm = UNDEFINED
2026-06-28 19:19:20 WARNING     Strings are allowed here. If you meant to enter a string, please wrap the
2026-06-28 19:19:20 WARNING     expression in single or double quotes:
2026-06-28 19:19:20 WARNING         Found expression: 45nm
2026-06-28 19:19:20 WARNING         Expression as valid string: "45nm"
2026-06-28 19:19:20 WARNING     Expression will be treated as a string. This will be deprecated in version
2026-06-28 19:19:20 WARNING     0.4. Please wrap quotes around the expression to specify a string.
2026-06-28 19:19:20 WARNING     Evaluation of "0.5ns" failed.
2026-06-28 19:19:20 WARNING     Failed to evaluate: 0.5ns
2026-06-28 19:19:20 WARNING     Location: Architecture class smartbuffer_SRAM attributes"latency"
2026-06-28 19:19:20 WARNING     Problem encountered: SyntaxError: invalid decimal literal (<string>, line 1)
2026-06-28 19:19:20 WARNING     Available bindings: 
2026-06-28 19:19:20 WARNING     	memory_depth = 512
2026-06-28 19:19:20 WARNING     	memory_width = 128
2026-06-28 19:19:20 WARNING     	word-bits = 16
2026-06-28 19:19:20 WARNING     	meshX = 16
2026-06-28 19:19:20 WARNING     	cluster-size = 1
2026-06-28 19:19:20 WARNING     	n_banks = 1
2026-06-28 19:19:20 WARNING     	datawidth = 16
2026-06-28 19:19:20 WARNING     	technology = 45nm
2026-06-28 19:19:20 WARNING     Failed to evaluate: 0.5ns
2026-06-28 19:19:20 WARNING     Location: Architecture class smartbuffer_SRAM attributes"latency"
2026-06-28 19:19:20 WARNING     Problem encountered: SyntaxError: invalid decimal literal (<string>, line 1)
2026-06-28 19:19:20 WARNING     Please ensure that the expression used is a valid Python expression.
2026-06-28 19:19:20 WARNING     The following may have been used in the expression:
2026-06-28 19:19:20 WARNING     	ns = UNDEFINED
2026-06-28 19:19:20 WARNING     Strings are allowed here. If you meant to enter a string, please wrap the
2026-06-28 19:19:20 WARNING     expression in single or double quotes:
2026-06-28 19:19:20 WARNING         Found expression: 0.5ns
2026-06-28 19:19:20 WARNING         Expression as valid string: "0.5ns"
2026-06-28 19:19:20 WARNING     Expression will be treated as a string. This will be deprecated in version
2026-06-28 19:19:20 WARNING     0.4. Please wrap quotes around the expression to specify a string.
2026-06-28 19:19:20 WARNING     Evaluation of "45nm" failed.
2026-06-28 19:19:20 WARNING     Failed to evaluate: 45nm
2026-06-28 19:19:20 WARNING     Location: Architecture class smartbuffer_SRAM attributes"technology"
2026-06-28 19:19:20 WARNING     Problem encountered: SyntaxError: invalid decimal literal (<string>, line 1)
2026-06-28 19:19:20 WARNING     Available bindings: 
2026-06-28 19:19:20 WARNING     	memory_depth = 64
2026-06-28 19:19:20 WARNING     	memory_width = 64
2026-06-28 19:19:20 WARNING     	cluster-size = 1
2026-06-28 19:19:20 WARNING     	word-bits = 32
2026-06-28 19:19:20 WARNING     	meshX = 16
2026-06-28 19:19:20 WARNING     	datawidth = 16
2026-06-28 19:19:20 WARNING     Failed to evaluate: 45nm
2026-06-28 19:19:20 WARNING     Location: Architecture class smartbuffer_SRAM attributes"technology"
2026-06-28 19:19:20 WARNING     Problem encountered: SyntaxError: invalid decimal literal (<string>, line 1)
2026-06-28 19:19:20 WARNING     Please ensure that the expression used is a valid Python expression.
2026-06-28 19:19:20 WARNING     The following may have been used in the expression:
2026-06-28 19:19:20 WARNING     	nm = UNDEFINED
2026-06-28 19:19:20 WARNING     Strings are allowed here. If you meant to enter a string, please wrap the
2026-06-28 19:19:20 WARNING     expression in single or double quotes:
2026-06-28 19:19:20 WARNING         Found expression: 45nm
2026-06-28 19:19:20 WARNING         Expression as valid string: "45nm"
2026-06-28 19:19:20 WARNING     Expression will be treated as a string. This will be deprecated in version
2026-06-28 19:19:20 WARNING     0.4. Please wrap quotes around the expression to specify a string.
2026-06-28 19:19:20 WARNING     Evaluation of "0.5ns" failed.
2026-06-28 19:19:20 WARNING     Failed to evaluate: 0.5ns
2026-06-28 19:19:20 WARNING     Location: Architecture class smartbuffer_SRAM attributes"latency"
2026-06-28 19:19:20 WARNING     Problem encountered: SyntaxError: invalid decimal literal (<string>, line 1)
2026-06-28 19:19:20 WARNING     Available bindings: 
2026-06-28 19:19:20 WARNING     	memory_depth = 64
2026-06-28 19:19:20 WARNING     	memory_width = 64
2026-06-28 19:19:20 WARNING     	cluster-size = 1
2026-06-28 19:19:20 WARNING     	word-bits = 32
2026-06-28 19:19:20 WARNING     	meshX = 16
2026-06-28 19:19:20 WARNING     	datawidth = 16
2026-06-28 19:19:20 WARNING     	technology = 45nm
2026-06-28 19:19:20 WARNING     Failed to evaluate: 0.5ns
2026-06-28 19:19:20 WARNING     Location: Architecture class smartbuffer_SRAM attributes"latency"
2026-06-28 19:19:20 WARNING     Problem encountered: SyntaxError: invalid decimal literal (<string>, line 1)
2026-06-28 19:19:20 WARNING     Please ensure that the expression used is a valid Python expression.
2026-06-28 19:19:20 WARNING     The following may have been used in the expression:
2026-06-28 19:19:20 WARNING     	ns = UNDEFINED
2026-06-28 19:19:20 WARNING     Strings are allowed here. If you meant to enter a string, please wrap the
2026-06-28 19:19:20 WARNING     expression in single or double quotes:
2026-06-28 19:19:20 WARNING         Found expression: 0.5ns
2026-06-28 19:19:20 WARNING         Expression as valid string: "0.5ns"
2026-06-28 19:19:20 WARNING     Expression will be treated as a string. This will be deprecated in version
2026-06-28 19:19:20 WARNING     0.4. Please wrap quotes around the expression to specify a string.
2026-06-28 19:19:20 WARNING     Evaluation of "45nm" failed.
2026-06-28 19:19:20 WARNING     Failed to evaluate: 45nm
2026-06-28 19:19:20 WARNING     Location: Architecture class smartbuffer_SRAM attributes"technology"
2026-06-28 19:19:20 WARNING     Problem encountered: SyntaxError: invalid decimal literal (<string>, line 1)
2026-06-28 19:19:20 WARNING     Available bindings: 
2026-06-28 19:19:20 WARNING     	memory_depth = 1
2026-06-28 19:19:20 WARNING     	memory_width = 32
2026-06-28 19:19:20 WARNING     	word-bits = 16
2026-06-28 19:19:20 WARNING     	cluster-size = 1
2026-06-28 19:19:20 WARNING     	num-ports = 2
2026-06-28 19:19:20 WARNING     	meshX = 16
2026-06-28 19:19:20 WARNING     	datawidth = 16
2026-06-28 19:19:20 WARNING     Failed to evaluate: 45nm
2026-06-28 19:19:20 WARNING     Location: Architecture class smartbuffer_SRAM attributes"technology"
2026-06-28 19:19:20 WARNING     Problem encountered: SyntaxError: invalid decimal literal (<string>, line 1)
2026-06-28 19:19:20 WARNING     Please ensure that the expression used is a valid Python expression.
2026-06-28 19:19:20 WARNING     The following may have been used in the expression:
2026-06-28 19:19:20 WARNING     	nm = UNDEFINED
2026-06-28 19:19:20 WARNING     Strings are allowed here. If you meant to enter a string, please wrap the
2026-06-28 19:19:20 WARNING     expression in single or double quotes:
2026-06-28 19:19:20 WARNING         Found expression: 45nm
2026-06-28 19:19:20 WARNING         Expression as valid string: "45nm"
2026-06-28 19:19:20 WARNING     Expression will be treated as a string. This will be deprecated in version
2026-06-28 19:19:20 WARNING     0.4. Please wrap quotes around the expression to specify a string.
2026-06-28 19:19:20 WARNING     Evaluation of "0.5ns" failed.
2026-06-28 19:19:20 WARNING     Failed to evaluate: 0.5ns
2026-06-28 19:19:20 WARNING     Location: Architecture class smartbuffer_SRAM attributes"latency"
2026-06-28 19:19:20 WARNING     Problem encountered: SyntaxError: invalid decimal literal (<string>, line 1)
2026-06-28 19:19:20 WARNING     Available bindings: 
2026-06-28 19:19:20 WARNING     	memory_depth = 1
2026-06-28 19:19:20 WARNING     	memory_width = 32
2026-06-28 19:19:20 WARNING     	word-bits = 16
2026-06-28 19:19:20 WARNING     	cluster-size = 1
2026-06-28 19:19:20 WARNING     	num-ports = 2
2026-06-28 19:19:20 WARNING     	meshX = 16
2026-06-28 19:19:20 WARNING     	datawidth = 16
2026-06-28 19:19:20 WARNING     	technology = 45nm
2026-06-28 19:19:20 WARNING     Failed to evaluate: 0.5ns
2026-06-28 19:19:20 WARNING     Location: Architecture class smartbuffer_SRAM attributes"latency"
2026-06-28 19:19:20 WARNING     Problem encountered: SyntaxError: invalid decimal literal (<string>, line 1)
2026-06-28 19:19:20 WARNING     Please ensure that the expression used is a valid Python expression.
2026-06-28 19:19:20 WARNING     The following may have been used in the expression:
2026-06-28 19:19:20 WARNING     	ns = UNDEFINED
2026-06-28 19:19:20 WARNING     Strings are allowed here. If you meant to enter a string, please wrap the
2026-06-28 19:19:20 WARNING     expression in single or double quotes:
2026-06-28 19:19:20 WARNING         Found expression: 0.5ns
2026-06-28 19:19:20 WARNING         Expression as valid string: "0.5ns"
2026-06-28 19:19:20 WARNING     Expression will be treated as a string. This will be deprecated in version
2026-06-28 19:19:20 WARNING     0.4. Please wrap quotes around the expression to specify a string.
2026-06-28 19:19:20 WARNING     Evaluation of "0.5ns" failed.
2026-06-28 19:19:20 WARNING     Failed to evaluate: 0.5ns
2026-06-28 19:19:20 WARNING     Location: Architecture class lmac attributes"latency"
2026-06-28 19:19:20 WARNING     Problem encountered: SyntaxError: invalid decimal literal (<string>, line 1)
2026-06-28 19:19:20 WARNING     Available bindings: 
2026-06-28 19:19:20 WARNING     Failed to evaluate: 0.5ns
2026-06-28 19:19:20 WARNING     Location: Architecture class lmac attributes"latency"
2026-06-28 19:19:20 WARNING     Problem encountered: SyntaxError: invalid decimal literal (<string>, line 1)
2026-06-28 19:19:20 WARNING     Please ensure that the expression used is a valid Python expression.
2026-06-28 19:19:20 WARNING     The following may have been used in the expression:
2026-06-28 19:19:20 WARNING     	ns = UNDEFINED
2026-06-28 19:19:20 WARNING     Strings are allowed here. If you meant to enter a string, please wrap the
2026-06-28 19:19:20 WARNING     expression in single or double quotes:
2026-06-28 19:19:20 WARNING         Found expression: 0.5ns
2026-06-28 19:19:20 WARNING         Expression as valid string: "0.5ns"
2026-06-28 19:19:20 WARNING     Expression will be treated as a string. This will be deprecated in version
2026-06-28 19:19:20 WARNING     0.4. Please wrap quotes around the expression to specify a string.
2026-06-28 19:19:20 WARNING     Evaluation of "45nm" failed.
2026-06-28 19:19:20 WARNING     Failed to evaluate: 45nm
2026-06-28 19:19:20 WARNING     Location: Architecture class lmac attributes"technology"
2026-06-28 19:19:20 WARNING     Problem encountered: SyntaxError: invalid decimal literal (<string>, line 1)
2026-06-28 19:19:20 WARNING     Available bindings: 
2026-06-28 19:19:20 WARNING     	latency = 0.5ns
2026-06-28 19:19:20 WARNING     	datawidth = 16
2026-06-28 19:19:20 WARNING     	meshX = 16
2026-06-28 19:19:20 WARNING     	word-bits = 16
2026-06-28 19:19:20 WARNING     Failed to evaluate: 45nm
2026-06-28 19:19:20 WARNING     Location: Architecture class lmac attributes"technology"
2026-06-28 19:19:20 WARNING     Problem encountered: SyntaxError: invalid decimal literal (<string>, line 1)
2026-06-28 19:19:20 WARNING     Please ensure that the expression used is a valid Python expression.
2026-06-28 19:19:20 WARNING     The following may have been used in the expression:
2026-06-28 19:19:20 WARNING     	nm = UNDEFINED
2026-06-28 19:19:20 WARNING     Strings are allowed here. If you meant to enter a string, please wrap the
2026-06-28 19:19:20 WARNING     expression in single or double quotes:
2026-06-28 19:19:20 WARNING         Found expression: 45nm
2026-06-28 19:19:20 WARNING         Expression as valid string: "45nm"
2026-06-28 19:19:20 WARNING     Expression will be treated as a string. This will be deprecated in version
2026-06-28 19:19:20 WARNING     0.4. Please wrap quotes around the expression to specify a string.
2026-06-28 19:19:20 WARNING     Evaluation of "45nm" failed.
2026-06-28 19:19:20 WARNING     Failed to evaluate: 45nm
2026-06-28 19:19:20 WARNING     Location: Architecture class smartbuffer_SRAM attributes"technology"
2026-06-28 19:19:20 WARNING     Problem encountered: SyntaxError: invalid decimal literal (<string>, line 1)
2026-06-28 19:19:20 WARNING     Available bindings: 
2026-06-28 19:19:20 WARNING     	memory_depth = 2048
2026-06-28 19:19:20 WARNING     	memory_width = 512
2026-06-28 19:19:20 WARNING     	word-bits = 16
2026-06-28 19:19:20 WARNING     	cluster-size = 1
2026-06-28 19:19:20 WARNING     	nports = 2
2026-06-28 19:19:20 WARNING     	meshX = 1
2026-06-28 19:19:20 WARNING     	datawidth = 16
2026-06-28 19:19:20 WARNING     Failed to evaluate: 45nm
2026-06-28 19:19:20 WARNING     Location: Architecture class smartbuffer_SRAM attributes"technology"
2026-06-28 19:19:20 WARNING     Problem encountered: SyntaxError: invalid decimal literal (<string>, line 1)
2026-06-28 19:19:20 WARNING     Please ensure that the expression used is a valid Python expression.
2026-06-28 19:19:20 WARNING     The following may have been used in the expression:
2026-06-28 19:19:20 WARNING     	nm = UNDEFINED
2026-06-28 19:19:20 WARNING     Strings are allowed here. If you meant to enter a string, please wrap the
2026-06-28 19:19:20 WARNING     expression in single or double quotes:
2026-06-28 19:19:20 WARNING         Found expression: 45nm
2026-06-28 19:19:20 WARNING         Expression as valid string: "45nm"
2026-06-28 19:19:20 WARNING     Expression will be treated as a string. This will be deprecated in version
2026-06-28 19:19:20 WARNING     0.4. Please wrap quotes around the expression to specify a string.
2026-06-28 19:19:20 WARNING     Evaluation of "0.5ns" failed.
2026-06-28 19:19:20 WARNING     Failed to evaluate: 0.5ns
2026-06-28 19:19:20 WARNING     Location: Architecture class smartbuffer_SRAM attributes"latency"
2026-06-28 19:19:20 WARNING     Problem encountered: SyntaxError: invalid decimal literal (<string>, line 1)
2026-06-28 19:19:20 WARNING     Available bindings: 
2026-06-28 19:19:20 WARNING     	memory_depth = 2048
2026-06-28 19:19:20 WARNING     	memory_width = 512
2026-06-28 19:19:20 WARNING     	word-bits = 16
2026-06-28 19:19:20 WARNING     	cluster-size = 1
2026-06-28 19:19:20 WARNING     	nports = 2
2026-06-28 19:19:20 WARNING     	meshX = 1
2026-06-28 19:19:20 WARNING     	datawidth = 16
2026-06-28 19:19:20 WARNING     	technology = 45nm
2026-06-28 19:19:20 WARNING     Failed to evaluate: 0.5ns
2026-06-28 19:19:20 WARNING     Location: Architecture class smartbuffer_SRAM attributes"latency"
2026-06-28 19:19:20 WARNING     Problem encountered: SyntaxError: invalid decimal literal (<string>, line 1)
2026-06-28 19:19:20 WARNING     Please ensure that the expression used is a valid Python expression.
2026-06-28 19:19:20 WARNING     The following may have been used in the expression:
2026-06-28 19:19:20 WARNING     	ns = UNDEFINED
2026-06-28 19:19:20 WARNING     Strings are allowed here. If you meant to enter a string, please wrap the
2026-06-28 19:19:20 WARNING     expression in single or double quotes:
2026-06-28 19:19:20 WARNING         Found expression: 0.5ns
2026-06-28 19:19:20 WARNING         Expression as valid string: "0.5ns"
2026-06-28 19:19:20 WARNING     Expression will be treated as a string. This will be deprecated in version
2026-06-28 19:19:20 WARNING     0.4. Please wrap quotes around the expression to specify a string.
2026-06-28 19:19:20 WARNING     Evaluation of "DDR4" failed.
2026-06-28 19:19:20 WARNING     Failed to evaluate: DDR4
2026-06-28 19:19:20 WARNING     Location: Architecture class DRAM attributes"type"
2026-06-28 19:19:20 WARNING     Problem encountered: NameError: Name 'DDR4' is not defined.
2026-06-28 19:19:20 WARNING     Available bindings: 
2026-06-28 19:19:20 WARNING     Failed to evaluate: DDR4
2026-06-28 19:19:20 WARNING     Location: Architecture class DRAM attributes"type"
2026-06-28 19:19:20 WARNING     Problem encountered: NameError: Name 'DDR4' is not defined.
2026-06-28 19:19:20 WARNING     Please ensure that the expression used is a valid Python expression.
2026-06-28 19:19:20 WARNING     The following may have been used in the expression:
2026-06-28 19:19:20 WARNING     	DDR4 = UNDEFINED
2026-06-28 19:19:20 WARNING     Strings are allowed here. If you meant to enter a string, please wrap the
2026-06-28 19:19:20 WARNING     expression in single or double quotes:
2026-06-28 19:19:20 WARNING         Found expression: DDR4
2026-06-28 19:19:20 WARNING         Expression as valid string: "DDR4"
2026-06-28 19:19:20 WARNING     Expression will be treated as a string. This will be deprecated in version
2026-06-28 19:19:20 WARNING     0.4. Please wrap quotes around the expression to specify a string.
2026-06-28 19:19:20 WARNING     Evaluation of "45nm" failed.
2026-06-28 19:19:20 WARNING     Failed to evaluate: 45nm
2026-06-28 19:19:20 WARNING     Location: Architecture class DRAM attributes"technology"
2026-06-28 19:19:20 WARNING     Problem encountered: SyntaxError: invalid decimal literal (<string>, line 1)
2026-06-28 19:19:20 WARNING     Available bindings: 
2026-06-28 19:19:20 WARNING     	type = DDR4
2026-06-28 19:19:20 WARNING     	width = 16
2026-06-28 19:19:20 WARNING     	block-size = 1
2026-06-28 19:19:20 WARNING     	word-bits = 16
2026-06-28 19:19:20 WARNING     	shared_bandwidth = 6
2026-06-28 19:19:20 WARNING     	datawidth = 16
2026-06-28 19:19:20 WARNING     Failed to evaluate: 45nm
2026-06-28 19:19:20 WARNING     Location: Architecture class DRAM attributes"technology"
2026-06-28 19:19:20 WARNING     Problem encountered: SyntaxError: invalid decimal literal (<string>, line 1)
2026-06-28 19:19:20 WARNING     Please ensure that the expression used is a valid Python expression.
2026-06-28 19:19:20 WARNING     The following may have been used in the expression:
2026-06-28 19:19:20 WARNING     	nm = UNDEFINED
2026-06-28 19:19:20 WARNING     Strings are allowed here. If you meant to enter a string, please wrap the
2026-06-28 19:19:20 WARNING     expression in single or double quotes:
2026-06-28 19:19:20 WARNING         Found expression: 45nm
2026-06-28 19:19:20 WARNING         Expression as valid string: "45nm"
2026-06-28 19:19:20 WARNING     Expression will be treated as a string. This will be deprecated in version
2026-06-28 19:19:20 WARNING     0.4. Please wrap quotes around the expression to specify a string.
2026-06-28 19:19:20 WARNING     Evaluation of "0.5ns" failed.
2026-06-28 19:19:20 WARNING     Failed to evaluate: 0.5ns
2026-06-28 19:19:20 WARNING     Location: Architecture class DRAM attributes"latency"
2026-06-28 19:19:20 WARNING     Problem encountered: SyntaxError: invalid decimal literal (<string>, line 1)
2026-06-28 19:19:20 WARNING     Available bindings: 
2026-06-28 19:19:20 WARNING     	type = DDR4
2026-06-28 19:19:20 WARNING     	width = 16
2026-06-28 19:19:20 WARNING     	block-size = 1
2026-06-28 19:19:20 WARNING     	word-bits = 16
2026-06-28 19:19:20 WARNING     	shared_bandwidth = 6
2026-06-28 19:19:20 WARNING     	datawidth = 16
2026-06-28 19:19:20 WARNING     	technology = 45nm
2026-06-28 19:19:20 WARNING     Failed to evaluate: 0.5ns
2026-06-28 19:19:20 WARNING     Location: Architecture class DRAM attributes"latency"
2026-06-28 19:19:20 WARNING     Problem encountered: SyntaxError: invalid decimal literal (<string>, line 1)
2026-06-28 19:19:20 WARNING     Please ensure that the expression used is a valid Python expression.
2026-06-28 19:19:20 WARNING     The following may have been used in the expression:
2026-06-28 19:19:20 WARNING     	ns = UNDEFINED
2026-06-28 19:19:20 WARNING     Strings are allowed here. If you meant to enter a string, please wrap the
2026-06-28 19:19:20 WARNING     expression in single or double quotes:
2026-06-28 19:19:20 WARNING         Found expression: 0.5ns
2026-06-28 19:19:20 WARNING         Expression as valid string: "0.5ns"
2026-06-28 19:19:20 WARNING     Expression will be treated as a string. This will be deprecated in version
2026-06-28 19:19:20 WARNING     0.4. Please wrap quotes around the expression to specify a string.
2026-06-28 19:19:20 INFO        Estimator plug-in identified by: /usr/local/share/accelergy/estimation_plug_ins/accelergy-table-based-plug-ins/table.estimator.yaml
2026-06-28 19:19:20 INFO        Estimator plug-in identified by: /usr/local/share/accelergy/estimation_plug_ins/accelergy-cacti-plug-in/cacti.estimator.yaml
2026-06-28 19:19:20 INFO        Estimator plug-in identified by: /usr/local/share/accelergy/estimation_plug_ins/dummy_tables/dummy.estimator.yaml
2026-06-28 19:19:20 INFO        Estimator plug-in identified by: /usr/local/share/accelergy/estimation_plug_ins/accelergy-aladdin-plug-in/aladdin.estimator.yaml
2026-06-28 19:19:20 INFO        Loading Python plug-in: /usr/local/share/accelergy/estimation_plug_ins/accelergy-cacti-plug-in/cacti_wrapper.py. Errors below are likely due to plug-in, not Accelergy.
2026-06-28 19:19:20 INFO        Getting all estimators in module <module 'python_plug_in0' from '/usr/local/share/accelergy/estimation_plug_ins/accelergy-cacti-plug-in/cacti_wrapper.py'>
2026-06-28 19:19:20 INFO        Added estimator CactiCache that estimates cache with actions idle, read, read_access, update, update_access, write, write_access, leak
2026-06-28 19:19:20 INFO        Added estimator CactiDRAM that estimates ['DRAM', 'dram'] with actions idle, read, update, write, leak
2026-06-28 19:19:20 INFO        Added estimator CactiSRAM that estimates ['SRAM', 'sram'] with actions idle, read, update, write, leak
2026-06-28 19:19:20 INFO        Done loading Python plug-ins.
2026-06-28 19:19:20 INFO        Found estimator plug-in: DEPRECATED table-based-plug-ins. Use the Library plug-in instead. (<SetsOfTables.SetsOfTables object at 0x79e3d44621d0>)
2026-06-28 19:19:20 INFO        Found estimator plug-in: dummy (<DummyTable.DummyTable object at 0x79e3d4444c70>)
2026-06-28 19:19:20 INFO        Found estimator plug-in: Aladdin_table (<AladdinTable.AladdinTable object at 0x79e3d44478e0>)
2026-06-28 19:19:20 INFO        Found estimator plug-in: CactiCache (<accelergy.plug_in_interface.estimator_wrapper.EstimatorWrapper object at 0x79e3d4447fd0>)
2026-06-28 19:19:20 INFO        Found estimator plug-in: CactiDRAM (<accelergy.plug_in_interface.estimator_wrapper.EstimatorWrapper object at 0x79e3d4446950>)
2026-06-28 19:19:20 INFO        Found estimator plug-in: CactiSRAM (<accelergy.plug_in_interface.estimator_wrapper.EstimatorWrapper object at 0x79e3d4446d40>)
2026-06-28 19:19:20 INFO        Calculated storage."technology" as "technology" = 45nm.
2026-06-28 19:19:20 INFO        Calculated storage."width" as "memory_width" = 128.
2026-06-28 19:19:20 INFO        Calculated storage."depth" as "memory_depth" = 1024.
2026-06-28 19:19:20 INFO        Calculated storage."n_rdwr_ports" as "n_rdwr_ports" = 2.
2026-06-28 19:19:20 INFO        Calculated storage."n_banks" as "n_banks" = 1.
2026-06-28 19:19:20 INFO        Calculated address_generators[0..1]."technology" as "technology" = 45nm.
2026-06-28 19:19:20 INFO        Calculated address_generators[0..1]."width" as "log(memory_depth)" = 6.931471805599453.
2026-06-28 19:19:20 INFO        Calculated index range expression as "n_banks" = 1.
2026-06-28 19:19:20 INFO        Calculated index range expression as "n_banks" = 1.
2026-06-28 19:19:20 INFO        Calculated System.ws.PE[0..15].PEInputBuffer.write.write."data_delta" as "data_delta" = 0.
2026-06-28 19:19:20 INFO        Calculated System.ws.PE[0..15].PEInputBuffer.write.write."address_delta" as "address_delta" = 0.
2026-06-28 19:19:20 INFO        Calculated System.ws.PE[0..15].PEInputBuffer.write.write."data_delta" as "data_delta" = 1.
2026-06-28 19:19:20 INFO        Calculated System.ws.PE[0..15].PEInputBuffer.write.write."address_delta" as "address_delta" = 0.
2026-06-28 19:19:20 INFO        Calculated System.ws.PE[0..15].PEInputBuffer.write.write."data_delta" as "data_delta" = 0.
2026-06-28 19:19:20 INFO        Calculated System.ws.PE[0..15].PEInputBuffer.write.write."address_delta" as "address_delta" = 1.
2026-06-28 19:19:20 INFO        Calculated System.ws.PE[0..15].PEInputBuffer.write.write."data_delta" as "data_delta" = 1.
2026-06-28 19:19:20 INFO        Calculated System.ws.PE[0..15].PEInputBuffer.write.write."address_delta" as "address_delta" = 1.
2026-06-28 19:19:20 INFO        Calculated System.ws.PE[0..15].PEInputBuffer.read.read."data_delta" as "data_delta" = 0.
2026-06-28 19:19:20 INFO        Calculated System.ws.PE[0..15].PEInputBuffer.read.read."address_delta" as "address_delta" = 0.
2026-06-28 19:19:20 INFO        Calculated System.ws.PE[0..15].PEInputBuffer.read.read."data_delta" as "data_delta" = 1.
2026-06-28 19:19:20 INFO        Calculated System.ws.PE[0..15].PEInputBuffer.read.read."address_delta" as "address_delta" = 0.
2026-06-28 19:19:20 INFO        Calculated System.ws.PE[0..15].PEInputBuffer.read.read."data_delta" as "data_delta" = 0.
2026-06-28 19:19:20 INFO        Calculated System.ws.PE[0..15].PEInputBuffer.read.read."address_delta" as "address_delta" = 1.
2026-06-28 19:19:20 INFO        Calculated System.ws.PE[0..15].PEInputBuffer.read.read."data_delta" as "data_delta" = 1.
2026-06-28 19:19:20 INFO        Calculated System.ws.PE[0..15].PEInputBuffer.read.read."address_delta" as "address_delta" = 1.
2026-06-28 19:19:20 INFO        Calculated storage."technology" as "technology" = 45nm.
2026-06-28 19:19:20 INFO        Calculated storage."width" as "memory_width" = 128.
2026-06-28 19:19:20 INFO        Calculated storage."depth" as "memory_depth" = 512.
2026-06-28 19:19:20 INFO        Calculated storage."n_rdwr_ports" as "n_rdwr_ports" = 2.
2026-06-28 19:19:20 INFO        Calculated storage."n_banks" as "n_banks" = 1.
2026-06-28 19:19:20 INFO        Calculated address_generators[0..1]."technology" as "technology" = 45nm.
2026-06-28 19:19:20 INFO        Calculated address_generators[0..1]."width" as "log(memory_depth)" = 6.238324625039508.
2026-06-28 19:19:20 INFO        Calculated index range expression as "n_banks" = 1.
2026-06-28 19:19:20 INFO        Calculated index range expression as "n_banks" = 1.
2026-06-28 19:19:20 INFO        Calculated System.ws.PE[0..15].PEWeightBuffer[0..7].write.write."data_delta" as "data_delta" = 0.
2026-06-28 19:19:20 INFO        Calculated System.ws.PE[0..15].PEWeightBuffer[0..7].write.write."address_delta" as "address_delta" = 0.
2026-06-28 19:19:20 INFO        Calculated System.ws.PE[0..15].PEWeightBuffer[0..7].write.write."data_delta" as "data_delta" = 1.
2026-06-28 19:19:20 INFO        Calculated System.ws.PE[0..15].PEWeightBuffer[0..7].write.write."address_delta" as "address_delta" = 0.
2026-06-28 19:19:20 INFO        Calculated System.ws.PE[0..15].PEWeightBuffer[0..7].write.write."data_delta" as "data_delta" = 0.
2026-06-28 19:19:20 INFO        Calculated System.ws.PE[0..15].PEWeightBuffer[0..7].write.write."address_delta" as "address_delta" = 1.
2026-06-28 19:19:20 INFO        Calculated System.ws.PE[0..15].PEWeightBuffer[0..7].write.write."data_delta" as "data_delta" = 1.
2026-06-28 19:19:20 INFO        Calculated System.ws.PE[0..15].PEWeightBuffer[0..7].write.write."address_delta" as "address_delta" = 1.
2026-06-28 19:19:20 INFO        Calculated System.ws.PE[0..15].PEWeightBuffer[0..7].read.read."data_delta" as "data_delta" = 0.
2026-06-28 19:19:20 INFO        Calculated System.ws.PE[0..15].PEWeightBuffer[0..7].read.read."address_delta" as "address_delta" = 0.
2026-06-28 19:19:20 INFO        Calculated System.ws.PE[0..15].PEWeightBuffer[0..7].read.read."data_delta" as "data_delta" = 1.
2026-06-28 19:19:20 INFO        Calculated System.ws.PE[0..15].PEWeightBuffer[0..7].read.read."address_delta" as "address_delta" = 0.
2026-06-28 19:19:20 INFO        Calculated System.ws.PE[0..15].PEWeightBuffer[0..7].read.read."data_delta" as "data_delta" = 0.
2026-06-28 19:19:20 INFO        Calculated System.ws.PE[0..15].PEWeightBuffer[0..7].read.read."address_delta" as "address_delta" = 1.
2026-06-28 19:19:20 INFO        Calculated System.ws.PE[0..15].PEWeightBuffer[0..7].read.read."data_delta" as "data_delta" = 1.
2026-06-28 19:19:20 INFO        Calculated System.ws.PE[0..15].PEWeightBuffer[0..7].read.read."address_delta" as "address_delta" = 1.
2026-06-28 19:19:20 INFO        Calculated storage."technology" as "technology" = 45nm.
2026-06-28 19:19:20 INFO        Calculated storage."width" as "memory_width" = 64.
2026-06-28 19:19:20 INFO        Calculated storage."depth" as "memory_depth" = 64.
2026-06-28 19:19:20 INFO        Calculated storage."n_rdwr_ports" as "n_rdwr_ports" = 2.
2026-06-28 19:19:20 INFO        Calculated storage."n_banks" as "n_banks" = 1.
2026-06-28 19:19:20 INFO        Calculated address_generators[0..1]."technology" as "technology" = 45nm.
2026-06-28 19:19:20 INFO        Calculated address_generators[0..1]."width" as "log(memory_depth)" = 4.1588830833596715.
2026-06-28 19:19:20 INFO        Calculated index range expression as "n_banks" = 1.
2026-06-28 19:19:20 INFO        Calculated index range expression as "n_banks" = 1.
2026-06-28 19:19:20 INFO        Calculated System.ws.PE[0..15].PEAccuBuffer[0..7].write.write."data_delta" as "data_delta" = 0.
2026-06-28 19:19:20 INFO        Calculated System.ws.PE[0..15].PEAccuBuffer[0..7].write.write."address_delta" as "address_delta" = 0.
2026-06-28 19:19:20 INFO        Calculated System.ws.PE[0..15].PEAccuBuffer[0..7].write.write."data_delta" as "data_delta" = 1.
2026-06-28 19:19:20 INFO        Calculated System.ws.PE[0..15].PEAccuBuffer[0..7].write.write."address_delta" as "address_delta" = 0.
2026-06-28 19:19:20 INFO        Calculated System.ws.PE[0..15].PEAccuBuffer[0..7].write.write."data_delta" as "data_delta" = 0.
2026-06-28 19:19:20 INFO        Calculated System.ws.PE[0..15].PEAccuBuffer[0..7].write.write."address_delta" as "address_delta" = 1.
2026-06-28 19:19:20 INFO        Calculated System.ws.PE[0..15].PEAccuBuffer[0..7].write.write."data_delta" as "data_delta" = 1.
2026-06-28 19:19:20 INFO        Calculated System.ws.PE[0..15].PEAccuBuffer[0..7].write.write."address_delta" as "address_delta" = 1.
2026-06-28 19:19:20 INFO        Calculated System.ws.PE[0..15].PEAccuBuffer[0..7].read.read."data_delta" as "data_delta" = 0.
2026-06-28 19:19:20 INFO        Calculated System.ws.PE[0..15].PEAccuBuffer[0..7].read.read."address_delta" as "address_delta" = 0.
2026-06-28 19:19:20 INFO        Calculated System.ws.PE[0..15].PEAccuBuffer[0..7].read.read."data_delta" as "data_delta" = 1.
2026-06-28 19:19:20 INFO        Calculated System.ws.PE[0..15].PEAccuBuffer[0..7].read.read."address_delta" as "address_delta" = 0.
2026-06-28 19:19:20 INFO        Calculated System.ws.PE[0..15].PEAccuBuffer[0..7].read.read."data_delta" as "data_delta" = 0.
2026-06-28 19:19:20 INFO        Calculated System.ws.PE[0..15].PEAccuBuffer[0..7].read.read."address_delta" as "address_delta" = 1.
2026-06-28 19:19:20 INFO        Calculated System.ws.PE[0..15].PEAccuBuffer[0..7].read.read."data_delta" as "data_delta" = 1.
2026-06-28 19:19:20 INFO        Calculated System.ws.PE[0..15].PEAccuBuffer[0..7].read.read."address_delta" as "address_delta" = 1.
2026-06-28 19:19:20 INFO        Calculated storage."technology" as "technology" = 45nm.
2026-06-28 19:19:20 INFO        Calculated storage."width" as "memory_width" = 32.
2026-06-28 19:19:20 INFO        Calculated storage."depth" as "memory_depth" = 1.
2026-06-28 19:19:20 INFO        Calculated storage."n_rdwr_ports" as "n_rdwr_ports" = 2.
2026-06-28 19:19:20 INFO        Calculated storage."n_banks" as "n_banks" = 1.
2026-06-28 19:19:20 INFO        Calculated address_generators[0..1]."technology" as "technology" = 45nm.
2026-06-28 19:19:20 INFO        Calculated address_generators[0..1]."width" as "log(memory_depth)" = 0.0.
2026-06-28 19:19:20 INFO        Calculated index range expression as "n_banks" = 1.
2026-06-28 19:19:20 INFO        Calculated index range expression as "n_banks" = 1.
2026-06-28 19:19:20 INFO        Calculated System.ws.PE[0..15].PEWeightRegs[0..63].write.write."data_delta" as "data_delta" = 0.
2026-06-28 19:19:20 INFO        Calculated System.ws.PE[0..15].PEWeightRegs[0..63].write.write."address_delta" as "address_delta" = 0.
2026-06-28 19:19:20 INFO        Calculated System.ws.PE[0..15].PEWeightRegs[0..63].write.write."data_delta" as "data_delta" = 1.
2026-06-28 19:19:20 INFO        Calculated System.ws.PE[0..15].PEWeightRegs[0..63].write.write."address_delta" as "address_delta" = 0.
2026-06-28 19:19:20 INFO        Calculated System.ws.PE[0..15].PEWeightRegs[0..63].write.write."data_delta" as "data_delta" = 0.
2026-06-28 19:19:20 INFO        Calculated System.ws.PE[0..15].PEWeightRegs[0..63].write.write."address_delta" as "address_delta" = 1.
2026-06-28 19:19:20 INFO        Calculated System.ws.PE[0..15].PEWeightRegs[0..63].write.write."data_delta" as "data_delta" = 1.
2026-06-28 19:19:20 INFO        Calculated System.ws.PE[0..15].PEWeightRegs[0..63].write.write."address_delta" as "address_delta" = 1.
2026-06-28 19:19:20 INFO        Calculated System.ws.PE[0..15].PEWeightRegs[0..63].read.read."data_delta" as "data_delta" = 0.
2026-06-28 19:19:20 INFO        Calculated System.ws.PE[0..15].PEWeightRegs[0..63].read.read."address_delta" as "address_delta" = 0.
2026-06-28 19:19:20 INFO        Calculated System.ws.PE[0..15].PEWeightRegs[0..63].read.read."data_delta" as "data_delta" = 1.
2026-06-28 19:19:20 INFO        Calculated System.ws.PE[0..15].PEWeightRegs[0..63].read.read."address_delta" as "address_delta" = 0.
2026-06-28 19:19:20 INFO        Calculated System.ws.PE[0..15].PEWeightRegs[0..63].read.read."data_delta" as "data_delta" = 0.
2026-06-28 19:19:20 INFO        Calculated System.ws.PE[0..15].PEWeightRegs[0..63].read.read."address_delta" as "address_delta" = 1.
2026-06-28 19:19:20 INFO        Calculated System.ws.PE[0..15].PEWeightRegs[0..63].read.read."data_delta" as "data_delta" = 1.
2026-06-28 19:19:20 INFO        Calculated System.ws.PE[0..15].PEWeightRegs[0..63].read.read."address_delta" as "address_delta" = 1.
2026-06-28 19:19:20 INFO        Calculated intmac."technology" as "technology" = 45nm.
2026-06-28 19:19:20 INFO        Calculated intmac."datawidth" as "datawidth" = 16.
2026-06-28 19:19:20 INFO        Calculated storage."technology" as "technology" = 45nm.
2026-06-28 19:19:20 INFO        Calculated storage."width" as "memory_width" = 512.
2026-06-28 19:19:20 INFO        Calculated storage."depth" as "memory_depth" = 2048.
2026-06-28 19:19:20 INFO        Calculated storage."n_rdwr_ports" as "n_rdwr_ports" = 2.
2026-06-28 19:19:20 INFO        Calculated storage."n_banks" as "n_banks" = 1.
2026-06-28 19:19:20 INFO        Calculated address_generators[0..1]."technology" as "technology" = 45nm.
2026-06-28 19:19:20 INFO        Calculated address_generators[0..1]."width" as "log(memory_depth)" = 7.6246189861593985.
2026-06-28 19:19:20 INFO        Calculated index range expression as "n_banks" = 1.
2026-06-28 19:19:20 INFO        Calculated index range expression as "n_banks" = 1.
2026-06-28 19:19:20 INFO        Calculated System.ws.GlobalBuffer.write.write."data_delta" as "data_delta" = 0.
2026-06-28 19:19:20 INFO        Calculated System.ws.GlobalBuffer.write.write."address_delta" as "address_delta" = 0.
2026-06-28 19:19:20 INFO        Calculated System.ws.GlobalBuffer.write.write."data_delta" as "data_delta" = 1.
2026-06-28 19:19:20 INFO        Calculated System.ws.GlobalBuffer.write.write."address_delta" as "address_delta" = 0.
2026-06-28 19:19:20 INFO        Calculated System.ws.GlobalBuffer.write.write."data_delta" as "data_delta" = 0.
2026-06-28 19:19:20 INFO        Calculated System.ws.GlobalBuffer.write.write."address_delta" as "address_delta" = 1.
2026-06-28 19:19:20 INFO        Calculated System.ws.GlobalBuffer.write.write."data_delta" as "data_delta" = 1.
2026-06-28 19:19:20 INFO        Calculated System.ws.GlobalBuffer.write.write."address_delta" as "address_delta" = 1.
2026-06-28 19:19:20 INFO        Calculated System.ws.GlobalBuffer.read.read."data_delta" as "data_delta" = 0.
2026-06-28 19:19:20 INFO        Calculated System.ws.GlobalBuffer.read.read."address_delta" as "address_delta" = 0.
2026-06-28 19:19:20 INFO        Calculated System.ws.GlobalBuffer.read.read."data_delta" as "data_delta" = 1.
2026-06-28 19:19:20 INFO        Calculated System.ws.GlobalBuffer.read.read."address_delta" as "address_delta" = 0.
2026-06-28 19:19:20 INFO        Calculated System.ws.GlobalBuffer.read.read."data_delta" as "data_delta" = 0.
2026-06-28 19:19:20 INFO        Calculated System.ws.GlobalBuffer.read.read."address_delta" as "address_delta" = 1.
2026-06-28 19:19:20 INFO        Calculated System.ws.GlobalBuffer.read.read."data_delta" as "data_delta" = 1.
2026-06-28 19:19:20 INFO        Calculated System.ws.GlobalBuffer.read.read."address_delta" as "address_delta" = 1.
2026-06-28 19:19:20 INFO        
2026-06-28 19:19:20 INFO        ENERGY ESTIMATION for SRAM(technology=45nm, width=128, depth=1024, n_rdwr_ports=2, n_banks=1, global_cycle_seconds=5e-10).write(data_delta=0, address_delta=0, global_cycle_seconds=5e-10)
2026-06-28 19:19:21 INFO        CactiSRAM estimated 0.0 with accuracy 80%. Messages:
2026-06-28 19:19:21 INFO        | Unused arguments (n_rdwr_ports, global_cycle_seconds) provided for ['SRAM', 'sram'].__init__. Arguments used: (technology, width, depth, n_banks)
2026-06-28 19:19:21 INFO        | Unused arguments (global_cycle_seconds) provided for ['SRAM', 'sram'].write. Arguments used: (data_delta, address_delta)
2026-06-28 19:19:21 INFO        | Calling CACTI with cache_size=16384 n_rw_ports=1 block_size=16 tech_node_um=0.045 n_banks=1 tag_size=0 associativity=1
2026-06-28 19:19:21 INFO        | Calling CACTI with input path /usr/local/share/accelergy/estimation_plug_ins/accelergy-cacti-plug-in/cacti_inputs_outputs/tmpgp8pmhh6
2026-06-28 19:19:21 INFO        | CACTI output will be written to /usr/local/share/accelergy/estimation_plug_ins/accelergy-cacti-plug-in/cacti_inputs_outputs/tmpzok8h260
2026-06-28 19:19:21 INFO        | CACTI executable not found at /usr/local/share/accelergy/estimation_plug_ins/accelergy-cacti-plug-in/cacti/cacti
2026-06-28 19:19:21 INFO        | Calling: cd /usr/local/share/accelergy/estimation_plug_ins/accelergy-cacti-plug-in ; ./cacti -infile /usr/local/share/accelergy/estimation_plug_ins/accelergy-cacti-plug-in/cacti_inputs_outputs/tmpgp8pmhh6 >> /usr/local/share/accelergy/estimation_plug_ins/accelergy-cacti-plug-in/cacti_inputs_outputs/tmpzok8h260 2>&1
2026-06-28 19:19:21 INFO        | Cache bandwidth: 16.0 bytes/cycle
2026-06-28 19:19:21 INFO        | Cache bandwidth: 113563773156.36313 bits/second
2026-06-28 19:19:21 INFO        
2026-06-28 19:19:21 INFO        ENERGY ESTIMATION for intadder(technology=45nm, width=6.931471805599453, global_cycle_seconds=5e-10).count(global_cycle_seconds=5e-10)
2026-06-28 19:19:21 INFO        dummy estimated 1p with accuracy 1%. 
2026-06-28 19:19:21 INFO        Plug-ins provided accuracy, but failed to estimate:
2026-06-28 19:19:21 INFO        | Aladdin_table with accuracy 70% estimating value: KeyError: 'action_latency_cycles'
2026-06-28 19:19:21 INFO        
2026-06-28 19:19:21 INFO        ENERGY ESTIMATION for intadder(technology=45nm, width=6.931471805599453, global_cycle_seconds=5e-10).idle(global_cycle_seconds=5e-10)
2026-06-28 19:19:21 INFO        dummy estimated 1p with accuracy 1%. 
2026-06-28 19:19:21 INFO        Plug-ins provided accuracy, but failed to estimate:
2026-06-28 19:19:21 INFO        | Aladdin_table with accuracy 70% estimating value: KeyError: 'action_latency_cycles'
2026-06-28 19:19:21 INFO        
2026-06-28 19:19:21 INFO        ENERGY ESTIMATION for SRAM(technology=45nm, width=128, depth=1024, n_rdwr_ports=2, n_banks=1, global_cycle_seconds=5e-10).write(data_delta=1, address_delta=0, global_cycle_seconds=5e-10)
2026-06-28 19:19:21 INFO        CactiSRAM estimated 1.6255679999999998e-11 with accuracy 80%. Messages:
2026-06-28 19:19:21 INFO        | Unused arguments (n_rdwr_ports, global_cycle_seconds) provided for ['SRAM', 'sram'].__init__. Arguments used: (technology, width, depth, n_banks)
2026-06-28 19:19:21 INFO        | Unused arguments (global_cycle_seconds) provided for ['SRAM', 'sram'].write. Arguments used: (data_delta, address_delta)
2026-06-28 19:19:21 INFO        | Calling CACTI with cache_size=16384 n_rw_ports=1 block_size=16 tech_node_um=0.045 n_banks=1 tag_size=0 associativity=1
2026-06-28 19:19:21 INFO        | Calling CACTI with input path /usr/local/share/accelergy/estimation_plug_ins/accelergy-cacti-plug-in/cacti_inputs_outputs/tmp0flv1f0c
2026-06-28 19:19:21 INFO        | CACTI output will be written to /usr/local/share/accelergy/estimation_plug_ins/accelergy-cacti-plug-in/cacti_inputs_outputs/tmp3ycx1_b6
2026-06-28 19:19:21 INFO        | CACTI executable not found at /usr/local/share/accelergy/estimation_plug_ins/accelergy-cacti-plug-in/cacti/cacti
2026-06-28 19:19:21 INFO        | Calling: cd /usr/local/share/accelergy/estimation_plug_ins/accelergy-cacti-plug-in ; ./cacti -infile /usr/local/share/accelergy/estimation_plug_ins/accelergy-cacti-plug-in/cacti_inputs_outputs/tmp0flv1f0c >> /usr/local/share/accelergy/estimation_plug_ins/accelergy-cacti-plug-in/cacti_inputs_outputs/tmp3ycx1_b6 2>&1
2026-06-28 19:19:21 INFO        | Cache bandwidth: 16.0 bytes/cycle
2026-06-28 19:19:21 INFO        | Cache bandwidth: 113563773156.36313 bits/second
2026-06-28 19:19:21 INFO        
2026-06-28 19:19:21 INFO        ENERGY ESTIMATION for intadder(technology=45nm, width=6.931471805599453, global_cycle_seconds=5e-10).count(global_cycle_seconds=5e-10)
2026-06-28 19:19:21 INFO        dummy estimated 1p with accuracy 1%. 
2026-06-28 19:19:21 INFO        Plug-ins provided accuracy, but failed to estimate:
2026-06-28 19:19:21 INFO        | Aladdin_table with accuracy 70% estimating value: KeyError: 'action_latency_cycles'
2026-06-28 19:19:21 INFO        
2026-06-28 19:19:21 INFO        ENERGY ESTIMATION for intadder(technology=45nm, width=6.931471805599453, global_cycle_seconds=5e-10).idle(global_cycle_seconds=5e-10)
2026-06-28 19:19:21 INFO        dummy estimated 1p with accuracy 1%. 
2026-06-28 19:19:21 INFO        Plug-ins provided accuracy, but failed to estimate:
2026-06-28 19:19:21 INFO        | Aladdin_table with accuracy 70% estimating value: KeyError: 'action_latency_cycles'
2026-06-28 19:19:21 INFO        
2026-06-28 19:19:21 INFO        ENERGY ESTIMATION for SRAM(technology=45nm, width=128, depth=1024, n_rdwr_ports=2, n_banks=1, global_cycle_seconds=5e-10).write(data_delta=0, address_delta=1, global_cycle_seconds=5e-10)
2026-06-28 19:19:21 INFO        CactiSRAM estimated 6.96672e-12 with accuracy 80%. Messages:
2026-06-28 19:19:21 INFO        | Unused arguments (n_rdwr_ports, global_cycle_seconds) provided for ['SRAM', 'sram'].__init__. Arguments used: (technology, width, depth, n_banks)
2026-06-28 19:19:21 INFO        | Unused arguments (global_cycle_seconds) provided for ['SRAM', 'sram'].write. Arguments used: (data_delta, address_delta)
2026-06-28 19:19:21 INFO        | Calling CACTI with cache_size=16384 n_rw_ports=1 block_size=16 tech_node_um=0.045 n_banks=1 tag_size=0 associativity=1
2026-06-28 19:19:21 INFO        | Calling CACTI with input path /usr/local/share/accelergy/estimation_plug_ins/accelergy-cacti-plug-in/cacti_inputs_outputs/tmpsf39qbd0
2026-06-28 19:19:21 INFO        | CACTI output will be written to /usr/local/share/accelergy/estimation_plug_ins/accelergy-cacti-plug-in/cacti_inputs_outputs/tmp3p2mprrq
2026-06-28 19:19:21 INFO        | CACTI executable not found at /usr/local/share/accelergy/estimation_plug_ins/accelergy-cacti-plug-in/cacti/cacti
2026-06-28 19:19:21 INFO        | Calling: cd /usr/local/share/accelergy/estimation_plug_ins/accelergy-cacti-plug-in ; ./cacti -infile /usr/local/share/accelergy/estimation_plug_ins/accelergy-cacti-plug-in/cacti_inputs_outputs/tmpsf39qbd0 >> /usr/local/share/accelergy/estimation_plug_ins/accelergy-cacti-plug-in/cacti_inputs_outputs/tmp3p2mprrq 2>&1
2026-06-28 19:19:21 INFO        | Cache bandwidth: 16.0 bytes/cycle
2026-06-28 19:19:21 INFO        | Cache bandwidth: 113563773156.36313 bits/second
2026-06-28 19:19:21 INFO        
2026-06-28 19:19:21 INFO        ENERGY ESTIMATION for intadder(technology=45nm, width=6.931471805599453, global_cycle_seconds=5e-10).count(global_cycle_seconds=5e-10)
2026-06-28 19:19:21 INFO        dummy estimated 1p with accuracy 1%. 
2026-06-28 19:19:21 INFO        Plug-ins provided accuracy, but failed to estimate:
2026-06-28 19:19:21 INFO        | Aladdin_table with accuracy 70% estimating value: KeyError: 'action_latency_cycles'
2026-06-28 19:19:21 INFO        
2026-06-28 19:19:21 INFO        ENERGY ESTIMATION for intadder(technology=45nm, width=6.931471805599453, global_cycle_seconds=5e-10).idle(global_cycle_seconds=5e-10)
2026-06-28 19:19:21 INFO        dummy estimated 1p with accuracy 1%. 
2026-06-28 19:19:21 INFO        Plug-ins provided accuracy, but failed to estimate:
2026-06-28 19:19:21 INFO        | Aladdin_table with accuracy 70% estimating value: KeyError: 'action_latency_cycles'
2026-06-28 19:19:21 INFO        
2026-06-28 19:19:21 INFO        ENERGY ESTIMATION for SRAM(technology=45nm, width=128, depth=1024, n_rdwr_ports=2, n_banks=1, global_cycle_seconds=5e-10).write(data_delta=1, address_delta=1, global_cycle_seconds=5e-10)
2026-06-28 19:19:21 INFO        CactiSRAM estimated 2.32224e-11 with accuracy 80%. Messages:
2026-06-28 19:19:21 INFO        | Unused arguments (n_rdwr_ports, global_cycle_seconds) provided for ['SRAM', 'sram'].__init__. Arguments used: (technology, width, depth, n_banks)
2026-06-28 19:19:21 INFO        | Unused arguments (global_cycle_seconds) provided for ['SRAM', 'sram'].write. Arguments used: (data_delta, address_delta)
2026-06-28 19:19:21 INFO        | Calling CACTI with cache_size=16384 n_rw_ports=1 block_size=16 tech_node_um=0.045 n_banks=1 tag_size=0 associativity=1
2026-06-28 19:19:21 INFO        | Calling CACTI with input path /usr/local/share/accelergy/estimation_plug_ins/accelergy-cacti-plug-in/cacti_inputs_outputs/tmp_6na92um
2026-06-28 19:19:21 INFO        | CACTI output will be written to /usr/local/share/accelergy/estimation_plug_ins/accelergy-cacti-plug-in/cacti_inputs_outputs/tmp0cfezd4s
2026-06-28 19:19:21 INFO        | CACTI executable not found at /usr/local/share/accelergy/estimation_plug_ins/accelergy-cacti-plug-in/cacti/cacti
2026-06-28 19:19:21 INFO        | Calling: cd /usr/local/share/accelergy/estimation_plug_ins/accelergy-cacti-plug-in ; ./cacti -infile /usr/local/share/accelergy/estimation_plug_ins/accelergy-cacti-plug-in/cacti_inputs_outputs/tmp_6na92um >> /usr/local/share/accelergy/estimation_plug_ins/accelergy-cacti-plug-in/cacti_inputs_outputs/tmp0cfezd4s 2>&1
2026-06-28 19:19:21 INFO        | Cache bandwidth: 16.0 bytes/cycle
2026-06-28 19:19:21 INFO        | Cache bandwidth: 113563773156.36313 bits/second
2026-06-28 19:19:21 INFO        
2026-06-28 19:19:21 INFO        ENERGY ESTIMATION for intadder(technology=45nm, width=6.931471805599453, global_cycle_seconds=5e-10).count(global_cycle_seconds=5e-10)
2026-06-28 19:19:21 INFO        dummy estimated 1p with accuracy 1%. 
2026-06-28 19:19:21 INFO        Plug-ins provided accuracy, but failed to estimate:
2026-06-28 19:19:21 INFO        | Aladdin_table with accuracy 70% estimating value: KeyError: 'action_latency_cycles'
2026-06-28 19:19:21 INFO        
2026-06-28 19:19:21 INFO        ENERGY ESTIMATION for intadder(technology=45nm, width=6.931471805599453, global_cycle_seconds=5e-10).idle(global_cycle_seconds=5e-10)
2026-06-28 19:19:21 INFO        dummy estimated 1p with accuracy 1%. 
2026-06-28 19:19:21 INFO        Plug-ins provided accuracy, but failed to estimate:
2026-06-28 19:19:21 INFO        | Aladdin_table with accuracy 70% estimating value: KeyError: 'action_latency_cycles'
2026-06-28 19:19:21 INFO        
2026-06-28 19:19:21 INFO        ENERGY ESTIMATION for SRAM(technology=45nm, width=128, depth=1024, n_rdwr_ports=2, n_banks=1, global_cycle_seconds=5e-10).read(data_delta=0, address_delta=0, global_cycle_seconds=5e-10)
2026-06-28 19:19:21 INFO        CactiSRAM estimated 0.0 with accuracy 80%. Messages:
2026-06-28 19:19:21 INFO        | Unused arguments (n_rdwr_ports, global_cycle_seconds) provided for ['SRAM', 'sram'].__init__. Arguments used: (technology, width, depth, n_banks)
2026-06-28 19:19:21 INFO        | Unused arguments (global_cycle_seconds) provided for ['SRAM', 'sram'].read. Arguments used: (data_delta, address_delta)
2026-06-28 19:19:21 INFO        | Calling CACTI with cache_size=16384 n_rw_ports=1 block_size=16 tech_node_um=0.045 n_banks=1 tag_size=0 associativity=1
2026-06-28 19:19:21 INFO        | Calling CACTI with input path /usr/local/share/accelergy/estimation_plug_ins/accelergy-cacti-plug-in/cacti_inputs_outputs/tmp_lg9cli0
2026-06-28 19:19:21 INFO        | CACTI output will be written to /usr/local/share/accelergy/estimation_plug_ins/accelergy-cacti-plug-in/cacti_inputs_outputs/tmpgh0gv92h
2026-06-28 19:19:21 INFO        | CACTI executable not found at /usr/local/share/accelergy/estimation_plug_ins/accelergy-cacti-plug-in/cacti/cacti
2026-06-28 19:19:21 INFO        | Calling: cd /usr/local/share/accelergy/estimation_plug_ins/accelergy-cacti-plug-in ; ./cacti -infile /usr/local/share/accelergy/estimation_plug_ins/accelergy-cacti-plug-in/cacti_inputs_outputs/tmp_lg9cli0 >> /usr/local/share/accelergy/estimation_plug_ins/accelergy-cacti-plug-in/cacti_inputs_outputs/tmpgh0gv92h 2>&1
2026-06-28 19:19:21 INFO        | Cache bandwidth: 16.0 bytes/cycle
2026-06-28 19:19:21 INFO        | Cache bandwidth: 113563773156.36313 bits/second
2026-06-28 19:19:21 INFO        
2026-06-28 19:19:21 INFO        ENERGY ESTIMATION for intadder(technology=45nm, width=6.931471805599453, global_cycle_seconds=5e-10).add(global_cycle_seconds=5e-10)
2026-06-28 19:19:21 INFO        dummy estimated 1p with accuracy 1%. 
2026-06-28 19:19:21 INFO        Plug-ins provided accuracy, but failed to estimate:
2026-06-28 19:19:21 INFO        | Aladdin_table with accuracy 70% estimating value: KeyError: 'action_latency_cycles'
2026-06-28 19:19:21 INFO        
2026-06-28 19:19:21 INFO        ENERGY ESTIMATION for intadder(technology=45nm, width=6.931471805599453, global_cycle_seconds=5e-10).idle(global_cycle_seconds=5e-10)
2026-06-28 19:19:21 INFO        dummy estimated 1p with accuracy 1%. 
2026-06-28 19:19:21 INFO        Plug-ins provided accuracy, but failed to estimate:
2026-06-28 19:19:21 INFO        | Aladdin_table with accuracy 70% estimating value: KeyError: 'action_latency_cycles'
2026-06-28 19:19:21 INFO        
2026-06-28 19:19:21 INFO        ENERGY ESTIMATION for SRAM(technology=45nm, width=128, depth=1024, n_rdwr_ports=2, n_banks=1, global_cycle_seconds=5e-10).read(data_delta=1, address_delta=0, global_cycle_seconds=5e-10)
2026-06-28 19:19:21 INFO        CactiSRAM estimated 7.523669999999999e-12 with accuracy 80%. Messages:
2026-06-28 19:19:21 INFO        | Unused arguments (n_rdwr_ports, global_cycle_seconds) provided for ['SRAM', 'sram'].__init__. Arguments used: (technology, width, depth, n_banks)
2026-06-28 19:19:21 INFO        | Unused arguments (global_cycle_seconds) provided for ['SRAM', 'sram'].read. Arguments used: (data_delta, address_delta)
2026-06-28 19:19:21 INFO        | Calling CACTI with cache_size=16384 n_rw_ports=1 block_size=16 tech_node_um=0.045 n_banks=1 tag_size=0 associativity=1
2026-06-28 19:19:21 INFO        | Calling CACTI with input path /usr/local/share/accelergy/estimation_plug_ins/accelergy-cacti-plug-in/cacti_inputs_outputs/tmpuqzjtvja
2026-06-28 19:19:21 INFO        | CACTI output will be written to /usr/local/share/accelergy/estimation_plug_ins/accelergy-cacti-plug-in/cacti_inputs_outputs/tmpvchfnpdm
2026-06-28 19:19:21 INFO        | CACTI executable not found at /usr/local/share/accelergy/estimation_plug_ins/accelergy-cacti-plug-in/cacti/cacti
2026-06-28 19:19:21 INFO        | Calling: cd /usr/local/share/accelergy/estimation_plug_ins/accelergy-cacti-plug-in ; ./cacti -infile /usr/local/share/accelergy/estimation_plug_ins/accelergy-cacti-plug-in/cacti_inputs_outputs/tmpuqzjtvja >> /usr/local/share/accelergy/estimation_plug_ins/accelergy-cacti-plug-in/cacti_inputs_outputs/tmpvchfnpdm 2>&1
2026-06-28 19:19:21 INFO        | Cache bandwidth: 16.0 bytes/cycle
2026-06-28 19:19:21 INFO        | Cache bandwidth: 113563773156.36313 bits/second
2026-06-28 19:19:21 INFO        
2026-06-28 19:19:21 INFO        ENERGY ESTIMATION for intadder(technology=45nm, width=6.931471805599453, global_cycle_seconds=5e-10).add(global_cycle_seconds=5e-10)
2026-06-28 19:19:21 INFO        dummy estimated 1p with accuracy 1%. 
2026-06-28 19:19:21 INFO        Plug-ins provided accuracy, but failed to estimate:
2026-06-28 19:19:21 INFO        | Aladdin_table with accuracy 70% estimating value: KeyError: 'action_latency_cycles'
2026-06-28 19:19:21 INFO        
2026-06-28 19:19:21 INFO        ENERGY ESTIMATION for intadder(technology=45nm, width=6.931471805599453, global_cycle_seconds=5e-10).idle(global_cycle_seconds=5e-10)
2026-06-28 19:19:21 INFO        dummy estimated 1p with accuracy 1%. 
2026-06-28 19:19:21 INFO        Plug-ins provided accuracy, but failed to estimate:
2026-06-28 19:19:21 INFO        | Aladdin_table with accuracy 70% estimating value: KeyError: 'action_latency_cycles'
2026-06-28 19:19:21 INFO        
2026-06-28 19:19:21 INFO        ENERGY ESTIMATION for SRAM(technology=45nm, width=128, depth=1024, n_rdwr_ports=2, n_banks=1, global_cycle_seconds=5e-10).read(data_delta=0, address_delta=1, global_cycle_seconds=5e-10)
2026-06-28 19:19:22 INFO        CactiSRAM estimated 3.22443e-12 with accuracy 80%. Messages:
2026-06-28 19:19:22 INFO        | Unused arguments (n_rdwr_ports, global_cycle_seconds) provided for ['SRAM', 'sram'].__init__. Arguments used: (technology, width, depth, n_banks)
2026-06-28 19:19:22 INFO        | Unused arguments (global_cycle_seconds) provided for ['SRAM', 'sram'].read. Arguments used: (data_delta, address_delta)
2026-06-28 19:19:22 INFO        | Calling CACTI with cache_size=16384 n_rw_ports=1 block_size=16 tech_node_um=0.045 n_banks=1 tag_size=0 associativity=1
2026-06-28 19:19:22 INFO        | Calling CACTI with input path /usr/local/share/accelergy/estimation_plug_ins/accelergy-cacti-plug-in/cacti_inputs_outputs/tmpe3gsf3gr
2026-06-28 19:19:22 INFO        | CACTI output will be written to /usr/local/share/accelergy/estimation_plug_ins/accelergy-cacti-plug-in/cacti_inputs_outputs/tmppt0w6wfg
2026-06-28 19:19:22 INFO        | CACTI executable not found at /usr/local/share/accelergy/estimation_plug_ins/accelergy-cacti-plug-in/cacti/cacti
2026-06-28 19:19:22 INFO        | Calling: cd /usr/local/share/accelergy/estimation_plug_ins/accelergy-cacti-plug-in ; ./cacti -infile /usr/local/share/accelergy/estimation_plug_ins/accelergy-cacti-plug-in/cacti_inputs_outputs/tmpe3gsf3gr >> /usr/local/share/accelergy/estimation_plug_ins/accelergy-cacti-plug-in/cacti_inputs_outputs/tmppt0w6wfg 2>&1
2026-06-28 19:19:22 INFO        | Cache bandwidth: 16.0 bytes/cycle
2026-06-28 19:19:22 INFO        | Cache bandwidth: 113563773156.36313 bits/second
2026-06-28 19:19:22 INFO        
2026-06-28 19:19:22 INFO        ENERGY ESTIMATION for intadder(technology=45nm, width=6.931471805599453, global_cycle_seconds=5e-10).add(global_cycle_seconds=5e-10)
2026-06-28 19:19:22 INFO        dummy estimated 1p with accuracy 1%. 
2026-06-28 19:19:22 INFO        Plug-ins provided accuracy, but failed to estimate:
2026-06-28 19:19:22 INFO        | Aladdin_table with accuracy 70% estimating value: KeyError: 'action_latency_cycles'
2026-06-28 19:19:22 INFO        
2026-06-28 19:19:22 INFO        ENERGY ESTIMATION for intadder(technology=45nm, width=6.931471805599453, global_cycle_seconds=5e-10).idle(global_cycle_seconds=5e-10)
2026-06-28 19:19:22 INFO        dummy estimated 1p with accuracy 1%. 
2026-06-28 19:19:22 INFO        Plug-ins provided accuracy, but failed to estimate:
2026-06-28 19:19:22 INFO        | Aladdin_table with accuracy 70% estimating value: KeyError: 'action_latency_cycles'
2026-06-28 19:19:22 INFO        
2026-06-28 19:19:22 INFO        ENERGY ESTIMATION for SRAM(technology=45nm, width=128, depth=1024, n_rdwr_ports=2, n_banks=1, global_cycle_seconds=5e-10).read(data_delta=1, address_delta=1, global_cycle_seconds=5e-10)
2026-06-28 19:19:22 INFO        CactiSRAM estimated 1.07481e-11 with accuracy 80%. Messages:
2026-06-28 19:19:22 INFO        | Unused arguments (n_rdwr_ports, global_cycle_seconds) provided for ['SRAM', 'sram'].__init__. Arguments used: (technology, width, depth, n_banks)
2026-06-28 19:19:22 INFO        | Unused arguments (global_cycle_seconds) provided for ['SRAM', 'sram'].read. Arguments used: (data_delta, address_delta)
2026-06-28 19:19:22 INFO        | Calling CACTI with cache_size=16384 n_rw_ports=1 block_size=16 tech_node_um=0.045 n_banks=1 tag_size=0 associativity=1
2026-06-28 19:19:22 INFO        | Calling CACTI with input path /usr/local/share/accelergy/estimation_plug_ins/accelergy-cacti-plug-in/cacti_inputs_outputs/tmpxj2e83os
2026-06-28 19:19:22 INFO        | CACTI output will be written to /usr/local/share/accelergy/estimation_plug_ins/accelergy-cacti-plug-in/cacti_inputs_outputs/tmpk6bs_g6a
2026-06-28 19:19:22 INFO        | CACTI executable not found at /usr/local/share/accelergy/estimation_plug_ins/accelergy-cacti-plug-in/cacti/cacti
2026-06-28 19:19:22 INFO        | Calling: cd /usr/local/share/accelergy/estimation_plug_ins/accelergy-cacti-plug-in ; ./cacti -infile /usr/local/share/accelergy/estimation_plug_ins/accelergy-cacti-plug-in/cacti_inputs_outputs/tmpxj2e83os >> /usr/local/share/accelergy/estimation_plug_ins/accelergy-cacti-plug-in/cacti_inputs_outputs/tmpk6bs_g6a 2>&1
2026-06-28 19:19:22 INFO        | Cache bandwidth: 16.0 bytes/cycle
2026-06-28 19:19:22 INFO        | Cache bandwidth: 113563773156.36313 bits/second
2026-06-28 19:19:22 INFO        
2026-06-28 19:19:22 INFO        ENERGY ESTIMATION for intadder(technology=45nm, width=6.931471805599453, global_cycle_seconds=5e-10).add(global_cycle_seconds=5e-10)
2026-06-28 19:19:22 INFO        dummy estimated 1p with accuracy 1%. 
2026-06-28 19:19:22 INFO        Plug-ins provided accuracy, but failed to estimate:
2026-06-28 19:19:22 INFO        | Aladdin_table with accuracy 70% estimating value: KeyError: 'action_latency_cycles'
2026-06-28 19:19:22 INFO        
2026-06-28 19:19:22 INFO        ENERGY ESTIMATION for intadder(technology=45nm, width=6.931471805599453, global_cycle_seconds=5e-10).idle(global_cycle_seconds=5e-10)
2026-06-28 19:19:22 INFO        dummy estimated 1p with accuracy 1%. 
2026-06-28 19:19:22 INFO        Plug-ins provided accuracy, but failed to estimate:
2026-06-28 19:19:22 INFO        | Aladdin_table with accuracy 70% estimating value: KeyError: 'action_latency_cycles'
2026-06-28 19:19:22 INFO        
2026-06-28 19:19:22 INFO        ENERGY ESTIMATION for SRAM(technology=45nm, width=128, depth=1024, n_rdwr_ports=2, n_banks=1, global_cycle_seconds=5e-10).idle(global_cycle_seconds=5e-10)
2026-06-28 19:19:22 INFO        CactiSRAM estimated 0 with accuracy 80%. Messages:
2026-06-28 19:19:22 INFO        | Unused arguments (n_rdwr_ports, global_cycle_seconds) provided for ['SRAM', 'sram'].__init__. Arguments used: (technology, width, depth, n_banks)
2026-06-28 19:19:22 INFO        | Unused arguments (global_cycle_seconds) provided for ['SRAM', 'sram'].idle. Arguments used: ()
2026-06-28 19:19:22 INFO        
2026-06-28 19:19:22 INFO        ENERGY ESTIMATION for intadder(technology=45nm, width=6.931471805599453, global_cycle_seconds=5e-10).idle(global_cycle_seconds=5e-10)
2026-06-28 19:19:22 INFO        dummy estimated 1p with accuracy 1%. 
2026-06-28 19:19:22 INFO        Plug-ins provided accuracy, but failed to estimate:
2026-06-28 19:19:22 INFO        | Aladdin_table with accuracy 70% estimating value: KeyError: 'action_latency_cycles'
2026-06-28 19:19:22 INFO        
2026-06-28 19:19:22 INFO        ENERGY ESTIMATION for SRAM(technology=45nm, width=128, depth=512, n_rdwr_ports=2, n_banks=1, global_cycle_seconds=5e-10).write(data_delta=0, address_delta=0, global_cycle_seconds=5e-10)
2026-06-28 19:19:22 INFO        CactiSRAM estimated 0.0 with accuracy 80%. Messages:
2026-06-28 19:19:22 INFO        | Unused arguments (n_rdwr_ports, global_cycle_seconds) provided for ['SRAM', 'sram'].__init__. Arguments used: (technology, width, depth, n_banks)
2026-06-28 19:19:22 INFO        | Unused arguments (global_cycle_seconds) provided for ['SRAM', 'sram'].write. Arguments used: (data_delta, address_delta)
2026-06-28 19:19:22 INFO        | Calling CACTI with cache_size=8192 n_rw_ports=1 block_size=16 tech_node_um=0.045 n_banks=1 tag_size=0 associativity=1
2026-06-28 19:19:22 INFO        | Calling CACTI with input path /usr/local/share/accelergy/estimation_plug_ins/accelergy-cacti-plug-in/cacti_inputs_outputs/tmptsyeq21a
2026-06-28 19:19:22 INFO        | CACTI output will be written to /usr/local/share/accelergy/estimation_plug_ins/accelergy-cacti-plug-in/cacti_inputs_outputs/tmp07q9_978
2026-06-28 19:19:22 INFO        | CACTI executable not found at /usr/local/share/accelergy/estimation_plug_ins/accelergy-cacti-plug-in/cacti/cacti
2026-06-28 19:19:22 INFO        | Calling: cd /usr/local/share/accelergy/estimation_plug_ins/accelergy-cacti-plug-in ; ./cacti -infile /usr/local/share/accelergy/estimation_plug_ins/accelergy-cacti-plug-in/cacti_inputs_outputs/tmptsyeq21a >> /usr/local/share/accelergy/estimation_plug_ins/accelergy-cacti-plug-in/cacti_inputs_outputs/tmp07q9_978 2>&1
2026-06-28 19:19:22 INFO        | Cache bandwidth: 16.0 bytes/cycle
2026-06-28 19:19:22 INFO        | Cache bandwidth: 144426980313.92557 bits/second
2026-06-28 19:19:22 INFO        
2026-06-28 19:19:22 INFO        ENERGY ESTIMATION for intadder(technology=45nm, width=6.238324625039508, global_cycle_seconds=5e-10).count(global_cycle_seconds=5e-10)
2026-06-28 19:19:22 INFO        dummy estimated 1p with accuracy 1%. 
2026-06-28 19:19:22 INFO        Plug-ins provided accuracy, but failed to estimate:
2026-06-28 19:19:22 INFO        | Aladdin_table with accuracy 70% estimating value: KeyError: 'action_latency_cycles'
2026-06-28 19:19:22 INFO        
2026-06-28 19:19:22 INFO        ENERGY ESTIMATION for intadder(technology=45nm, width=6.238324625039508, global_cycle_seconds=5e-10).idle(global_cycle_seconds=5e-10)
2026-06-28 19:19:22 INFO        dummy estimated 1p with accuracy 1%. 
2026-06-28 19:19:22 INFO        Plug-ins provided accuracy, but failed to estimate:
2026-06-28 19:19:22 INFO        | Aladdin_table with accuracy 70% estimating value: KeyError: 'action_latency_cycles'
2026-06-28 19:19:22 INFO        
2026-06-28 19:19:22 INFO        ENERGY ESTIMATION for SRAM(technology=45nm, width=128, depth=512, n_rdwr_ports=2, n_banks=1, global_cycle_seconds=5e-10).write(data_delta=1, address_delta=0, global_cycle_seconds=5e-10)
2026-06-28 19:19:22 INFO        CactiSRAM estimated 9.83668e-12 with accuracy 80%. Messages:
2026-06-28 19:19:22 INFO        | Unused arguments (n_rdwr_ports, global_cycle_seconds) provided for ['SRAM', 'sram'].__init__. Arguments used: (technology, width, depth, n_banks)
2026-06-28 19:19:22 INFO        | Unused arguments (global_cycle_seconds) provided for ['SRAM', 'sram'].write. Arguments used: (data_delta, address_delta)
2026-06-28 19:19:22 INFO        | Calling CACTI with cache_size=8192 n_rw_ports=1 block_size=16 tech_node_um=0.045 n_banks=1 tag_size=0 associativity=1
2026-06-28 19:19:22 INFO        | Calling CACTI with input path /usr/local/share/accelergy/estimation_plug_ins/accelergy-cacti-plug-in/cacti_inputs_outputs/tmp0so4vt83
2026-06-28 19:19:22 INFO        | CACTI output will be written to /usr/local/share/accelergy/estimation_plug_ins/accelergy-cacti-plug-in/cacti_inputs_outputs/tmpj6kilcef
2026-06-28 19:19:22 INFO        | CACTI executable not found at /usr/local/share/accelergy/estimation_plug_ins/accelergy-cacti-plug-in/cacti/cacti
2026-06-28 19:19:22 INFO        | Calling: cd /usr/local/share/accelergy/estimation_plug_ins/accelergy-cacti-plug-in ; ./cacti -infile /usr/local/share/accelergy/estimation_plug_ins/accelergy-cacti-plug-in/cacti_inputs_outputs/tmp0so4vt83 >> /usr/local/share/accelergy/estimation_plug_ins/accelergy-cacti-plug-in/cacti_inputs_outputs/tmpj6kilcef 2>&1
2026-06-28 19:19:22 INFO        | Cache bandwidth: 16.0 bytes/cycle
2026-06-28 19:19:22 INFO        | Cache bandwidth: 144426980313.92557 bits/second
2026-06-28 19:19:22 INFO        
2026-06-28 19:19:22 INFO        ENERGY ESTIMATION for intadder(technology=45nm, width=6.238324625039508, global_cycle_seconds=5e-10).count(global_cycle_seconds=5e-10)
2026-06-28 19:19:22 INFO        dummy estimated 1p with accuracy 1%. 
2026-06-28 19:19:22 INFO        Plug-ins provided accuracy, but failed to estimate:
2026-06-28 19:19:22 INFO        | Aladdin_table with accuracy 70% estimating value: KeyError: 'action_latency_cycles'
2026-06-28 19:19:22 INFO        
2026-06-28 19:19:22 INFO        ENERGY ESTIMATION for intadder(technology=45nm, width=6.238324625039508, global_cycle_seconds=5e-10).idle(global_cycle_seconds=5e-10)
2026-06-28 19:19:22 INFO        dummy estimated 1p with accuracy 1%. 
2026-06-28 19:19:22 INFO        Plug-ins provided accuracy, but failed to estimate:
2026-06-28 19:19:22 INFO        | Aladdin_table with accuracy 70% estimating value: KeyError: 'action_latency_cycles'
2026-06-28 19:19:22 INFO        
2026-06-28 19:19:22 INFO        ENERGY ESTIMATION for SRAM(technology=45nm, width=128, depth=512, n_rdwr_ports=2, n_banks=1, global_cycle_seconds=5e-10).write(data_delta=0, address_delta=1, global_cycle_seconds=5e-10)
2026-06-28 19:19:22 INFO        CactiSRAM estimated 4.21572e-12 with accuracy 80%. Messages:
2026-06-28 19:19:22 INFO        | Unused arguments (n_rdwr_ports, global_cycle_seconds) provided for ['SRAM', 'sram'].__init__. Arguments used: (technology, width, depth, n_banks)
2026-06-28 19:19:22 INFO        | Unused arguments (global_cycle_seconds) provided for ['SRAM', 'sram'].write. Arguments used: (data_delta, address_delta)
2026-06-28 19:19:22 INFO        | Calling CACTI with cache_size=8192 n_rw_ports=1 block_size=16 tech_node_um=0.045 n_banks=1 tag_size=0 associativity=1
2026-06-28 19:19:22 INFO        | Calling CACTI with input path /usr/local/share/accelergy/estimation_plug_ins/accelergy-cacti-plug-in/cacti_inputs_outputs/tmpv_iuptl3
2026-06-28 19:19:22 INFO        | CACTI output will be written to /usr/local/share/accelergy/estimation_plug_ins/accelergy-cacti-plug-in/cacti_inputs_outputs/tmp398urlu9
2026-06-28 19:19:22 INFO        | CACTI executable not found at /usr/local/share/accelergy/estimation_plug_ins/accelergy-cacti-plug-in/cacti/cacti
2026-06-28 19:19:22 INFO        | Calling: cd /usr/local/share/accelergy/estimation_plug_ins/accelergy-cacti-plug-in ; ./cacti -infile /usr/local/share/accelergy/estimation_plug_ins/accelergy-cacti-plug-in/cacti_inputs_outputs/tmpv_iuptl3 >> /usr/local/share/accelergy/estimation_plug_ins/accelergy-cacti-plug-in/cacti_inputs_outputs/tmp398urlu9 2>&1
2026-06-28 19:19:22 INFO        | Cache bandwidth: 16.0 bytes/cycle
2026-06-28 19:19:22 INFO        | Cache bandwidth: 144426980313.92557 bits/second
2026-06-28 19:19:22 INFO        
2026-06-28 19:19:22 INFO        ENERGY ESTIMATION for intadder(technology=45nm, width=6.238324625039508, global_cycle_seconds=5e-10).count(global_cycle_seconds=5e-10)
2026-06-28 19:19:22 INFO        dummy estimated 1p with accuracy 1%. 
2026-06-28 19:19:22 INFO        Plug-ins provided accuracy, but failed to estimate:
2026-06-28 19:19:22 INFO        | Aladdin_table with accuracy 70% estimating value: KeyError: 'action_latency_cycles'
2026-06-28 19:19:22 INFO        
2026-06-28 19:19:22 INFO        ENERGY ESTIMATION for intadder(technology=45nm, width=6.238324625039508, global_cycle_seconds=5e-10).idle(global_cycle_seconds=5e-10)
2026-06-28 19:19:22 INFO        dummy estimated 1p with accuracy 1%. 
2026-06-28 19:19:22 INFO        Plug-ins provided accuracy, but failed to estimate:
2026-06-28 19:19:22 INFO        | Aladdin_table with accuracy 70% estimating value: KeyError: 'action_latency_cycles'
2026-06-28 19:19:22 INFO        
2026-06-28 19:19:22 INFO        ENERGY ESTIMATION for SRAM(technology=45nm, width=128, depth=512, n_rdwr_ports=2, n_banks=1, global_cycle_seconds=5e-10).write(data_delta=1, address_delta=1, global_cycle_seconds=5e-10)
2026-06-28 19:19:22 INFO        CactiSRAM estimated 1.40524e-11 with accuracy 80%. Messages:
2026-06-28 19:19:22 INFO        | Unused arguments (n_rdwr_ports, global_cycle_seconds) provided for ['SRAM', 'sram'].__init__. Arguments used: (technology, width, depth, n_banks)
2026-06-28 19:19:22 INFO        | Unused arguments (global_cycle_seconds) provided for ['SRAM', 'sram'].write. Arguments used: (data_delta, address_delta)
2026-06-28 19:19:22 INFO        | Calling CACTI with cache_size=8192 n_rw_ports=1 block_size=16 tech_node_um=0.045 n_banks=1 tag_size=0 associativity=1
2026-06-28 19:19:22 INFO        | Calling CACTI with input path /usr/local/share/accelergy/estimation_plug_ins/accelergy-cacti-plug-in/cacti_inputs_outputs/tmpf3wrrl87
2026-06-28 19:19:22 INFO        | CACTI output will be written to /usr/local/share/accelergy/estimation_plug_ins/accelergy-cacti-plug-in/cacti_inputs_outputs/tmpcwzsq5pb
2026-06-28 19:19:22 INFO        | CACTI executable not found at /usr/local/share/accelergy/estimation_plug_ins/accelergy-cacti-plug-in/cacti/cacti
2026-06-28 19:19:22 INFO        | Calling: cd /usr/local/share/accelergy/estimation_plug_ins/accelergy-cacti-plug-in ; ./cacti -infile /usr/local/share/accelergy/estimation_plug_ins/accelergy-cacti-plug-in/cacti_inputs_outputs/tmpf3wrrl87 >> /usr/local/share/accelergy/estimation_plug_ins/accelergy-cacti-plug-in/cacti_inputs_outputs/tmpcwzsq5pb 2>&1
2026-06-28 19:19:22 INFO        | Cache bandwidth: 16.0 bytes/cycle
2026-06-28 19:19:22 INFO        | Cache bandwidth: 144426980313.92557 bits/second
2026-06-28 19:19:22 INFO        
2026-06-28 19:19:22 INFO        ENERGY ESTIMATION for intadder(technology=45nm, width=6.238324625039508, global_cycle_seconds=5e-10).count(global_cycle_seconds=5e-10)
2026-06-28 19:19:22 INFO        dummy estimated 1p with accuracy 1%. 
2026-06-28 19:19:22 INFO        Plug-ins provided accuracy, but failed to estimate:
2026-06-28 19:19:22 INFO        | Aladdin_table with accuracy 70% estimating value: KeyError: 'action_latency_cycles'
2026-06-28 19:19:22 INFO        
2026-06-28 19:19:22 INFO        ENERGY ESTIMATION for intadder(technology=45nm, width=6.238324625039508, global_cycle_seconds=5e-10).idle(global_cycle_seconds=5e-10)
2026-06-28 19:19:22 INFO        dummy estimated 1p with accuracy 1%. 
2026-06-28 19:19:22 INFO        Plug-ins provided accuracy, but failed to estimate:
2026-06-28 19:19:22 INFO        | Aladdin_table with accuracy 70% estimating value: KeyError: 'action_latency_cycles'
2026-06-28 19:19:22 INFO        
2026-06-28 19:19:22 INFO        ENERGY ESTIMATION for SRAM(technology=45nm, width=128, depth=512, n_rdwr_ports=2, n_banks=1, global_cycle_seconds=5e-10).read(data_delta=0, address_delta=0, global_cycle_seconds=5e-10)
2026-06-28 19:19:22 INFO        CactiSRAM estimated 0.0 with accuracy 80%. Messages:
2026-06-28 19:19:22 INFO        | Unused arguments (n_rdwr_ports, global_cycle_seconds) provided for ['SRAM', 'sram'].__init__. Arguments used: (technology, width, depth, n_banks)
2026-06-28 19:19:22 INFO        | Unused arguments (global_cycle_seconds) provided for ['SRAM', 'sram'].read. Arguments used: (data_delta, address_delta)
2026-06-28 19:19:22 INFO        | Calling CACTI with cache_size=8192 n_rw_ports=1 block_size=16 tech_node_um=0.045 n_banks=1 tag_size=0 associativity=1
2026-06-28 19:19:22 INFO        | Calling CACTI with input path /usr/local/share/accelergy/estimation_plug_ins/accelergy-cacti-plug-in/cacti_inputs_outputs/tmp5nid92e2
2026-06-28 19:19:22 INFO        | CACTI output will be written to /usr/local/share/accelergy/estimation_plug_ins/accelergy-cacti-plug-in/cacti_inputs_outputs/tmptx7m14cu
2026-06-28 19:19:22 INFO        | CACTI executable not found at /usr/local/share/accelergy/estimation_plug_ins/accelergy-cacti-plug-in/cacti/cacti
2026-06-28 19:19:22 INFO        | Calling: cd /usr/local/share/accelergy/estimation_plug_ins/accelergy-cacti-plug-in ; ./cacti -infile /usr/local/share/accelergy/estimation_plug_ins/accelergy-cacti-plug-in/cacti_inputs_outputs/tmp5nid92e2 >> /usr/local/share/accelergy/estimation_plug_ins/accelergy-cacti-plug-in/cacti_inputs_outputs/tmptx7m14cu 2>&1
2026-06-28 19:19:22 INFO        | Cache bandwidth: 16.0 bytes/cycle
2026-06-28 19:19:22 INFO        | Cache bandwidth: 144426980313.92557 bits/second
2026-06-28 19:19:22 INFO        
2026-06-28 19:19:22 INFO        ENERGY ESTIMATION for intadder(technology=45nm, width=6.238324625039508, global_cycle_seconds=5e-10).add(global_cycle_seconds=5e-10)
2026-06-28 19:19:22 INFO        dummy estimated 1p with accuracy 1%. 
2026-06-28 19:19:22 INFO        Plug-ins provided accuracy, but failed to estimate:
2026-06-28 19:19:22 INFO        | Aladdin_table with accuracy 70% estimating value: KeyError: 'action_latency_cycles'
2026-06-28 19:19:22 INFO        
2026-06-28 19:19:22 INFO        ENERGY ESTIMATION for intadder(technology=45nm, width=6.238324625039508, global_cycle_seconds=5e-10).idle(global_cycle_seconds=5e-10)
2026-06-28 19:19:22 INFO        dummy estimated 1p with accuracy 1%. 
2026-06-28 19:19:22 INFO        Plug-ins provided accuracy, but failed to estimate:
2026-06-28 19:19:22 INFO        | Aladdin_table with accuracy 70% estimating value: KeyError: 'action_latency_cycles'
2026-06-28 19:19:22 INFO        
2026-06-28 19:19:22 INFO        ENERGY ESTIMATION for SRAM(technology=45nm, width=128, depth=512, n_rdwr_ports=2, n_banks=1, global_cycle_seconds=5e-10).read(data_delta=1, address_delta=0, global_cycle_seconds=5e-10)
2026-06-28 19:19:23 INFO        CactiSRAM estimated 5.541445000000001e-12 with accuracy 80%. Messages:
2026-06-28 19:19:23 INFO        | Unused arguments (n_rdwr_ports, global_cycle_seconds) provided for ['SRAM', 'sram'].__init__. Arguments used: (technology, width, depth, n_banks)
2026-06-28 19:19:23 INFO        | Unused arguments (global_cycle_seconds) provided for ['SRAM', 'sram'].read. Arguments used: (data_delta, address_delta)
2026-06-28 19:19:23 INFO        | Calling CACTI with cache_size=8192 n_rw_ports=1 block_size=16 tech_node_um=0.045 n_banks=1 tag_size=0 associativity=1
2026-06-28 19:19:23 INFO        | Calling CACTI with input path /usr/local/share/accelergy/estimation_plug_ins/accelergy-cacti-plug-in/cacti_inputs_outputs/tmpil3arn_0
2026-06-28 19:19:23 INFO        | CACTI output will be written to /usr/local/share/accelergy/estimation_plug_ins/accelergy-cacti-plug-in/cacti_inputs_outputs/tmpsxgoarwm
2026-06-28 19:19:23 INFO        | CACTI executable not found at /usr/local/share/accelergy/estimation_plug_ins/accelergy-cacti-plug-in/cacti/cacti
2026-06-28 19:19:23 INFO        | Calling: cd /usr/local/share/accelergy/estimation_plug_ins/accelergy-cacti-plug-in ; ./cacti -infile /usr/local/share/accelergy/estimation_plug_ins/accelergy-cacti-plug-in/cacti_inputs_outputs/tmpil3arn_0 >> /usr/local/share/accelergy/estimation_plug_ins/accelergy-cacti-plug-in/cacti_inputs_outputs/tmpsxgoarwm 2>&1
2026-06-28 19:19:23 INFO        | Cache bandwidth: 16.0 bytes/cycle
2026-06-28 19:19:23 INFO        | Cache bandwidth: 144426980313.92557 bits/second
2026-06-28 19:19:23 INFO        
2026-06-28 19:19:23 INFO        ENERGY ESTIMATION for intadder(technology=45nm, width=6.238324625039508, global_cycle_seconds=5e-10).add(global_cycle_seconds=5e-10)
2026-06-28 19:19:23 INFO        dummy estimated 1p with accuracy 1%. 
2026-06-28 19:19:23 INFO        Plug-ins provided accuracy, but failed to estimate:
2026-06-28 19:19:23 INFO        | Aladdin_table with accuracy 70% estimating value: KeyError: 'action_latency_cycles'
2026-06-28 19:19:23 INFO        
2026-06-28 19:19:23 INFO        ENERGY ESTIMATION for intadder(technology=45nm, width=6.238324625039508, global_cycle_seconds=5e-10).idle(global_cycle_seconds=5e-10)
2026-06-28 19:19:23 INFO        dummy estimated 1p with accuracy 1%. 
2026-06-28 19:19:23 INFO        Plug-ins provided accuracy, but failed to estimate:
2026-06-28 19:19:23 INFO        | Aladdin_table with accuracy 70% estimating value: KeyError: 'action_latency_cycles'
2026-06-28 19:19:23 INFO        
2026-06-28 19:19:23 INFO        ENERGY ESTIMATION for SRAM(technology=45nm, width=128, depth=512, n_rdwr_ports=2, n_banks=1, global_cycle_seconds=5e-10).read(data_delta=0, address_delta=1, global_cycle_seconds=5e-10)
2026-06-28 19:19:23 INFO        CactiSRAM estimated 2.3749050000000004e-12 with accuracy 80%. Messages:
2026-06-28 19:19:23 INFO        | Unused arguments (n_rdwr_ports, global_cycle_seconds) provided for ['SRAM', 'sram'].__init__. Arguments used: (technology, width, depth, n_banks)
2026-06-28 19:19:23 INFO        | Unused arguments (global_cycle_seconds) provided for ['SRAM', 'sram'].read. Arguments used: (data_delta, address_delta)
2026-06-28 19:19:23 INFO        | Calling CACTI with cache_size=8192 n_rw_ports=1 block_size=16 tech_node_um=0.045 n_banks=1 tag_size=0 associativity=1
2026-06-28 19:19:23 INFO        | Calling CACTI with input path /usr/local/share/accelergy/estimation_plug_ins/accelergy-cacti-plug-in/cacti_inputs_outputs/tmpnnh4g3vv
2026-06-28 19:19:23 INFO        | CACTI output will be written to /usr/local/share/accelergy/estimation_plug_ins/accelergy-cacti-plug-in/cacti_inputs_outputs/tmprrzvifpp
2026-06-28 19:19:23 INFO        | CACTI executable not found at /usr/local/share/accelergy/estimation_plug_ins/accelergy-cacti-plug-in/cacti/cacti
2026-06-28 19:19:23 INFO        | Calling: cd /usr/local/share/accelergy/estimation_plug_ins/accelergy-cacti-plug-in ; ./cacti -infile /usr/local/share/accelergy/estimation_plug_ins/accelergy-cacti-plug-in/cacti_inputs_outputs/tmpnnh4g3vv >> /usr/local/share/accelergy/estimation_plug_ins/accelergy-cacti-plug-in/cacti_inputs_outputs/tmprrzvifpp 2>&1
2026-06-28 19:19:23 INFO        | Cache bandwidth: 16.0 bytes/cycle
2026-06-28 19:19:23 INFO        | Cache bandwidth: 144426980313.92557 bits/second
2026-06-28 19:19:23 INFO        
2026-06-28 19:19:23 INFO        ENERGY ESTIMATION for intadder(technology=45nm, width=6.238324625039508, global_cycle_seconds=5e-10).add(global_cycle_seconds=5e-10)
2026-06-28 19:19:23 INFO        dummy estimated 1p with accuracy 1%. 
2026-06-28 19:19:23 INFO        Plug-ins provided accuracy, but failed to estimate:
2026-06-28 19:19:23 INFO        | Aladdin_table with accuracy 70% estimating value: KeyError: 'action_latency_cycles'
2026-06-28 19:19:23 INFO        
2026-06-28 19:19:23 INFO        ENERGY ESTIMATION for intadder(technology=45nm, width=6.238324625039508, global_cycle_seconds=5e-10).idle(global_cycle_seconds=5e-10)
2026-06-28 19:19:23 INFO        dummy estimated 1p with accuracy 1%. 
2026-06-28 19:19:23 INFO        Plug-ins provided accuracy, but failed to estimate:
2026-06-28 19:19:23 INFO        | Aladdin_table with accuracy 70% estimating value: KeyError: 'action_latency_cycles'
2026-06-28 19:19:23 INFO        
2026-06-28 19:19:23 INFO        ENERGY ESTIMATION for SRAM(technology=45nm, width=128, depth=512, n_rdwr_ports=2, n_banks=1, global_cycle_seconds=5e-10).read(data_delta=1, address_delta=1, global_cycle_seconds=5e-10)
2026-06-28 19:19:23 INFO        CactiSRAM estimated 7.916350000000002e-12 with accuracy 80%. Messages:
2026-06-28 19:19:23 INFO        | Unused arguments (n_rdwr_ports, global_cycle_seconds) provided for ['SRAM', 'sram'].__init__. Arguments used: (technology, width, depth, n_banks)
2026-06-28 19:19:23 INFO        | Unused arguments (global_cycle_seconds) provided for ['SRAM', 'sram'].read. Arguments used: (data_delta, address_delta)
2026-06-28 19:19:23 INFO        | Calling CACTI with cache_size=8192 n_rw_ports=1 block_size=16 tech_node_um=0.045 n_banks=1 tag_size=0 associativity=1
2026-06-28 19:19:23 INFO        | Calling CACTI with input path /usr/local/share/accelergy/estimation_plug_ins/accelergy-cacti-plug-in/cacti_inputs_outputs/tmp3w_s8lz6
2026-06-28 19:19:23 INFO        | CACTI output will be written to /usr/local/share/accelergy/estimation_plug_ins/accelergy-cacti-plug-in/cacti_inputs_outputs/tmpxz52u8he
2026-06-28 19:19:23 INFO        | CACTI executable not found at /usr/local/share/accelergy/estimation_plug_ins/accelergy-cacti-plug-in/cacti/cacti
2026-06-28 19:19:23 INFO        | Calling: cd /usr/local/share/accelergy/estimation_plug_ins/accelergy-cacti-plug-in ; ./cacti -infile /usr/local/share/accelergy/estimation_plug_ins/accelergy-cacti-plug-in/cacti_inputs_outputs/tmp3w_s8lz6 >> /usr/local/share/accelergy/estimation_plug_ins/accelergy-cacti-plug-in/cacti_inputs_outputs/tmpxz52u8he 2>&1
2026-06-28 19:19:23 INFO        | Cache bandwidth: 16.0 bytes/cycle
2026-06-28 19:19:23 INFO        | Cache bandwidth: 144426980313.92557 bits/second
2026-06-28 19:19:23 INFO        
2026-06-28 19:19:23 INFO        ENERGY ESTIMATION for intadder(technology=45nm, width=6.238324625039508, global_cycle_seconds=5e-10).add(global_cycle_seconds=5e-10)
2026-06-28 19:19:23 INFO        dummy estimated 1p with accuracy 1%. 
2026-06-28 19:19:23 INFO        Plug-ins provided accuracy, but failed to estimate:
2026-06-28 19:19:23 INFO        | Aladdin_table with accuracy 70% estimating value: KeyError: 'action_latency_cycles'
2026-06-28 19:19:23 INFO        
2026-06-28 19:19:23 INFO        ENERGY ESTIMATION for intadder(technology=45nm, width=6.238324625039508, global_cycle_seconds=5e-10).idle(global_cycle_seconds=5e-10)
2026-06-28 19:19:23 INFO        dummy estimated 1p with accuracy 1%. 
2026-06-28 19:19:23 INFO        Plug-ins provided accuracy, but failed to estimate:
2026-06-28 19:19:23 INFO        | Aladdin_table with accuracy 70% estimating value: KeyError: 'action_latency_cycles'
2026-06-28 19:19:23 INFO        
2026-06-28 19:19:23 INFO        ENERGY ESTIMATION for SRAM(technology=45nm, width=128, depth=512, n_rdwr_ports=2, n_banks=1, global_cycle_seconds=5e-10).idle(global_cycle_seconds=5e-10)
2026-06-28 19:19:23 INFO        CactiSRAM estimated 0 with accuracy 80%. Messages:
2026-06-28 19:19:23 INFO        | Unused arguments (n_rdwr_ports, global_cycle_seconds) provided for ['SRAM', 'sram'].__init__. Arguments used: (technology, width, depth, n_banks)
2026-06-28 19:19:23 INFO        | Unused arguments (global_cycle_seconds) provided for ['SRAM', 'sram'].idle. Arguments used: ()
2026-06-28 19:19:23 INFO        
2026-06-28 19:19:23 INFO        ENERGY ESTIMATION for intadder(technology=45nm, width=6.238324625039508, global_cycle_seconds=5e-10).idle(global_cycle_seconds=5e-10)
2026-06-28 19:19:23 INFO        dummy estimated 1p with accuracy 1%. 
2026-06-28 19:19:23 INFO        Plug-ins provided accuracy, but failed to estimate:
2026-06-28 19:19:23 INFO        | Aladdin_table with accuracy 70% estimating value: KeyError: 'action_latency_cycles'
2026-06-28 19:19:23 INFO        
2026-06-28 19:19:23 INFO        ENERGY ESTIMATION for SRAM(technology=45nm, width=64, depth=64, n_rdwr_ports=2, n_banks=1, global_cycle_seconds=5e-10).write(data_delta=0, address_delta=0, global_cycle_seconds=5e-10)
2026-06-28 19:19:23 INFO        CactiSRAM estimated 0.0 with accuracy 80%. Messages:
2026-06-28 19:19:23 INFO        | Unused arguments (n_rdwr_ports, global_cycle_seconds) provided for ['SRAM', 'sram'].__init__. Arguments used: (technology, width, depth, n_banks)
2026-06-28 19:19:23 INFO        | Unused arguments (global_cycle_seconds) provided for ['SRAM', 'sram'].write. Arguments used: (data_delta, address_delta)
2026-06-28 19:19:23 INFO        | Calling CACTI with cache_size=512 n_rw_ports=1 block_size=8 tech_node_um=0.045 n_banks=1 tag_size=0 associativity=1
2026-06-28 19:19:23 INFO        | Calling CACTI with input path /usr/local/share/accelergy/estimation_plug_ins/accelergy-cacti-plug-in/cacti_inputs_outputs/tmp6omisvw3
2026-06-28 19:19:23 INFO        | CACTI output will be written to /usr/local/share/accelergy/estimation_plug_ins/accelergy-cacti-plug-in/cacti_inputs_outputs/tmpwacius0e
2026-06-28 19:19:23 INFO        | CACTI executable not found at /usr/local/share/accelergy/estimation_plug_ins/accelergy-cacti-plug-in/cacti/cacti
2026-06-28 19:19:23 INFO        | Calling: cd /usr/local/share/accelergy/estimation_plug_ins/accelergy-cacti-plug-in ; ./cacti -infile /usr/local/share/accelergy/estimation_plug_ins/accelergy-cacti-plug-in/cacti_inputs_outputs/tmp6omisvw3 >> /usr/local/share/accelergy/estimation_plug_ins/accelergy-cacti-plug-in/cacti_inputs_outputs/tmpwacius0e 2>&1
2026-06-28 19:19:23 INFO        | Cache bandwidth: 8.0 bytes/cycle
2026-06-28 19:19:23 INFO        | Cache bandwidth: 112577947035.59398 bits/second
2026-06-28 19:19:23 INFO        
2026-06-28 19:19:23 INFO        ENERGY ESTIMATION for intadder(technology=45nm, width=4.1588830833596715, global_cycle_seconds=5e-10).count(global_cycle_seconds=5e-10)
2026-06-28 19:19:23 INFO        dummy estimated 1p with accuracy 1%. 
2026-06-28 19:19:23 INFO        Plug-ins provided accuracy, but failed to estimate:
2026-06-28 19:19:23 INFO        | Aladdin_table with accuracy 70% estimating value: KeyError: 'action_latency_cycles'
2026-06-28 19:19:23 INFO        
2026-06-28 19:19:23 INFO        ENERGY ESTIMATION for intadder(technology=45nm, width=4.1588830833596715, global_cycle_seconds=5e-10).idle(global_cycle_seconds=5e-10)
2026-06-28 19:19:23 INFO        dummy estimated 1p with accuracy 1%. 
2026-06-28 19:19:23 INFO        Plug-ins provided accuracy, but failed to estimate:
2026-06-28 19:19:23 INFO        | Aladdin_table with accuracy 70% estimating value: KeyError: 'action_latency_cycles'
2026-06-28 19:19:23 INFO        
2026-06-28 19:19:23 INFO        ENERGY ESTIMATION for SRAM(technology=45nm, width=64, depth=64, n_rdwr_ports=2, n_banks=1, global_cycle_seconds=5e-10).write(data_delta=1, address_delta=0, global_cycle_seconds=5e-10)
2026-06-28 19:19:23 INFO        CactiSRAM estimated 1.59656e-12 with accuracy 80%. Messages:
2026-06-28 19:19:23 INFO        | Unused arguments (n_rdwr_ports, global_cycle_seconds) provided for ['SRAM', 'sram'].__init__. Arguments used: (technology, width, depth, n_banks)
2026-06-28 19:19:23 INFO        | Unused arguments (global_cycle_seconds) provided for ['SRAM', 'sram'].write. Arguments used: (data_delta, address_delta)
2026-06-28 19:19:23 INFO        | Calling CACTI with cache_size=512 n_rw_ports=1 block_size=8 tech_node_um=0.045 n_banks=1 tag_size=0 associativity=1
2026-06-28 19:19:23 INFO        | Calling CACTI with input path /usr/local/share/accelergy/estimation_plug_ins/accelergy-cacti-plug-in/cacti_inputs_outputs/tmpswllqkde
2026-06-28 19:19:23 INFO        | CACTI output will be written to /usr/local/share/accelergy/estimation_plug_ins/accelergy-cacti-plug-in/cacti_inputs_outputs/tmpvkor6v9c
2026-06-28 19:19:23 INFO        | CACTI executable not found at /usr/local/share/accelergy/estimation_plug_ins/accelergy-cacti-plug-in/cacti/cacti
2026-06-28 19:19:23 INFO        | Calling: cd /usr/local/share/accelergy/estimation_plug_ins/accelergy-cacti-plug-in ; ./cacti -infile /usr/local/share/accelergy/estimation_plug_ins/accelergy-cacti-plug-in/cacti_inputs_outputs/tmpswllqkde >> /usr/local/share/accelergy/estimation_plug_ins/accelergy-cacti-plug-in/cacti_inputs_outputs/tmpvkor6v9c 2>&1
2026-06-28 19:19:23 INFO        | Cache bandwidth: 8.0 bytes/cycle
2026-06-28 19:19:23 INFO        | Cache bandwidth: 112577947035.59398 bits/second
2026-06-28 19:19:23 INFO        
2026-06-28 19:19:23 INFO        ENERGY ESTIMATION for intadder(technology=45nm, width=4.1588830833596715, global_cycle_seconds=5e-10).count(global_cycle_seconds=5e-10)
2026-06-28 19:19:23 INFO        dummy estimated 1p with accuracy 1%. 
2026-06-28 19:19:23 INFO        Plug-ins provided accuracy, but failed to estimate:
2026-06-28 19:19:23 INFO        | Aladdin_table with accuracy 70% estimating value: KeyError: 'action_latency_cycles'
2026-06-28 19:19:23 INFO        
2026-06-28 19:19:23 INFO        ENERGY ESTIMATION for intadder(technology=45nm, width=4.1588830833596715, global_cycle_seconds=5e-10).idle(global_cycle_seconds=5e-10)
2026-06-28 19:19:23 INFO        dummy estimated 1p with accuracy 1%. 
2026-06-28 19:19:23 INFO        Plug-ins provided accuracy, but failed to estimate:
2026-06-28 19:19:23 INFO        | Aladdin_table with accuracy 70% estimating value: KeyError: 'action_latency_cycles'
2026-06-28 19:19:23 INFO        
2026-06-28 19:19:23 INFO        ENERGY ESTIMATION for SRAM(technology=45nm, width=64, depth=64, n_rdwr_ports=2, n_banks=1, global_cycle_seconds=5e-10).write(data_delta=0, address_delta=1, global_cycle_seconds=5e-10)
2026-06-28 19:19:23 INFO        CactiSRAM estimated 6.8424e-13 with accuracy 80%. Messages:
2026-06-28 19:19:23 INFO        | Unused arguments (n_rdwr_ports, global_cycle_seconds) provided for ['SRAM', 'sram'].__init__. Arguments used: (technology, width, depth, n_banks)
2026-06-28 19:19:23 INFO        | Unused arguments (global_cycle_seconds) provided for ['SRAM', 'sram'].write. Arguments used: (data_delta, address_delta)
2026-06-28 19:19:23 INFO        | Calling CACTI with cache_size=512 n_rw_ports=1 block_size=8 tech_node_um=0.045 n_banks=1 tag_size=0 associativity=1
2026-06-28 19:19:23 INFO        | Calling CACTI with input path /usr/local/share/accelergy/estimation_plug_ins/accelergy-cacti-plug-in/cacti_inputs_outputs/tmp1q__5j_u
2026-06-28 19:19:23 INFO        | CACTI output will be written to /usr/local/share/accelergy/estimation_plug_ins/accelergy-cacti-plug-in/cacti_inputs_outputs/tmpi3594c8s
2026-06-28 19:19:23 INFO        | CACTI executable not found at /usr/local/share/accelergy/estimation_plug_ins/accelergy-cacti-plug-in/cacti/cacti
2026-06-28 19:19:23 INFO        | Calling: cd /usr/local/share/accelergy/estimation_plug_ins/accelergy-cacti-plug-in ; ./cacti -infile /usr/local/share/accelergy/estimation_plug_ins/accelergy-cacti-plug-in/cacti_inputs_outputs/tmp1q__5j_u >> /usr/local/share/accelergy/estimation_plug_ins/accelergy-cacti-plug-in/cacti_inputs_outputs/tmpi3594c8s 2>&1
2026-06-28 19:19:23 INFO        | Cache bandwidth: 8.0 bytes/cycle
2026-06-28 19:19:23 INFO        | Cache bandwidth: 112577947035.59398 bits/second
2026-06-28 19:19:23 INFO        
2026-06-28 19:19:23 INFO        ENERGY ESTIMATION for intadder(technology=45nm, width=4.1588830833596715, global_cycle_seconds=5e-10).count(global_cycle_seconds=5e-10)
2026-06-28 19:19:23 INFO        dummy estimated 1p with accuracy 1%. 
2026-06-28 19:19:23 INFO        Plug-ins provided accuracy, but failed to estimate:
2026-06-28 19:19:23 INFO        | Aladdin_table with accuracy 70% estimating value: KeyError: 'action_latency_cycles'
2026-06-28 19:19:23 INFO        
2026-06-28 19:19:23 INFO        ENERGY ESTIMATION for intadder(technology=45nm, width=4.1588830833596715, global_cycle_seconds=5e-10).idle(global_cycle_seconds=5e-10)
2026-06-28 19:19:23 INFO        dummy estimated 1p with accuracy 1%. 
2026-06-28 19:19:23 INFO        Plug-ins provided accuracy, but failed to estimate:
2026-06-28 19:19:23 INFO        | Aladdin_table with accuracy 70% estimating value: KeyError: 'action_latency_cycles'
2026-06-28 19:19:23 INFO        
2026-06-28 19:19:23 INFO        ENERGY ESTIMATION for SRAM(technology=45nm, width=64, depth=64, n_rdwr_ports=2, n_banks=1, global_cycle_seconds=5e-10).write(data_delta=1, address_delta=1, global_cycle_seconds=5e-10)
2026-06-28 19:19:23 INFO        CactiSRAM estimated 2.2808e-12 with accuracy 80%. Messages:
2026-06-28 19:19:23 INFO        | Unused arguments (n_rdwr_ports, global_cycle_seconds) provided for ['SRAM', 'sram'].__init__. Arguments used: (technology, width, depth, n_banks)
2026-06-28 19:19:23 INFO        | Unused arguments (global_cycle_seconds) provided for ['SRAM', 'sram'].write. Arguments used: (data_delta, address_delta)
2026-06-28 19:19:23 INFO        | Calling CACTI with cache_size=512 n_rw_ports=1 block_size=8 tech_node_um=0.045 n_banks=1 tag_size=0 associativity=1
2026-06-28 19:19:23 INFO        | Calling CACTI with input path /usr/local/share/accelergy/estimation_plug_ins/accelergy-cacti-plug-in/cacti_inputs_outputs/tmpl3ign502
2026-06-28 19:19:23 INFO        | CACTI output will be written to /usr/local/share/accelergy/estimation_plug_ins/accelergy-cacti-plug-in/cacti_inputs_outputs/tmpbc4_onv6
2026-06-28 19:19:23 INFO        | CACTI executable not found at /usr/local/share/accelergy/estimation_plug_ins/accelergy-cacti-plug-in/cacti/cacti
2026-06-28 19:19:23 INFO        | Calling: cd /usr/local/share/accelergy/estimation_plug_ins/accelergy-cacti-plug-in ; ./cacti -infile /usr/local/share/accelergy/estimation_plug_ins/accelergy-cacti-plug-in/cacti_inputs_outputs/tmpl3ign502 >> /usr/local/share/accelergy/estimation_plug_ins/accelergy-cacti-plug-in/cacti_inputs_outputs/tmpbc4_onv6 2>&1
2026-06-28 19:19:23 INFO        | Cache bandwidth: 8.0 bytes/cycle
2026-06-28 19:19:23 INFO        | Cache bandwidth: 112577947035.59398 bits/second
2026-06-28 19:19:23 INFO        
2026-06-28 19:19:23 INFO        ENERGY ESTIMATION for intadder(technology=45nm, width=4.1588830833596715, global_cycle_seconds=5e-10).count(global_cycle_seconds=5e-10)
2026-06-28 19:19:23 INFO        dummy estimated 1p with accuracy 1%. 
2026-06-28 19:19:23 INFO        Plug-ins provided accuracy, but failed to estimate:
2026-06-28 19:19:23 INFO        | Aladdin_table with accuracy 70% estimating value: KeyError: 'action_latency_cycles'
2026-06-28 19:19:23 INFO        
2026-06-28 19:19:23 INFO        ENERGY ESTIMATION for intadder(technology=45nm, width=4.1588830833596715, global_cycle_seconds=5e-10).idle(global_cycle_seconds=5e-10)
2026-06-28 19:19:23 INFO        dummy estimated 1p with accuracy 1%. 
2026-06-28 19:19:23 INFO        Plug-ins provided accuracy, but failed to estimate:
2026-06-28 19:19:23 INFO        | Aladdin_table with accuracy 70% estimating value: KeyError: 'action_latency_cycles'
2026-06-28 19:19:23 INFO        
2026-06-28 19:19:23 INFO        ENERGY ESTIMATION for SRAM(technology=45nm, width=64, depth=64, n_rdwr_ports=2, n_banks=1, global_cycle_seconds=5e-10).read(data_delta=0, address_delta=0, global_cycle_seconds=5e-10)
2026-06-28 19:19:23 INFO        CactiSRAM estimated 0.0 with accuracy 80%. Messages:
2026-06-28 19:19:23 INFO        | Unused arguments (n_rdwr_ports, global_cycle_seconds) provided for ['SRAM', 'sram'].__init__. Arguments used: (technology, width, depth, n_banks)
2026-06-28 19:19:23 INFO        | Unused arguments (global_cycle_seconds) provided for ['SRAM', 'sram'].read. Arguments used: (data_delta, address_delta)
2026-06-28 19:19:23 INFO        | Calling CACTI with cache_size=512 n_rw_ports=1 block_size=8 tech_node_um=0.045 n_banks=1 tag_size=0 associativity=1
2026-06-28 19:19:23 INFO        | Calling CACTI with input path /usr/local/share/accelergy/estimation_plug_ins/accelergy-cacti-plug-in/cacti_inputs_outputs/tmpzfr7y0lc
2026-06-28 19:19:23 INFO        | CACTI output will be written to /usr/local/share/accelergy/estimation_plug_ins/accelergy-cacti-plug-in/cacti_inputs_outputs/tmp46u2toal
2026-06-28 19:19:23 INFO        | CACTI executable not found at /usr/local/share/accelergy/estimation_plug_ins/accelergy-cacti-plug-in/cacti/cacti
2026-06-28 19:19:23 INFO        | Calling: cd /usr/local/share/accelergy/estimation_plug_ins/accelergy-cacti-plug-in ; ./cacti -infile /usr/local/share/accelergy/estimation_plug_ins/accelergy-cacti-plug-in/cacti_inputs_outputs/tmpzfr7y0lc >> /usr/local/share/accelergy/estimation_plug_ins/accelergy-cacti-plug-in/cacti_inputs_outputs/tmp46u2toal 2>&1
2026-06-28 19:19:23 INFO        | Cache bandwidth: 8.0 bytes/cycle
2026-06-28 19:19:23 INFO        | Cache bandwidth: 112577947035.59398 bits/second
2026-06-28 19:19:23 INFO        
2026-06-28 19:19:23 INFO        ENERGY ESTIMATION for intadder(technology=45nm, width=4.1588830833596715, global_cycle_seconds=5e-10).add(global_cycle_seconds=5e-10)
2026-06-28 19:19:23 INFO        dummy estimated 1p with accuracy 1%. 
2026-06-28 19:19:23 INFO        Plug-ins provided accuracy, but failed to estimate:
2026-06-28 19:19:23 INFO        | Aladdin_table with accuracy 70% estimating value: KeyError: 'action_latency_cycles'
2026-06-28 19:19:23 INFO        
2026-06-28 19:19:23 INFO        ENERGY ESTIMATION for intadder(technology=45nm, width=4.1588830833596715, global_cycle_seconds=5e-10).idle(global_cycle_seconds=5e-10)
2026-06-28 19:19:23 INFO        dummy estimated 1p with accuracy 1%. 
2026-06-28 19:19:23 INFO        Plug-ins provided accuracy, but failed to estimate:
2026-06-28 19:19:23 INFO        | Aladdin_table with accuracy 70% estimating value: KeyError: 'action_latency_cycles'
2026-06-28 19:19:23 INFO        
2026-06-28 19:19:23 INFO        ENERGY ESTIMATION for SRAM(technology=45nm, width=64, depth=64, n_rdwr_ports=2, n_banks=1, global_cycle_seconds=5e-10).read(data_delta=1, address_delta=0, global_cycle_seconds=5e-10)
2026-06-28 19:19:23 INFO        CactiSRAM estimated 9.89555e-13 with accuracy 80%. Messages:
2026-06-28 19:19:23 INFO        | Unused arguments (n_rdwr_ports, global_cycle_seconds) provided for ['SRAM', 'sram'].__init__. Arguments used: (technology, width, depth, n_banks)
2026-06-28 19:19:23 INFO        | Unused arguments (global_cycle_seconds) provided for ['SRAM', 'sram'].read. Arguments used: (data_delta, address_delta)
2026-06-28 19:19:23 INFO        | Calling CACTI with cache_size=512 n_rw_ports=1 block_size=8 tech_node_um=0.045 n_banks=1 tag_size=0 associativity=1
2026-06-28 19:19:23 INFO        | Calling CACTI with input path /usr/local/share/accelergy/estimation_plug_ins/accelergy-cacti-plug-in/cacti_inputs_outputs/tmpzyuzs_a0
2026-06-28 19:19:23 INFO        | CACTI output will be written to /usr/local/share/accelergy/estimation_plug_ins/accelergy-cacti-plug-in/cacti_inputs_outputs/tmp9i06t61_
2026-06-28 19:19:23 INFO        | CACTI executable not found at /usr/local/share/accelergy/estimation_plug_ins/accelergy-cacti-plug-in/cacti/cacti
2026-06-28 19:19:23 INFO        | Calling: cd /usr/local/share/accelergy/estimation_plug_ins/accelergy-cacti-plug-in ; ./cacti -infile /usr/local/share/accelergy/estimation_plug_ins/accelergy-cacti-plug-in/cacti_inputs_outputs/tmpzyuzs_a0 >> /usr/local/share/accelergy/estimation_plug_ins/accelergy-cacti-plug-in/cacti_inputs_outputs/tmp9i06t61_ 2>&1
2026-06-28 19:19:23 INFO        | Cache bandwidth: 8.0 bytes/cycle
2026-06-28 19:19:23 INFO        | Cache bandwidth: 112577947035.59398 bits/second
2026-06-28 19:19:23 INFO        
2026-06-28 19:19:23 INFO        ENERGY ESTIMATION for intadder(technology=45nm, width=4.1588830833596715, global_cycle_seconds=5e-10).add(global_cycle_seconds=5e-10)
2026-06-28 19:19:23 INFO        dummy estimated 1p with accuracy 1%. 
2026-06-28 19:19:23 INFO        Plug-ins provided accuracy, but failed to estimate:
2026-06-28 19:19:23 INFO        | Aladdin_table with accuracy 70% estimating value: KeyError: 'action_latency_cycles'
2026-06-28 19:19:23 INFO        
2026-06-28 19:19:23 INFO        ENERGY ESTIMATION for intadder(technology=45nm, width=4.1588830833596715, global_cycle_seconds=5e-10).idle(global_cycle_seconds=5e-10)
2026-06-28 19:19:23 INFO        dummy estimated 1p with accuracy 1%. 
2026-06-28 19:19:23 INFO        Plug-ins provided accuracy, but failed to estimate:
2026-06-28 19:19:23 INFO        | Aladdin_table with accuracy 70% estimating value: KeyError: 'action_latency_cycles'
2026-06-28 19:19:23 INFO        
2026-06-28 19:19:23 INFO        ENERGY ESTIMATION for SRAM(technology=45nm, width=64, depth=64, n_rdwr_ports=2, n_banks=1, global_cycle_seconds=5e-10).read(data_delta=0, address_delta=1, global_cycle_seconds=5e-10)
2026-06-28 19:19:23 INFO        CactiSRAM estimated 4.24095e-13 with accuracy 80%. Messages:
2026-06-28 19:19:23 INFO        | Unused arguments (n_rdwr_ports, global_cycle_seconds) provided for ['SRAM', 'sram'].__init__. Arguments used: (technology, width, depth, n_banks)
2026-06-28 19:19:23 INFO        | Unused arguments (global_cycle_seconds) provided for ['SRAM', 'sram'].read. Arguments used: (data_delta, address_delta)
2026-06-28 19:19:23 INFO        | Calling CACTI with cache_size=512 n_rw_ports=1 block_size=8 tech_node_um=0.045 n_banks=1 tag_size=0 associativity=1
2026-06-28 19:19:23 INFO        | Calling CACTI with input path /usr/local/share/accelergy/estimation_plug_ins/accelergy-cacti-plug-in/cacti_inputs_outputs/tmptn71q5eu
2026-06-28 19:19:23 INFO        | CACTI output will be written to /usr/local/share/accelergy/estimation_plug_ins/accelergy-cacti-plug-in/cacti_inputs_outputs/tmp1at03et_
2026-06-28 19:19:23 INFO        | CACTI executable not found at /usr/local/share/accelergy/estimation_plug_ins/accelergy-cacti-plug-in/cacti/cacti
2026-06-28 19:19:23 INFO        | Calling: cd /usr/local/share/accelergy/estimation_plug_ins/accelergy-cacti-plug-in ; ./cacti -infile /usr/local/share/accelergy/estimation_plug_ins/accelergy-cacti-plug-in/cacti_inputs_outputs/tmptn71q5eu >> /usr/local/share/accelergy/estimation_plug_ins/accelergy-cacti-plug-in/cacti_inputs_outputs/tmp1at03et_ 2>&1
2026-06-28 19:19:23 INFO        | Cache bandwidth: 8.0 bytes/cycle
2026-06-28 19:19:23 INFO        | Cache bandwidth: 112577947035.59398 bits/second
2026-06-28 19:19:23 INFO        
2026-06-28 19:19:23 INFO        ENERGY ESTIMATION for intadder(technology=45nm, width=4.1588830833596715, global_cycle_seconds=5e-10).add(global_cycle_seconds=5e-10)
2026-06-28 19:19:23 INFO        dummy estimated 1p with accuracy 1%. 
2026-06-28 19:19:23 INFO        Plug-ins provided accuracy, but failed to estimate:
2026-06-28 19:19:23 INFO        | Aladdin_table with accuracy 70% estimating value: KeyError: 'action_latency_cycles'
2026-06-28 19:19:23 INFO        
2026-06-28 19:19:23 INFO        ENERGY ESTIMATION for intadder(technology=45nm, width=4.1588830833596715, global_cycle_seconds=5e-10).idle(global_cycle_seconds=5e-10)
2026-06-28 19:19:23 INFO        dummy estimated 1p with accuracy 1%. 
2026-06-28 19:19:23 INFO        Plug-ins provided accuracy, but failed to estimate:
2026-06-28 19:19:23 INFO        | Aladdin_table with accuracy 70% estimating value: KeyError: 'action_latency_cycles'
2026-06-28 19:19:23 INFO        
2026-06-28 19:19:23 INFO        ENERGY ESTIMATION for SRAM(technology=45nm, width=64, depth=64, n_rdwr_ports=2, n_banks=1, global_cycle_seconds=5e-10).read(data_delta=1, address_delta=1, global_cycle_seconds=5e-10)
2026-06-28 19:19:23 INFO        CactiSRAM estimated 1.4136500000000001e-12 with accuracy 80%. Messages:
2026-06-28 19:19:23 INFO        | Unused arguments (n_rdwr_ports, global_cycle_seconds) provided for ['SRAM', 'sram'].__init__. Arguments used: (technology, width, depth, n_banks)
2026-06-28 19:19:23 INFO        | Unused arguments (global_cycle_seconds) provided for ['SRAM', 'sram'].read. Arguments used: (data_delta, address_delta)
2026-06-28 19:19:23 INFO        | Calling CACTI with cache_size=512 n_rw_ports=1 block_size=8 tech_node_um=0.045 n_banks=1 tag_size=0 associativity=1
2026-06-28 19:19:23 INFO        | Calling CACTI with input path /usr/local/share/accelergy/estimation_plug_ins/accelergy-cacti-plug-in/cacti_inputs_outputs/tmp_nc1yxw7
2026-06-28 19:19:23 INFO        | CACTI output will be written to /usr/local/share/accelergy/estimation_plug_ins/accelergy-cacti-plug-in/cacti_inputs_outputs/tmp0x8f_kq7
2026-06-28 19:19:23 INFO        | CACTI executable not found at /usr/local/share/accelergy/estimation_plug_ins/accelergy-cacti-plug-in/cacti/cacti
2026-06-28 19:19:23 INFO        | Calling: cd /usr/local/share/accelergy/estimation_plug_ins/accelergy-cacti-plug-in ; ./cacti -infile /usr/local/share/accelergy/estimation_plug_ins/accelergy-cacti-plug-in/cacti_inputs_outputs/tmp_nc1yxw7 >> /usr/local/share/accelergy/estimation_plug_ins/accelergy-cacti-plug-in/cacti_inputs_outputs/tmp0x8f_kq7 2>&1
2026-06-28 19:19:23 INFO        | Cache bandwidth: 8.0 bytes/cycle
2026-06-28 19:19:23 INFO        | Cache bandwidth: 112577947035.59398 bits/second
2026-06-28 19:19:23 INFO        
2026-06-28 19:19:23 INFO        ENERGY ESTIMATION for intadder(technology=45nm, width=4.1588830833596715, global_cycle_seconds=5e-10).add(global_cycle_seconds=5e-10)
2026-06-28 19:19:23 INFO        dummy estimated 1p with accuracy 1%. 
2026-06-28 19:19:23 INFO        Plug-ins provided accuracy, but failed to estimate:
2026-06-28 19:19:23 INFO        | Aladdin_table with accuracy 70% estimating value: KeyError: 'action_latency_cycles'
2026-06-28 19:19:23 INFO        
2026-06-28 19:19:23 INFO        ENERGY ESTIMATION for intadder(technology=45nm, width=4.1588830833596715, global_cycle_seconds=5e-10).idle(global_cycle_seconds=5e-10)
2026-06-28 19:19:23 INFO        dummy estimated 1p with accuracy 1%. 
2026-06-28 19:19:23 INFO        Plug-ins provided accuracy, but failed to estimate:
2026-06-28 19:19:23 INFO        | Aladdin_table with accuracy 70% estimating value: KeyError: 'action_latency_cycles'
2026-06-28 19:19:23 INFO        
2026-06-28 19:19:23 INFO        ENERGY ESTIMATION for SRAM(technology=45nm, width=64, depth=64, n_rdwr_ports=2, n_banks=1, global_cycle_seconds=5e-10).idle(global_cycle_seconds=5e-10)
2026-06-28 19:19:23 INFO        CactiSRAM estimated 0 with accuracy 80%. Messages:
2026-06-28 19:19:23 INFO        | Unused arguments (n_rdwr_ports, global_cycle_seconds) provided for ['SRAM', 'sram'].__init__. Arguments used: (technology, width, depth, n_banks)
2026-06-28 19:19:23 INFO        | Unused arguments (global_cycle_seconds) provided for ['SRAM', 'sram'].idle. Arguments used: ()
2026-06-28 19:19:23 INFO        
2026-06-28 19:19:23 INFO        ENERGY ESTIMATION for intadder(technology=45nm, width=4.1588830833596715, global_cycle_seconds=5e-10).idle(global_cycle_seconds=5e-10)
2026-06-28 19:19:23 INFO        dummy estimated 1p with accuracy 1%. 
2026-06-28 19:19:23 INFO        Plug-ins provided accuracy, but failed to estimate:
2026-06-28 19:19:23 INFO        | Aladdin_table with accuracy 70% estimating value: KeyError: 'action_latency_cycles'
2026-06-28 19:19:23 INFO        
2026-06-28 19:19:23 INFO        ENERGY ESTIMATION for SRAM(technology=45nm, width=32, depth=1, n_rdwr_ports=2, n_banks=1, global_cycle_seconds=5e-10).write(data_delta=0, address_delta=0, global_cycle_seconds=5e-10)
2026-06-28 19:19:23 INFO        CactiSRAM estimated 0.0 with accuracy 80%. Messages:
2026-06-28 19:19:23 INFO        | Unused arguments (n_rdwr_ports, global_cycle_seconds) provided for ['SRAM', 'sram'].__init__. Arguments used: (technology, width, depth, n_banks)
2026-06-28 19:19:23 INFO        | Unused arguments (global_cycle_seconds) provided for ['SRAM', 'sram'].write. Arguments used: (data_delta, address_delta)
2026-06-28 19:19:23 INFO        | Calling CACTI with cache_size=256 n_rw_ports=1 block_size=4 tech_node_um=0.045 n_banks=1 tag_size=0 associativity=1
2026-06-28 19:19:23 INFO        | Calling CACTI with input path /usr/local/share/accelergy/estimation_plug_ins/accelergy-cacti-plug-in/cacti_inputs_outputs/tmpt3puyz60
2026-06-28 19:19:23 INFO        | CACTI output will be written to /usr/local/share/accelergy/estimation_plug_ins/accelergy-cacti-plug-in/cacti_inputs_outputs/tmpsc3itdf7
2026-06-28 19:19:23 INFO        | CACTI executable not found at /usr/local/share/accelergy/estimation_plug_ins/accelergy-cacti-plug-in/cacti/cacti
2026-06-28 19:19:23 INFO        | Calling: cd /usr/local/share/accelergy/estimation_plug_ins/accelergy-cacti-plug-in ; ./cacti -infile /usr/local/share/accelergy/estimation_plug_ins/accelergy-cacti-plug-in/cacti_inputs_outputs/tmpt3puyz60 >> /usr/local/share/accelergy/estimation_plug_ins/accelergy-cacti-plug-in/cacti_inputs_outputs/tmpsc3itdf7 2>&1
2026-06-28 19:19:23 INFO        | Cache bandwidth: 4.0 bytes/cycle
2026-06-28 19:19:23 INFO        | Cache bandwidth: 65421210374.168434 bits/second
2026-06-28 19:19:23 INFO        
2026-06-28 19:19:23 INFO        ENERGY ESTIMATION for intadder(technology=45nm, width=0, global_cycle_seconds=5e-10).count(global_cycle_seconds=5e-10)
2026-06-28 19:19:23 INFO        dummy estimated 1p with accuracy 1%. 
2026-06-28 19:19:23 INFO        Plug-ins provided accuracy, but failed to estimate:
2026-06-28 19:19:23 INFO        | Aladdin_table with accuracy 70% estimating value: KeyError: 'action_latency_cycles'
2026-06-28 19:19:23 INFO        
2026-06-28 19:19:23 INFO        ENERGY ESTIMATION for intadder(technology=45nm, width=0, global_cycle_seconds=5e-10).idle(global_cycle_seconds=5e-10)
2026-06-28 19:19:23 INFO        dummy estimated 1p with accuracy 1%. 
2026-06-28 19:19:23 INFO        Plug-ins provided accuracy, but failed to estimate:
2026-06-28 19:19:23 INFO        | Aladdin_table with accuracy 70% estimating value: KeyError: 'action_latency_cycles'
2026-06-28 19:19:23 INFO        
2026-06-28 19:19:23 INFO        ENERGY ESTIMATION for SRAM(technology=45nm, width=32, depth=1, n_rdwr_ports=2, n_banks=1, global_cycle_seconds=5e-10).write(data_delta=1, address_delta=0, global_cycle_seconds=5e-10)
2026-06-28 19:19:23 INFO        CactiSRAM estimated 3.017831299903715e-14 with accuracy 80%. Messages:
2026-06-28 19:19:23 INFO        | Unused arguments (n_rdwr_ports, global_cycle_seconds) provided for ['SRAM', 'sram'].__init__. Arguments used: (technology, width, depth, n_banks)
2026-06-28 19:19:23 INFO        | Unused arguments (global_cycle_seconds) provided for ['SRAM', 'sram'].write. Arguments used: (data_delta, address_delta)
2026-06-28 19:19:23 INFO        | Calling CACTI with cache_size=256 n_rw_ports=1 block_size=4 tech_node_um=0.045 n_banks=1 tag_size=0 associativity=1
2026-06-28 19:19:23 INFO        | Calling CACTI with input path /usr/local/share/accelergy/estimation_plug_ins/accelergy-cacti-plug-in/cacti_inputs_outputs/tmpnyggjqdu
2026-06-28 19:19:23 INFO        | CACTI output will be written to /usr/local/share/accelergy/estimation_plug_ins/accelergy-cacti-plug-in/cacti_inputs_outputs/tmpzjunoinf
2026-06-28 19:19:23 INFO        | CACTI executable not found at /usr/local/share/accelergy/estimation_plug_ins/accelergy-cacti-plug-in/cacti/cacti
2026-06-28 19:19:23 INFO        | Calling: cd /usr/local/share/accelergy/estimation_plug_ins/accelergy-cacti-plug-in ; ./cacti -infile /usr/local/share/accelergy/estimation_plug_ins/accelergy-cacti-plug-in/cacti_inputs_outputs/tmpnyggjqdu >> /usr/local/share/accelergy/estimation_plug_ins/accelergy-cacti-plug-in/cacti_inputs_outputs/tmpzjunoinf 2>&1
2026-06-28 19:19:23 INFO        | Cache bandwidth: 4.0 bytes/cycle
2026-06-28 19:19:23 INFO        | Cache bandwidth: 65421210374.168434 bits/second
2026-06-28 19:19:23 INFO        
2026-06-28 19:19:23 INFO        ENERGY ESTIMATION for intadder(technology=45nm, width=0, global_cycle_seconds=5e-10).count(global_cycle_seconds=5e-10)
2026-06-28 19:19:23 INFO        dummy estimated 1p with accuracy 1%. 
2026-06-28 19:19:23 INFO        Plug-ins provided accuracy, but failed to estimate:
2026-06-28 19:19:23 INFO        | Aladdin_table with accuracy 70% estimating value: KeyError: 'action_latency_cycles'
2026-06-28 19:19:23 INFO        
2026-06-28 19:19:23 INFO        ENERGY ESTIMATION for intadder(technology=45nm, width=0, global_cycle_seconds=5e-10).idle(global_cycle_seconds=5e-10)
2026-06-28 19:19:23 INFO        dummy estimated 1p with accuracy 1%. 
2026-06-28 19:19:23 INFO        Plug-ins provided accuracy, but failed to estimate:
2026-06-28 19:19:23 INFO        | Aladdin_table with accuracy 70% estimating value: KeyError: 'action_latency_cycles'
2026-06-28 19:19:23 INFO        
2026-06-28 19:19:23 INFO        ENERGY ESTIMATION for SRAM(technology=45nm, width=32, depth=1, n_rdwr_ports=2, n_banks=1, global_cycle_seconds=5e-10).write(data_delta=0, address_delta=1, global_cycle_seconds=5e-10)
2026-06-28 19:19:23 INFO        CactiSRAM estimated 1.2933562713873066e-14 with accuracy 80%. Messages:
2026-06-28 19:19:23 INFO        | Unused arguments (n_rdwr_ports, global_cycle_seconds) provided for ['SRAM', 'sram'].__init__. Arguments used: (technology, width, depth, n_banks)
2026-06-28 19:19:23 INFO        | Unused arguments (global_cycle_seconds) provided for ['SRAM', 'sram'].write. Arguments used: (data_delta, address_delta)
2026-06-28 19:19:23 INFO        | Calling CACTI with cache_size=256 n_rw_ports=1 block_size=4 tech_node_um=0.045 n_banks=1 tag_size=0 associativity=1
2026-06-28 19:19:23 INFO        | Calling CACTI with input path /usr/local/share/accelergy/estimation_plug_ins/accelergy-cacti-plug-in/cacti_inputs_outputs/tmp01bmpcmq
2026-06-28 19:19:23 INFO        | CACTI output will be written to /usr/local/share/accelergy/estimation_plug_ins/accelergy-cacti-plug-in/cacti_inputs_outputs/tmp8th767tc
2026-06-28 19:19:23 INFO        | CACTI executable not found at /usr/local/share/accelergy/estimation_plug_ins/accelergy-cacti-plug-in/cacti/cacti
2026-06-28 19:19:23 INFO        | Calling: cd /usr/local/share/accelergy/estimation_plug_ins/accelergy-cacti-plug-in ; ./cacti -infile /usr/local/share/accelergy/estimation_plug_ins/accelergy-cacti-plug-in/cacti_inputs_outputs/tmp01bmpcmq >> /usr/local/share/accelergy/estimation_plug_ins/accelergy-cacti-plug-in/cacti_inputs_outputs/tmp8th767tc 2>&1
2026-06-28 19:19:23 INFO        | Cache bandwidth: 4.0 bytes/cycle
2026-06-28 19:19:23 INFO        | Cache bandwidth: 65421210374.168434 bits/second
2026-06-28 19:19:23 INFO        
2026-06-28 19:19:23 INFO        ENERGY ESTIMATION for intadder(technology=45nm, width=0, global_cycle_seconds=5e-10).count(global_cycle_seconds=5e-10)
2026-06-28 19:19:23 INFO        dummy estimated 1p with accuracy 1%. 
2026-06-28 19:19:23 INFO        Plug-ins provided accuracy, but failed to estimate:
2026-06-28 19:19:23 INFO        | Aladdin_table with accuracy 70% estimating value: KeyError: 'action_latency_cycles'
2026-06-28 19:19:23 INFO        
2026-06-28 19:19:23 INFO        ENERGY ESTIMATION for intadder(technology=45nm, width=0, global_cycle_seconds=5e-10).idle(global_cycle_seconds=5e-10)
2026-06-28 19:19:23 INFO        dummy estimated 1p with accuracy 1%. 
2026-06-28 19:19:23 INFO        Plug-ins provided accuracy, but failed to estimate:
2026-06-28 19:19:23 INFO        | Aladdin_table with accuracy 70% estimating value: KeyError: 'action_latency_cycles'
2026-06-28 19:19:23 INFO        
2026-06-28 19:19:23 INFO        ENERGY ESTIMATION for SRAM(technology=45nm, width=32, depth=1, n_rdwr_ports=2, n_banks=1, global_cycle_seconds=5e-10).write(data_delta=1, address_delta=1, global_cycle_seconds=5e-10)
2026-06-28 19:19:23 INFO        CactiSRAM estimated 4.3111875712910225e-14 with accuracy 80%. Messages:
2026-06-28 19:19:23 INFO        | Unused arguments (n_rdwr_ports, global_cycle_seconds) provided for ['SRAM', 'sram'].__init__. Arguments used: (technology, width, depth, n_banks)
2026-06-28 19:19:23 INFO        | Unused arguments (global_cycle_seconds) provided for ['SRAM', 'sram'].write. Arguments used: (data_delta, address_delta)
2026-06-28 19:19:23 INFO        | Calling CACTI with cache_size=256 n_rw_ports=1 block_size=4 tech_node_um=0.045 n_banks=1 tag_size=0 associativity=1
2026-06-28 19:19:23 INFO        | Calling CACTI with input path /usr/local/share/accelergy/estimation_plug_ins/accelergy-cacti-plug-in/cacti_inputs_outputs/tmp56fmtlap
2026-06-28 19:19:23 INFO        | CACTI output will be written to /usr/local/share/accelergy/estimation_plug_ins/accelergy-cacti-plug-in/cacti_inputs_outputs/tmpwfnj1m47
2026-06-28 19:19:23 INFO        | CACTI executable not found at /usr/local/share/accelergy/estimation_plug_ins/accelergy-cacti-plug-in/cacti/cacti
2026-06-28 19:19:23 INFO        | Calling: cd /usr/local/share/accelergy/estimation_plug_ins/accelergy-cacti-plug-in ; ./cacti -infile /usr/local/share/accelergy/estimation_plug_ins/accelergy-cacti-plug-in/cacti_inputs_outputs/tmp56fmtlap >> /usr/local/share/accelergy/estimation_plug_ins/accelergy-cacti-plug-in/cacti_inputs_outputs/tmpwfnj1m47 2>&1
2026-06-28 19:19:23 INFO        | Cache bandwidth: 4.0 bytes/cycle
2026-06-28 19:19:23 INFO        | Cache bandwidth: 65421210374.168434 bits/second
2026-06-28 19:19:23 INFO        
2026-06-28 19:19:23 INFO        ENERGY ESTIMATION for intadder(technology=45nm, width=0, global_cycle_seconds=5e-10).count(global_cycle_seconds=5e-10)
2026-06-28 19:19:23 INFO        dummy estimated 1p with accuracy 1%. 
2026-06-28 19:19:23 INFO        Plug-ins provided accuracy, but failed to estimate:
2026-06-28 19:19:23 INFO        | Aladdin_table with accuracy 70% estimating value: KeyError: 'action_latency_cycles'
2026-06-28 19:19:23 INFO        
2026-06-28 19:19:23 INFO        ENERGY ESTIMATION for intadder(technology=45nm, width=0, global_cycle_seconds=5e-10).idle(global_cycle_seconds=5e-10)
2026-06-28 19:19:23 INFO        dummy estimated 1p with accuracy 1%. 
2026-06-28 19:19:23 INFO        Plug-ins provided accuracy, but failed to estimate:
2026-06-28 19:19:23 INFO        | Aladdin_table with accuracy 70% estimating value: KeyError: 'action_latency_cycles'
2026-06-28 19:19:23 INFO        
2026-06-28 19:19:23 INFO        ENERGY ESTIMATION for SRAM(technology=45nm, width=32, depth=1, n_rdwr_ports=2, n_banks=1, global_cycle_seconds=5e-10).read(data_delta=0, address_delta=0, global_cycle_seconds=5e-10)
2026-06-28 19:19:24 INFO        CactiSRAM estimated 0.0 with accuracy 80%. Messages:
2026-06-28 19:19:24 INFO        | Unused arguments (n_rdwr_ports, global_cycle_seconds) provided for ['SRAM', 'sram'].__init__. Arguments used: (technology, width, depth, n_banks)
2026-06-28 19:19:24 INFO        | Unused arguments (global_cycle_seconds) provided for ['SRAM', 'sram'].read. Arguments used: (data_delta, address_delta)
2026-06-28 19:19:24 INFO        | Calling CACTI with cache_size=256 n_rw_ports=1 block_size=4 tech_node_um=0.045 n_banks=1 tag_size=0 associativity=1
2026-06-28 19:19:24 INFO        | Calling CACTI with input path /usr/local/share/accelergy/estimation_plug_ins/accelergy-cacti-plug-in/cacti_inputs_outputs/tmpk0v6qccd
2026-06-28 19:19:24 INFO        | CACTI output will be written to /usr/local/share/accelergy/estimation_plug_ins/accelergy-cacti-plug-in/cacti_inputs_outputs/tmpbi0ef19h
2026-06-28 19:19:24 INFO        | CACTI executable not found at /usr/local/share/accelergy/estimation_plug_ins/accelergy-cacti-plug-in/cacti/cacti
2026-06-28 19:19:24 INFO        | Calling: cd /usr/local/share/accelergy/estimation_plug_ins/accelergy-cacti-plug-in ; ./cacti -infile /usr/local/share/accelergy/estimation_plug_ins/accelergy-cacti-plug-in/cacti_inputs_outputs/tmpk0v6qccd >> /usr/local/share/accelergy/estimation_plug_ins/accelergy-cacti-plug-in/cacti_inputs_outputs/tmpbi0ef19h 2>&1
2026-06-28 19:19:24 INFO        | Cache bandwidth: 4.0 bytes/cycle
2026-06-28 19:19:24 INFO        | Cache bandwidth: 65421210374.168434 bits/second
2026-06-28 19:19:24 INFO        
2026-06-28 19:19:24 INFO        ENERGY ESTIMATION for intadder(technology=45nm, width=0, global_cycle_seconds=5e-10).add(global_cycle_seconds=5e-10)
2026-06-28 19:19:24 INFO        dummy estimated 1p with accuracy 1%. 
2026-06-28 19:19:24 INFO        Plug-ins provided accuracy, but failed to estimate:
2026-06-28 19:19:24 INFO        | Aladdin_table with accuracy 70% estimating value: KeyError: 'action_latency_cycles'
2026-06-28 19:19:24 INFO        
2026-06-28 19:19:24 INFO        ENERGY ESTIMATION for intadder(technology=45nm, width=0, global_cycle_seconds=5e-10).idle(global_cycle_seconds=5e-10)
2026-06-28 19:19:24 INFO        dummy estimated 1p with accuracy 1%. 
2026-06-28 19:19:24 INFO        Plug-ins provided accuracy, but failed to estimate:
2026-06-28 19:19:24 INFO        | Aladdin_table with accuracy 70% estimating value: KeyError: 'action_latency_cycles'
2026-06-28 19:19:24 INFO        
2026-06-28 19:19:24 INFO        ENERGY ESTIMATION for SRAM(technology=45nm, width=32, depth=1, n_rdwr_ports=2, n_banks=1, global_cycle_seconds=5e-10).read(data_delta=1, address_delta=0, global_cycle_seconds=5e-10)
2026-06-28 19:19:24 INFO        CactiSRAM estimated 1.8338580423474302e-14 with accuracy 80%. Messages:
2026-06-28 19:19:24 INFO        | Unused arguments (n_rdwr_ports, global_cycle_seconds) provided for ['SRAM', 'sram'].__init__. Arguments used: (technology, width, depth, n_banks)
2026-06-28 19:19:24 INFO        | Unused arguments (global_cycle_seconds) provided for ['SRAM', 'sram'].read. Arguments used: (data_delta, address_delta)
2026-06-28 19:19:24 INFO        | Calling CACTI with cache_size=256 n_rw_ports=1 block_size=4 tech_node_um=0.045 n_banks=1 tag_size=0 associativity=1
2026-06-28 19:19:24 INFO        | Calling CACTI with input path /usr/local/share/accelergy/estimation_plug_ins/accelergy-cacti-plug-in/cacti_inputs_outputs/tmp4rlfh787
2026-06-28 19:19:24 INFO        | CACTI output will be written to /usr/local/share/accelergy/estimation_plug_ins/accelergy-cacti-plug-in/cacti_inputs_outputs/tmpfv06siir
2026-06-28 19:19:24 INFO        | CACTI executable not found at /usr/local/share/accelergy/estimation_plug_ins/accelergy-cacti-plug-in/cacti/cacti
2026-06-28 19:19:24 INFO        | Calling: cd /usr/local/share/accelergy/estimation_plug_ins/accelergy-cacti-plug-in ; ./cacti -infile /usr/local/share/accelergy/estimation_plug_ins/accelergy-cacti-plug-in/cacti_inputs_outputs/tmp4rlfh787 >> /usr/local/share/accelergy/estimation_plug_ins/accelergy-cacti-plug-in/cacti_inputs_outputs/tmpfv06siir 2>&1
2026-06-28 19:19:24 INFO        | Cache bandwidth: 4.0 bytes/cycle
2026-06-28 19:19:24 INFO        | Cache bandwidth: 65421210374.168434 bits/second
2026-06-28 19:19:24 INFO        
2026-06-28 19:19:24 INFO        ENERGY ESTIMATION for intadder(technology=45nm, width=0, global_cycle_seconds=5e-10).add(global_cycle_seconds=5e-10)
2026-06-28 19:19:24 INFO        dummy estimated 1p with accuracy 1%. 
2026-06-28 19:19:24 INFO        Plug-ins provided accuracy, but failed to estimate:
2026-06-28 19:19:24 INFO        | Aladdin_table with accuracy 70% estimating value: KeyError: 'action_latency_cycles'
2026-06-28 19:19:24 INFO        
2026-06-28 19:19:24 INFO        ENERGY ESTIMATION for intadder(technology=45nm, width=0, global_cycle_seconds=5e-10).idle(global_cycle_seconds=5e-10)
2026-06-28 19:19:24 INFO        dummy estimated 1p with accuracy 1%. 
2026-06-28 19:19:24 INFO        Plug-ins provided accuracy, but failed to estimate:
2026-06-28 19:19:24 INFO        | Aladdin_table with accuracy 70% estimating value: KeyError: 'action_latency_cycles'
2026-06-28 19:19:24 INFO        
2026-06-28 19:19:24 INFO        ENERGY ESTIMATION for SRAM(technology=45nm, width=32, depth=1, n_rdwr_ports=2, n_banks=1, global_cycle_seconds=5e-10).read(data_delta=0, address_delta=1, global_cycle_seconds=5e-10)
2026-06-28 19:19:24 INFO        CactiSRAM estimated 7.859391610060416e-15 with accuracy 80%. Messages:
2026-06-28 19:19:24 INFO        | Unused arguments (n_rdwr_ports, global_cycle_seconds) provided for ['SRAM', 'sram'].__init__. Arguments used: (technology, width, depth, n_banks)
2026-06-28 19:19:24 INFO        | Unused arguments (global_cycle_seconds) provided for ['SRAM', 'sram'].read. Arguments used: (data_delta, address_delta)
2026-06-28 19:19:24 INFO        | Calling CACTI with cache_size=256 n_rw_ports=1 block_size=4 tech_node_um=0.045 n_banks=1 tag_size=0 associativity=1
2026-06-28 19:19:24 INFO        | Calling CACTI with input path /usr/local/share/accelergy/estimation_plug_ins/accelergy-cacti-plug-in/cacti_inputs_outputs/tmp0j2ztx9g
2026-06-28 19:19:24 INFO        | CACTI output will be written to /usr/local/share/accelergy/estimation_plug_ins/accelergy-cacti-plug-in/cacti_inputs_outputs/tmpl62l92vo
2026-06-28 19:19:24 INFO        | CACTI executable not found at /usr/local/share/accelergy/estimation_plug_ins/accelergy-cacti-plug-in/cacti/cacti
2026-06-28 19:19:24 INFO        | Calling: cd /usr/local/share/accelergy/estimation_plug_ins/accelergy-cacti-plug-in ; ./cacti -infile /usr/local/share/accelergy/estimation_plug_ins/accelergy-cacti-plug-in/cacti_inputs_outputs/tmp0j2ztx9g >> /usr/local/share/accelergy/estimation_plug_ins/accelergy-cacti-plug-in/cacti_inputs_outputs/tmpl62l92vo 2>&1
2026-06-28 19:19:24 INFO        | Cache bandwidth: 4.0 bytes/cycle
2026-06-28 19:19:24 INFO        | Cache bandwidth: 65421210374.168434 bits/second
2026-06-28 19:19:24 INFO        
2026-06-28 19:19:24 INFO        ENERGY ESTIMATION for intadder(technology=45nm, width=0, global_cycle_seconds=5e-10).add(global_cycle_seconds=5e-10)
2026-06-28 19:19:24 INFO        dummy estimated 1p with accuracy 1%. 
2026-06-28 19:19:24 INFO        Plug-ins provided accuracy, but failed to estimate:
2026-06-28 19:19:24 INFO        | Aladdin_table with accuracy 70% estimating value: KeyError: 'action_latency_cycles'
2026-06-28 19:19:24 INFO        
2026-06-28 19:19:24 INFO        ENERGY ESTIMATION for intadder(technology=45nm, width=0, global_cycle_seconds=5e-10).idle(global_cycle_seconds=5e-10)
2026-06-28 19:19:24 INFO        dummy estimated 1p with accuracy 1%. 
2026-06-28 19:19:24 INFO        Plug-ins provided accuracy, but failed to estimate:
2026-06-28 19:19:24 INFO        | Aladdin_table with accuracy 70% estimating value: KeyError: 'action_latency_cycles'
2026-06-28 19:19:24 INFO        
2026-06-28 19:19:24 INFO        ENERGY ESTIMATION for SRAM(technology=45nm, width=32, depth=1, n_rdwr_ports=2, n_banks=1, global_cycle_seconds=5e-10).read(data_delta=1, address_delta=1, global_cycle_seconds=5e-10)
2026-06-28 19:19:24 INFO        CactiSRAM estimated 2.619797203353472e-14 with accuracy 80%. Messages:
2026-06-28 19:19:24 INFO        | Unused arguments (n_rdwr_ports, global_cycle_seconds) provided for ['SRAM', 'sram'].__init__. Arguments used: (technology, width, depth, n_banks)
2026-06-28 19:19:24 INFO        | Unused arguments (global_cycle_seconds) provided for ['SRAM', 'sram'].read. Arguments used: (data_delta, address_delta)
2026-06-28 19:19:24 INFO        | Calling CACTI with cache_size=256 n_rw_ports=1 block_size=4 tech_node_um=0.045 n_banks=1 tag_size=0 associativity=1
2026-06-28 19:19:24 INFO        | Calling CACTI with input path /usr/local/share/accelergy/estimation_plug_ins/accelergy-cacti-plug-in/cacti_inputs_outputs/tmp6rhzokwa
2026-06-28 19:19:24 INFO        | CACTI output will be written to /usr/local/share/accelergy/estimation_plug_ins/accelergy-cacti-plug-in/cacti_inputs_outputs/tmphnhv12rk
2026-06-28 19:19:24 INFO        | CACTI executable not found at /usr/local/share/accelergy/estimation_plug_ins/accelergy-cacti-plug-in/cacti/cacti
2026-06-28 19:19:24 INFO        | Calling: cd /usr/local/share/accelergy/estimation_plug_ins/accelergy-cacti-plug-in ; ./cacti -infile /usr/local/share/accelergy/estimation_plug_ins/accelergy-cacti-plug-in/cacti_inputs_outputs/tmp6rhzokwa >> /usr/local/share/accelergy/estimation_plug_ins/accelergy-cacti-plug-in/cacti_inputs_outputs/tmphnhv12rk 2>&1
2026-06-28 19:19:24 INFO        | Cache bandwidth: 4.0 bytes/cycle
2026-06-28 19:19:24 INFO        | Cache bandwidth: 65421210374.168434 bits/second
2026-06-28 19:19:24 INFO        
2026-06-28 19:19:24 INFO        ENERGY ESTIMATION for intadder(technology=45nm, width=0, global_cycle_seconds=5e-10).add(global_cycle_seconds=5e-10)
2026-06-28 19:19:24 INFO        dummy estimated 1p with accuracy 1%. 
2026-06-28 19:19:24 INFO        Plug-ins provided accuracy, but failed to estimate:
2026-06-28 19:19:24 INFO        | Aladdin_table with accuracy 70% estimating value: KeyError: 'action_latency_cycles'
2026-06-28 19:19:24 INFO        
2026-06-28 19:19:24 INFO        ENERGY ESTIMATION for intadder(technology=45nm, width=0, global_cycle_seconds=5e-10).idle(global_cycle_seconds=5e-10)
2026-06-28 19:19:24 INFO        dummy estimated 1p with accuracy 1%. 
2026-06-28 19:19:24 INFO        Plug-ins provided accuracy, but failed to estimate:
2026-06-28 19:19:24 INFO        | Aladdin_table with accuracy 70% estimating value: KeyError: 'action_latency_cycles'
2026-06-28 19:19:24 INFO        
2026-06-28 19:19:24 INFO        ENERGY ESTIMATION for SRAM(technology=45nm, width=32, depth=1, n_rdwr_ports=2, n_banks=1, global_cycle_seconds=5e-10).idle(global_cycle_seconds=5e-10)
2026-06-28 19:19:24 INFO        CactiSRAM estimated 0 with accuracy 80%. Messages:
2026-06-28 19:19:24 INFO        | Unused arguments (n_rdwr_ports, global_cycle_seconds) provided for ['SRAM', 'sram'].__init__. Arguments used: (technology, width, depth, n_banks)
2026-06-28 19:19:24 INFO        | Unused arguments (global_cycle_seconds) provided for ['SRAM', 'sram'].idle. Arguments used: ()
2026-06-28 19:19:24 INFO        
2026-06-28 19:19:24 INFO        ENERGY ESTIMATION for intadder(technology=45nm, width=0, global_cycle_seconds=5e-10).idle(global_cycle_seconds=5e-10)
2026-06-28 19:19:24 INFO        dummy estimated 1p with accuracy 1%. 
2026-06-28 19:19:24 INFO        Plug-ins provided accuracy, but failed to estimate:
2026-06-28 19:19:24 INFO        | Aladdin_table with accuracy 70% estimating value: KeyError: 'action_latency_cycles'
2026-06-28 19:19:24 INFO        
2026-06-28 19:19:24 INFO        ENERGY ESTIMATION for intmac(technology=45nm, datawidth=16, global_cycle_seconds=5e-10).mac_random(global_cycle_seconds=5e-10)
2026-06-28 19:19:24 INFO        dummy estimated 1p with accuracy 1%. 
2026-06-28 19:19:24 INFO        Plug-ins provided accuracy, but failed to estimate:
2026-06-28 19:19:24 INFO        | Aladdin_table with accuracy 70% estimating value: KeyError: 'width'
2026-06-28 19:19:24 INFO        
2026-06-28 19:19:24 INFO        ENERGY ESTIMATION for SRAM(technology=45nm, width=512, depth=2048, n_rdwr_ports=2, n_banks=1, global_cycle_seconds=5e-10).write(data_delta=0, address_delta=0, global_cycle_seconds=5e-10)
2026-06-28 19:19:24 INFO        CactiSRAM estimated 0.0 with accuracy 80%. Messages:
2026-06-28 19:19:24 INFO        | Unused arguments (n_rdwr_ports, global_cycle_seconds) provided for ['SRAM', 'sram'].__init__. Arguments used: (technology, width, depth, n_banks)
2026-06-28 19:19:24 INFO        | Unused arguments (global_cycle_seconds) provided for ['SRAM', 'sram'].write. Arguments used: (data_delta, address_delta)
2026-06-28 19:19:24 INFO        | Calling CACTI with cache_size=131072 n_rw_ports=1 block_size=64 tech_node_um=0.045 n_banks=1 tag_size=0 associativity=1
2026-06-28 19:19:24 INFO        | Calling CACTI with input path /usr/local/share/accelergy/estimation_plug_ins/accelergy-cacti-plug-in/cacti_inputs_outputs/tmpr0rfqpd3
2026-06-28 19:19:24 INFO        | CACTI output will be written to /usr/local/share/accelergy/estimation_plug_ins/accelergy-cacti-plug-in/cacti_inputs_outputs/tmpx3ajj3h7
2026-06-28 19:19:24 INFO        | CACTI executable not found at /usr/local/share/accelergy/estimation_plug_ins/accelergy-cacti-plug-in/cacti/cacti
2026-06-28 19:19:24 INFO        | Calling: cd /usr/local/share/accelergy/estimation_plug_ins/accelergy-cacti-plug-in ; ./cacti -infile /usr/local/share/accelergy/estimation_plug_ins/accelergy-cacti-plug-in/cacti_inputs_outputs/tmpr0rfqpd3 >> /usr/local/share/accelergy/estimation_plug_ins/accelergy-cacti-plug-in/cacti_inputs_outputs/tmpx3ajj3h7 2>&1
2026-06-28 19:19:24 INFO        | Cache bandwidth: 64.0 bytes/cycle
2026-06-28 19:19:24 INFO        | Cache bandwidth: 215697921801.07767 bits/second
2026-06-28 19:19:24 INFO        
2026-06-28 19:19:24 INFO        ENERGY ESTIMATION for intadder(technology=45nm, width=7.6246189861593985, global_cycle_seconds=5e-10).count(global_cycle_seconds=5e-10)
2026-06-28 19:19:24 INFO        dummy estimated 1p with accuracy 1%. 
2026-06-28 19:19:24 INFO        Plug-ins provided accuracy, but failed to estimate:
2026-06-28 19:19:24 INFO        | Aladdin_table with accuracy 70% estimating value: KeyError: 'action_latency_cycles'
2026-06-28 19:19:24 INFO        
2026-06-28 19:19:24 INFO        ENERGY ESTIMATION for intadder(technology=45nm, width=7.6246189861593985, global_cycle_seconds=5e-10).idle(global_cycle_seconds=5e-10)
2026-06-28 19:19:24 INFO        dummy estimated 1p with accuracy 1%. 
2026-06-28 19:19:24 INFO        Plug-ins provided accuracy, but failed to estimate:
2026-06-28 19:19:24 INFO        | Aladdin_table with accuracy 70% estimating value: KeyError: 'action_latency_cycles'
2026-06-28 19:19:24 INFO        
2026-06-28 19:19:24 INFO        ENERGY ESTIMATION for SRAM(technology=45nm, width=512, depth=2048, n_rdwr_ports=2, n_banks=1, global_cycle_seconds=5e-10).write(data_delta=1, address_delta=0, global_cycle_seconds=5e-10)
2026-06-28 19:19:24 INFO        CactiSRAM estimated 1.388625e-10 with accuracy 80%. Messages:
2026-06-28 19:19:24 INFO        | Unused arguments (n_rdwr_ports, global_cycle_seconds) provided for ['SRAM', 'sram'].__init__. Arguments used: (technology, width, depth, n_banks)
2026-06-28 19:19:24 INFO        | Unused arguments (global_cycle_seconds) provided for ['SRAM', 'sram'].write. Arguments used: (data_delta, address_delta)
2026-06-28 19:19:24 INFO        | Calling CACTI with cache_size=131072 n_rw_ports=1 block_size=64 tech_node_um=0.045 n_banks=1 tag_size=0 associativity=1
2026-06-28 19:19:24 INFO        | Calling CACTI with input path /usr/local/share/accelergy/estimation_plug_ins/accelergy-cacti-plug-in/cacti_inputs_outputs/tmp44dlsemv
2026-06-28 19:19:24 INFO        | CACTI output will be written to /usr/local/share/accelergy/estimation_plug_ins/accelergy-cacti-plug-in/cacti_inputs_outputs/tmpntt4grhc
2026-06-28 19:19:24 INFO        | CACTI executable not found at /usr/local/share/accelergy/estimation_plug_ins/accelergy-cacti-plug-in/cacti/cacti
2026-06-28 19:19:24 INFO        | Calling: cd /usr/local/share/accelergy/estimation_plug_ins/accelergy-cacti-plug-in ; ./cacti -infile /usr/local/share/accelergy/estimation_plug_ins/accelergy-cacti-plug-in/cacti_inputs_outputs/tmp44dlsemv >> /usr/local/share/accelergy/estimation_plug_ins/accelergy-cacti-plug-in/cacti_inputs_outputs/tmpntt4grhc 2>&1
2026-06-28 19:19:24 INFO        | Cache bandwidth: 64.0 bytes/cycle
2026-06-28 19:19:24 INFO        | Cache bandwidth: 215697921801.07767 bits/second
2026-06-28 19:19:24 INFO        
2026-06-28 19:19:24 INFO        ENERGY ESTIMATION for intadder(technology=45nm, width=7.6246189861593985, global_cycle_seconds=5e-10).count(global_cycle_seconds=5e-10)
2026-06-28 19:19:24 INFO        dummy estimated 1p with accuracy 1%. 
2026-06-28 19:19:24 INFO        Plug-ins provided accuracy, but failed to estimate:
2026-06-28 19:19:24 INFO        | Aladdin_table with accuracy 70% estimating value: KeyError: 'action_latency_cycles'
2026-06-28 19:19:24 INFO        
2026-06-28 19:19:24 INFO        ENERGY ESTIMATION for intadder(technology=45nm, width=7.6246189861593985, global_cycle_seconds=5e-10).idle(global_cycle_seconds=5e-10)
2026-06-28 19:19:24 INFO        dummy estimated 1p with accuracy 1%. 
2026-06-28 19:19:24 INFO        Plug-ins provided accuracy, but failed to estimate:
2026-06-28 19:19:24 INFO        | Aladdin_table with accuracy 70% estimating value: KeyError: 'action_latency_cycles'
2026-06-28 19:19:24 INFO        
2026-06-28 19:19:24 INFO        ENERGY ESTIMATION for SRAM(technology=45nm, width=512, depth=2048, n_rdwr_ports=2, n_banks=1, global_cycle_seconds=5e-10).write(data_delta=0, address_delta=1, global_cycle_seconds=5e-10)
2026-06-28 19:19:25 INFO        CactiSRAM estimated 5.951249999999999e-11 with accuracy 80%. Messages:
2026-06-28 19:19:25 INFO        | Unused arguments (n_rdwr_ports, global_cycle_seconds) provided for ['SRAM', 'sram'].__init__. Arguments used: (technology, width, depth, n_banks)
2026-06-28 19:19:25 INFO        | Unused arguments (global_cycle_seconds) provided for ['SRAM', 'sram'].write. Arguments used: (data_delta, address_delta)
2026-06-28 19:19:25 INFO        | Calling CACTI with cache_size=131072 n_rw_ports=1 block_size=64 tech_node_um=0.045 n_banks=1 tag_size=0 associativity=1
2026-06-28 19:19:25 INFO        | Calling CACTI with input path /usr/local/share/accelergy/estimation_plug_ins/accelergy-cacti-plug-in/cacti_inputs_outputs/tmp5300mlmg
2026-06-28 19:19:25 INFO        | CACTI output will be written to /usr/local/share/accelergy/estimation_plug_ins/accelergy-cacti-plug-in/cacti_inputs_outputs/tmphu5tdxo6
2026-06-28 19:19:25 INFO        | CACTI executable not found at /usr/local/share/accelergy/estimation_plug_ins/accelergy-cacti-plug-in/cacti/cacti
2026-06-28 19:19:25 INFO        | Calling: cd /usr/local/share/accelergy/estimation_plug_ins/accelergy-cacti-plug-in ; ./cacti -infile /usr/local/share/accelergy/estimation_plug_ins/accelergy-cacti-plug-in/cacti_inputs_outputs/tmp5300mlmg >> /usr/local/share/accelergy/estimation_plug_ins/accelergy-cacti-plug-in/cacti_inputs_outputs/tmphu5tdxo6 2>&1
2026-06-28 19:19:25 INFO        | Cache bandwidth: 64.0 bytes/cycle
2026-06-28 19:19:25 INFO        | Cache bandwidth: 215697921801.07767 bits/second
2026-06-28 19:19:25 INFO        
2026-06-28 19:19:25 INFO        ENERGY ESTIMATION for intadder(technology=45nm, width=7.6246189861593985, global_cycle_seconds=5e-10).count(global_cycle_seconds=5e-10)
2026-06-28 19:19:25 INFO        dummy estimated 1p with accuracy 1%. 
2026-06-28 19:19:25 INFO        Plug-ins provided accuracy, but failed to estimate:
2026-06-28 19:19:25 INFO        | Aladdin_table with accuracy 70% estimating value: KeyError: 'action_latency_cycles'
2026-06-28 19:19:25 INFO        
2026-06-28 19:19:25 INFO        ENERGY ESTIMATION for intadder(technology=45nm, width=7.6246189861593985, global_cycle_seconds=5e-10).idle(global_cycle_seconds=5e-10)
2026-06-28 19:19:25 INFO        dummy estimated 1p with accuracy 1%. 
2026-06-28 19:19:25 INFO        Plug-ins provided accuracy, but failed to estimate:
2026-06-28 19:19:25 INFO        | Aladdin_table with accuracy 70% estimating value: KeyError: 'action_latency_cycles'
2026-06-28 19:19:25 INFO        
2026-06-28 19:19:25 INFO        ENERGY ESTIMATION for SRAM(technology=45nm, width=512, depth=2048, n_rdwr_ports=2, n_banks=1, global_cycle_seconds=5e-10).write(data_delta=1, address_delta=1, global_cycle_seconds=5e-10)
2026-06-28 19:19:25 INFO        CactiSRAM estimated 1.98375e-10 with accuracy 80%. Messages:
2026-06-28 19:19:25 INFO        | Unused arguments (n_rdwr_ports, global_cycle_seconds) provided for ['SRAM', 'sram'].__init__. Arguments used: (technology, width, depth, n_banks)
2026-06-28 19:19:25 INFO        | Unused arguments (global_cycle_seconds) provided for ['SRAM', 'sram'].write. Arguments used: (data_delta, address_delta)
2026-06-28 19:19:25 INFO        | Calling CACTI with cache_size=131072 n_rw_ports=1 block_size=64 tech_node_um=0.045 n_banks=1 tag_size=0 associativity=1
2026-06-28 19:19:25 INFO        | Calling CACTI with input path /usr/local/share/accelergy/estimation_plug_ins/accelergy-cacti-plug-in/cacti_inputs_outputs/tmp2au_9336
2026-06-28 19:19:25 INFO        | CACTI output will be written to /usr/local/share/accelergy/estimation_plug_ins/accelergy-cacti-plug-in/cacti_inputs_outputs/tmpdt_smvny
2026-06-28 19:19:25 INFO        | CACTI executable not found at /usr/local/share/accelergy/estimation_plug_ins/accelergy-cacti-plug-in/cacti/cacti
2026-06-28 19:19:25 INFO        | Calling: cd /usr/local/share/accelergy/estimation_plug_ins/accelergy-cacti-plug-in ; ./cacti -infile /usr/local/share/accelergy/estimation_plug_ins/accelergy-cacti-plug-in/cacti_inputs_outputs/tmp2au_9336 >> /usr/local/share/accelergy/estimation_plug_ins/accelergy-cacti-plug-in/cacti_inputs_outputs/tmpdt_smvny 2>&1
2026-06-28 19:19:25 INFO        | Cache bandwidth: 64.0 bytes/cycle
2026-06-28 19:19:25 INFO        | Cache bandwidth: 215697921801.07767 bits/second
2026-06-28 19:19:25 INFO        
2026-06-28 19:19:25 INFO        ENERGY ESTIMATION for intadder(technology=45nm, width=7.6246189861593985, global_cycle_seconds=5e-10).count(global_cycle_seconds=5e-10)
2026-06-28 19:19:25 INFO        dummy estimated 1p with accuracy 1%. 
2026-06-28 19:19:25 INFO        Plug-ins provided accuracy, but failed to estimate:
2026-06-28 19:19:25 INFO        | Aladdin_table with accuracy 70% estimating value: KeyError: 'action_latency_cycles'
2026-06-28 19:19:25 INFO        
2026-06-28 19:19:25 INFO        ENERGY ESTIMATION for intadder(technology=45nm, width=7.6246189861593985, global_cycle_seconds=5e-10).idle(global_cycle_seconds=5e-10)
2026-06-28 19:19:25 INFO        dummy estimated 1p with accuracy 1%. 
2026-06-28 19:19:25 INFO        Plug-ins provided accuracy, but failed to estimate:
2026-06-28 19:19:25 INFO        | Aladdin_table with accuracy 70% estimating value: KeyError: 'action_latency_cycles'
2026-06-28 19:19:25 INFO        
2026-06-28 19:19:25 INFO        ENERGY ESTIMATION for SRAM(technology=45nm, width=512, depth=2048, n_rdwr_ports=2, n_banks=1, global_cycle_seconds=5e-10).read(data_delta=0, address_delta=0, global_cycle_seconds=5e-10)
2026-06-28 19:19:25 INFO        CactiSRAM estimated 0.0 with accuracy 80%. Messages:
2026-06-28 19:19:25 INFO        | Unused arguments (n_rdwr_ports, global_cycle_seconds) provided for ['SRAM', 'sram'].__init__. Arguments used: (technology, width, depth, n_banks)
2026-06-28 19:19:25 INFO        | Unused arguments (global_cycle_seconds) provided for ['SRAM', 'sram'].read. Arguments used: (data_delta, address_delta)
2026-06-28 19:19:25 INFO        | Calling CACTI with cache_size=131072 n_rw_ports=1 block_size=64 tech_node_um=0.045 n_banks=1 tag_size=0 associativity=1
2026-06-28 19:19:25 INFO        | Calling CACTI with input path /usr/local/share/accelergy/estimation_plug_ins/accelergy-cacti-plug-in/cacti_inputs_outputs/tmpm2gnezpo
2026-06-28 19:19:25 INFO        | CACTI output will be written to /usr/local/share/accelergy/estimation_plug_ins/accelergy-cacti-plug-in/cacti_inputs_outputs/tmpo4vo4ybw
2026-06-28 19:19:25 INFO        | CACTI executable not found at /usr/local/share/accelergy/estimation_plug_ins/accelergy-cacti-plug-in/cacti/cacti
2026-06-28 19:19:25 INFO        | Calling: cd /usr/local/share/accelergy/estimation_plug_ins/accelergy-cacti-plug-in ; ./cacti -infile /usr/local/share/accelergy/estimation_plug_ins/accelergy-cacti-plug-in/cacti_inputs_outputs/tmpm2gnezpo >> /usr/local/share/accelergy/estimation_plug_ins/accelergy-cacti-plug-in/cacti_inputs_outputs/tmpo4vo4ybw 2>&1
2026-06-28 19:19:25 INFO        | Cache bandwidth: 64.0 bytes/cycle
2026-06-28 19:19:25 INFO        | Cache bandwidth: 215697921801.07767 bits/second
2026-06-28 19:19:25 INFO        
2026-06-28 19:19:25 INFO        ENERGY ESTIMATION for intadder(technology=45nm, width=7.6246189861593985, global_cycle_seconds=5e-10).add(global_cycle_seconds=5e-10)
2026-06-28 19:19:25 INFO        dummy estimated 1p with accuracy 1%. 
2026-06-28 19:19:25 INFO        Plug-ins provided accuracy, but failed to estimate:
2026-06-28 19:19:25 INFO        | Aladdin_table with accuracy 70% estimating value: KeyError: 'action_latency_cycles'
2026-06-28 19:19:25 INFO        
2026-06-28 19:19:25 INFO        ENERGY ESTIMATION for intadder(technology=45nm, width=7.6246189861593985, global_cycle_seconds=5e-10).idle(global_cycle_seconds=5e-10)
2026-06-28 19:19:25 INFO        dummy estimated 1p with accuracy 1%. 
2026-06-28 19:19:25 INFO        Plug-ins provided accuracy, but failed to estimate:
2026-06-28 19:19:25 INFO        | Aladdin_table with accuracy 70% estimating value: KeyError: 'action_latency_cycles'
2026-06-28 19:19:25 INFO        
2026-06-28 19:19:25 INFO        ENERGY ESTIMATION for SRAM(technology=45nm, width=512, depth=2048, n_rdwr_ports=2, n_banks=1, global_cycle_seconds=5e-10).read(data_delta=1, address_delta=0, global_cycle_seconds=5e-10)
2026-06-28 19:19:26 INFO        CactiSRAM estimated 6.844075e-11 with accuracy 80%. Messages:
2026-06-28 19:19:26 INFO        | Unused arguments (n_rdwr_ports, global_cycle_seconds) provided for ['SRAM', 'sram'].__init__. Arguments used: (technology, width, depth, n_banks)
2026-06-28 19:19:26 INFO        | Unused arguments (global_cycle_seconds) provided for ['SRAM', 'sram'].read. Arguments used: (data_delta, address_delta)
2026-06-28 19:19:26 INFO        | Calling CACTI with cache_size=131072 n_rw_ports=1 block_size=64 tech_node_um=0.045 n_banks=1 tag_size=0 associativity=1
2026-06-28 19:19:26 INFO        | Calling CACTI with input path /usr/local/share/accelergy/estimation_plug_ins/accelergy-cacti-plug-in/cacti_inputs_outputs/tmpyccc7q8r
2026-06-28 19:19:26 INFO        | CACTI output will be written to /usr/local/share/accelergy/estimation_plug_ins/accelergy-cacti-plug-in/cacti_inputs_outputs/tmpj8mamfol
2026-06-28 19:19:26 INFO        | CACTI executable not found at /usr/local/share/accelergy/estimation_plug_ins/accelergy-cacti-plug-in/cacti/cacti
2026-06-28 19:19:26 INFO        | Calling: cd /usr/local/share/accelergy/estimation_plug_ins/accelergy-cacti-plug-in ; ./cacti -infile /usr/local/share/accelergy/estimation_plug_ins/accelergy-cacti-plug-in/cacti_inputs_outputs/tmpyccc7q8r >> /usr/local/share/accelergy/estimation_plug_ins/accelergy-cacti-plug-in/cacti_inputs_outputs/tmpj8mamfol 2>&1
2026-06-28 19:19:26 INFO        | Cache bandwidth: 64.0 bytes/cycle
2026-06-28 19:19:26 INFO        | Cache bandwidth: 215697921801.07767 bits/second
2026-06-28 19:19:26 INFO        
2026-06-28 19:19:26 INFO        ENERGY ESTIMATION for intadder(technology=45nm, width=7.6246189861593985, global_cycle_seconds=5e-10).add(global_cycle_seconds=5e-10)
2026-06-28 19:19:26 INFO        dummy estimated 1p with accuracy 1%. 
2026-06-28 19:19:26 INFO        Plug-ins provided accuracy, but failed to estimate:
2026-06-28 19:19:26 INFO        | Aladdin_table with accuracy 70% estimating value: KeyError: 'action_latency_cycles'
2026-06-28 19:19:26 INFO        
2026-06-28 19:19:26 INFO        ENERGY ESTIMATION for intadder(technology=45nm, width=7.6246189861593985, global_cycle_seconds=5e-10).idle(global_cycle_seconds=5e-10)
2026-06-28 19:19:26 INFO        dummy estimated 1p with accuracy 1%. 
2026-06-28 19:19:26 INFO        Plug-ins provided accuracy, but failed to estimate:
2026-06-28 19:19:26 INFO        | Aladdin_table with accuracy 70% estimating value: KeyError: 'action_latency_cycles'
2026-06-28 19:19:26 INFO        
2026-06-28 19:19:26 INFO        ENERGY ESTIMATION for SRAM(technology=45nm, width=512, depth=2048, n_rdwr_ports=2, n_banks=1, global_cycle_seconds=5e-10).read(data_delta=0, address_delta=1, global_cycle_seconds=5e-10)
2026-06-28 19:19:26 INFO        CactiSRAM estimated 2.933175e-11 with accuracy 80%. Messages:
2026-06-28 19:19:26 INFO        | Unused arguments (n_rdwr_ports, global_cycle_seconds) provided for ['SRAM', 'sram'].__init__. Arguments used: (technology, width, depth, n_banks)
2026-06-28 19:19:26 INFO        | Unused arguments (global_cycle_seconds) provided for ['SRAM', 'sram'].read. Arguments used: (data_delta, address_delta)
2026-06-28 19:19:26 INFO        | Calling CACTI with cache_size=131072 n_rw_ports=1 block_size=64 tech_node_um=0.045 n_banks=1 tag_size=0 associativity=1
2026-06-28 19:19:26 INFO        | Calling CACTI with input path /usr/local/share/accelergy/estimation_plug_ins/accelergy-cacti-plug-in/cacti_inputs_outputs/tmpvx8hq4b1
2026-06-28 19:19:26 INFO        | CACTI output will be written to /usr/local/share/accelergy/estimation_plug_ins/accelergy-cacti-plug-in/cacti_inputs_outputs/tmpbvczbs9u
2026-06-28 19:19:26 INFO        | CACTI executable not found at /usr/local/share/accelergy/estimation_plug_ins/accelergy-cacti-plug-in/cacti/cacti
2026-06-28 19:19:26 INFO        | Calling: cd /usr/local/share/accelergy/estimation_plug_ins/accelergy-cacti-plug-in ; ./cacti -infile /usr/local/share/accelergy/estimation_plug_ins/accelergy-cacti-plug-in/cacti_inputs_outputs/tmpvx8hq4b1 >> /usr/local/share/accelergy/estimation_plug_ins/accelergy-cacti-plug-in/cacti_inputs_outputs/tmpbvczbs9u 2>&1
2026-06-28 19:19:26 INFO        | Cache bandwidth: 64.0 bytes/cycle
2026-06-28 19:19:26 INFO        | Cache bandwidth: 215697921801.07767 bits/second
2026-06-28 19:19:26 INFO        
2026-06-28 19:19:26 INFO        ENERGY ESTIMATION for intadder(technology=45nm, width=7.6246189861593985, global_cycle_seconds=5e-10).add(global_cycle_seconds=5e-10)
2026-06-28 19:19:26 INFO        dummy estimated 1p with accuracy 1%. 
2026-06-28 19:19:26 INFO        Plug-ins provided accuracy, but failed to estimate:
2026-06-28 19:19:26 INFO        | Aladdin_table with accuracy 70% estimating value: KeyError: 'action_latency_cycles'
2026-06-28 19:19:26 INFO        
2026-06-28 19:19:26 INFO        ENERGY ESTIMATION for intadder(technology=45nm, width=7.6246189861593985, global_cycle_seconds=5e-10).idle(global_cycle_seconds=5e-10)
2026-06-28 19:19:26 INFO        dummy estimated 1p with accuracy 1%. 
2026-06-28 19:19:26 INFO        Plug-ins provided accuracy, but failed to estimate:
2026-06-28 19:19:26 INFO        | Aladdin_table with accuracy 70% estimating value: KeyError: 'action_latency_cycles'
2026-06-28 19:19:26 INFO        
2026-06-28 19:19:26 INFO        ENERGY ESTIMATION for SRAM(technology=45nm, width=512, depth=2048, n_rdwr_ports=2, n_banks=1, global_cycle_seconds=5e-10).read(data_delta=1, address_delta=1, global_cycle_seconds=5e-10)
2026-06-28 19:19:26 INFO        CactiSRAM estimated 9.777250000000001e-11 with accuracy 80%. Messages:
2026-06-28 19:19:26 INFO        | Unused arguments (n_rdwr_ports, global_cycle_seconds) provided for ['SRAM', 'sram'].__init__. Arguments used: (technology, width, depth, n_banks)
2026-06-28 19:19:26 INFO        | Unused arguments (global_cycle_seconds) provided for ['SRAM', 'sram'].read. Arguments used: (data_delta, address_delta)
2026-06-28 19:19:26 INFO        | Calling CACTI with cache_size=131072 n_rw_ports=1 block_size=64 tech_node_um=0.045 n_banks=1 tag_size=0 associativity=1
2026-06-28 19:19:26 INFO        | Calling CACTI with input path /usr/local/share/accelergy/estimation_plug_ins/accelergy-cacti-plug-in/cacti_inputs_outputs/tmpgh0j4q38
2026-06-28 19:19:26 INFO        | CACTI output will be written to /usr/local/share/accelergy/estimation_plug_ins/accelergy-cacti-plug-in/cacti_inputs_outputs/tmpi5wa5fhf
2026-06-28 19:19:26 INFO        | CACTI executable not found at /usr/local/share/accelergy/estimation_plug_ins/accelergy-cacti-plug-in/cacti/cacti
2026-06-28 19:19:26 INFO        | Calling: cd /usr/local/share/accelergy/estimation_plug_ins/accelergy-cacti-plug-in ; ./cacti -infile /usr/local/share/accelergy/estimation_plug_ins/accelergy-cacti-plug-in/cacti_inputs_outputs/tmpgh0j4q38 >> /usr/local/share/accelergy/estimation_plug_ins/accelergy-cacti-plug-in/cacti_inputs_outputs/tmpi5wa5fhf 2>&1
2026-06-28 19:19:26 INFO        | Cache bandwidth: 64.0 bytes/cycle
2026-06-28 19:19:26 INFO        | Cache bandwidth: 215697921801.07767 bits/second
2026-06-28 19:19:26 INFO        
2026-06-28 19:19:26 INFO        ENERGY ESTIMATION for intadder(technology=45nm, width=7.6246189861593985, global_cycle_seconds=5e-10).add(global_cycle_seconds=5e-10)
2026-06-28 19:19:26 INFO        dummy estimated 1p with accuracy 1%. 
2026-06-28 19:19:26 INFO        Plug-ins provided accuracy, but failed to estimate:
2026-06-28 19:19:26 INFO        | Aladdin_table with accuracy 70% estimating value: KeyError: 'action_latency_cycles'
2026-06-28 19:19:26 INFO        
2026-06-28 19:19:26 INFO        ENERGY ESTIMATION for intadder(technology=45nm, width=7.6246189861593985, global_cycle_seconds=5e-10).idle(global_cycle_seconds=5e-10)
2026-06-28 19:19:26 INFO        dummy estimated 1p with accuracy 1%. 
2026-06-28 19:19:26 INFO        Plug-ins provided accuracy, but failed to estimate:
2026-06-28 19:19:26 INFO        | Aladdin_table with accuracy 70% estimating value: KeyError: 'action_latency_cycles'
2026-06-28 19:19:26 INFO        
2026-06-28 19:19:26 INFO        ENERGY ESTIMATION for SRAM(technology=45nm, width=512, depth=2048, n_rdwr_ports=2, n_banks=1, global_cycle_seconds=5e-10).idle(global_cycle_seconds=5e-10)
2026-06-28 19:19:26 INFO        CactiSRAM estimated 0 with accuracy 80%. Messages:
2026-06-28 19:19:26 INFO        | Unused arguments (n_rdwr_ports, global_cycle_seconds) provided for ['SRAM', 'sram'].__init__. Arguments used: (technology, width, depth, n_banks)
2026-06-28 19:19:26 INFO        | Unused arguments (global_cycle_seconds) provided for ['SRAM', 'sram'].idle. Arguments used: ()
2026-06-28 19:19:26 INFO        
2026-06-28 19:19:26 INFO        ENERGY ESTIMATION for intadder(technology=45nm, width=7.6246189861593985, global_cycle_seconds=5e-10).idle(global_cycle_seconds=5e-10)
2026-06-28 19:19:26 INFO        dummy estimated 1p with accuracy 1%. 
2026-06-28 19:19:26 INFO        Plug-ins provided accuracy, but failed to estimate:
2026-06-28 19:19:26 INFO        | Aladdin_table with accuracy 70% estimating value: KeyError: 'action_latency_cycles'
2026-06-28 19:19:26 WARNING     No action counts are specified as yaml input
2026-06-28 19:19:26 INFO        
2026-06-28 19:19:26 INFO        AREA ESTIMATION for DRAM(type=DDR4, width=16, block-size=1, word-bits=16, shared_bandwidth=6, datawidth=16, technology=45nm, latency=0.5ns, global_cycle_seconds=5e-10)
2026-06-28 19:19:26 INFO        dummy estimated 1u^2 with accuracy 1%. Messages:
2026-06-28 19:19:26 INFO        | Multiplying by n_instances 1
2026-06-28 19:19:26 INFO        Plug-ins provided accuracy, but failed to estimate:
2026-06-28 19:19:26 INFO        | CactiDRAM with accuracy 80% estimating value: AssertionError: DRAM type DDR4 is not supported. Must be one of ['LPDDR4', 'LPDDR', 'DDR3', 'GDDR5', 'HBM2', 'HMC'].
2026-06-28 19:19:26 INFO        
2026-06-28 19:19:26 INFO        AREA ESTIMATION for SRAM(technology=45nm, width=128, depth=1024, n_rdwr_ports=2, n_banks=1, global_cycle_seconds=5e-10)
2026-06-28 19:19:27 INFO        CactiSRAM estimated 5.0649399999999994e-08 with accuracy 80%. Messages:
2026-06-28 19:19:27 INFO        | Unused arguments (n_rdwr_ports, global_cycle_seconds) provided for ['SRAM', 'sram'].__init__. Arguments used: (technology, width, depth, n_banks)
2026-06-28 19:19:27 INFO        | Calling CACTI with cache_size=16384 n_rw_ports=1 block_size=16 tech_node_um=0.045 n_banks=1 tag_size=0 associativity=1
2026-06-28 19:19:27 INFO        | Calling CACTI with input path /usr/local/share/accelergy/estimation_plug_ins/accelergy-cacti-plug-in/cacti_inputs_outputs/tmppjh75rgy
2026-06-28 19:19:27 INFO        | CACTI output will be written to /usr/local/share/accelergy/estimation_plug_ins/accelergy-cacti-plug-in/cacti_inputs_outputs/tmp6pu8b_0_
2026-06-28 19:19:27 INFO        | CACTI executable not found at /usr/local/share/accelergy/estimation_plug_ins/accelergy-cacti-plug-in/cacti/cacti
2026-06-28 19:19:27 INFO        | Calling: cd /usr/local/share/accelergy/estimation_plug_ins/accelergy-cacti-plug-in ; ./cacti -infile /usr/local/share/accelergy/estimation_plug_ins/accelergy-cacti-plug-in/cacti_inputs_outputs/tmppjh75rgy >> /usr/local/share/accelergy/estimation_plug_ins/accelergy-cacti-plug-in/cacti_inputs_outputs/tmp6pu8b_0_ 2>&1
2026-06-28 19:19:27 INFO        | Cache bandwidth: 16.0 bytes/cycle
2026-06-28 19:19:27 INFO        | Cache bandwidth: 113563773156.36313 bits/second
2026-06-28 19:19:27 INFO        | Multiplying by n_instances 1
2026-06-28 19:19:27 INFO        
2026-06-28 19:19:27 INFO        AREA ESTIMATION for intadder(technology=45nm, width=6.931471805599453, global_cycle_seconds=5e-10)
2026-06-28 19:19:27 INFO        Aladdin_table estimated 82.09461919756852u^2 with accuracy 70%. Messages:
2026-06-28 19:19:27 INFO        | Multiplying by n_instances 1
2026-06-28 19:19:27 INFO        
2026-06-28 19:19:27 INFO        AREA ESTIMATION for SRAM(technology=45nm, width=128, depth=512, n_rdwr_ports=2, n_banks=1, global_cycle_seconds=5e-10)
2026-06-28 19:19:27 INFO        CactiSRAM estimated 2.77058e-08 with accuracy 80%. Messages:
2026-06-28 19:19:27 INFO        | Unused arguments (n_rdwr_ports, global_cycle_seconds) provided for ['SRAM', 'sram'].__init__. Arguments used: (technology, width, depth, n_banks)
2026-06-28 19:19:27 INFO        | Calling CACTI with cache_size=8192 n_rw_ports=1 block_size=16 tech_node_um=0.045 n_banks=1 tag_size=0 associativity=1
2026-06-28 19:19:27 INFO        | Calling CACTI with input path /usr/local/share/accelergy/estimation_plug_ins/accelergy-cacti-plug-in/cacti_inputs_outputs/tmp270f9m_8
2026-06-28 19:19:27 INFO        | CACTI output will be written to /usr/local/share/accelergy/estimation_plug_ins/accelergy-cacti-plug-in/cacti_inputs_outputs/tmpbawxg2z6
2026-06-28 19:19:27 INFO        | CACTI executable not found at /usr/local/share/accelergy/estimation_plug_ins/accelergy-cacti-plug-in/cacti/cacti
2026-06-28 19:19:27 INFO        | Calling: cd /usr/local/share/accelergy/estimation_plug_ins/accelergy-cacti-plug-in ; ./cacti -infile /usr/local/share/accelergy/estimation_plug_ins/accelergy-cacti-plug-in/cacti_inputs_outputs/tmp270f9m_8 >> /usr/local/share/accelergy/estimation_plug_ins/accelergy-cacti-plug-in/cacti_inputs_outputs/tmpbawxg2z6 2>&1
2026-06-28 19:19:27 INFO        | Cache bandwidth: 16.0 bytes/cycle
2026-06-28 19:19:27 INFO        | Cache bandwidth: 144426980313.92557 bits/second
2026-06-28 19:19:27 INFO        | Multiplying by n_instances 1
2026-06-28 19:19:27 INFO        
2026-06-28 19:19:27 INFO        AREA ESTIMATION for intadder(technology=45nm, width=6.238324625039508, global_cycle_seconds=5e-10)
2026-06-28 19:19:27 INFO        Aladdin_table estimated 73.88515727781167u^2 with accuracy 70%. Messages:
2026-06-28 19:19:27 INFO        | Multiplying by n_instances 1
2026-06-28 19:19:27 INFO        
2026-06-28 19:19:27 INFO        AREA ESTIMATION for SRAM(technology=45nm, width=64, depth=64, n_rdwr_ports=2, n_banks=1, global_cycle_seconds=5e-10)
2026-06-28 19:19:27 INFO        CactiSRAM estimated 2.14376e-09 with accuracy 80%. Messages:
2026-06-28 19:19:27 INFO        | Unused arguments (n_rdwr_ports, global_cycle_seconds) provided for ['SRAM', 'sram'].__init__. Arguments used: (technology, width, depth, n_banks)
2026-06-28 19:19:27 INFO        | Calling CACTI with cache_size=512 n_rw_ports=1 block_size=8 tech_node_um=0.045 n_banks=1 tag_size=0 associativity=1
2026-06-28 19:19:27 INFO        | Calling CACTI with input path /usr/local/share/accelergy/estimation_plug_ins/accelergy-cacti-plug-in/cacti_inputs_outputs/tmpc3r0d853
2026-06-28 19:19:27 INFO        | CACTI output will be written to /usr/local/share/accelergy/estimation_plug_ins/accelergy-cacti-plug-in/cacti_inputs_outputs/tmp711e5h2t
2026-06-28 19:19:27 INFO        | CACTI executable not found at /usr/local/share/accelergy/estimation_plug_ins/accelergy-cacti-plug-in/cacti/cacti
2026-06-28 19:19:27 INFO        | Calling: cd /usr/local/share/accelergy/estimation_plug_ins/accelergy-cacti-plug-in ; ./cacti -infile /usr/local/share/accelergy/estimation_plug_ins/accelergy-cacti-plug-in/cacti_inputs_outputs/tmpc3r0d853 >> /usr/local/share/accelergy/estimation_plug_ins/accelergy-cacti-plug-in/cacti_inputs_outputs/tmp711e5h2t 2>&1
2026-06-28 19:19:27 INFO        | Cache bandwidth: 8.0 bytes/cycle
2026-06-28 19:19:27 INFO        | Cache bandwidth: 112577947035.59398 bits/second
2026-06-28 19:19:27 INFO        | Multiplying by n_instances 1
2026-06-28 19:19:27 INFO        
2026-06-28 19:19:27 INFO        AREA ESTIMATION for intadder(technology=45nm, width=4.1588830833596715, global_cycle_seconds=5e-10)
2026-06-28 19:19:27 INFO        Aladdin_table estimated 49.25677151854111u^2 with accuracy 70%. Messages:
2026-06-28 19:19:27 INFO        | Multiplying by n_instances 1
2026-06-28 19:19:27 INFO        
2026-06-28 19:19:27 INFO        AREA ESTIMATION for SRAM(technology=45nm, width=32, depth=1, n_rdwr_ports=2, n_banks=1, global_cycle_seconds=5e-10)
2026-06-28 19:19:27 INFO        CactiSRAM estimated 1.649e-11 with accuracy 80%. Messages:
2026-06-28 19:19:27 INFO        | Unused arguments (n_rdwr_ports, global_cycle_seconds) provided for ['SRAM', 'sram'].__init__. Arguments used: (technology, width, depth, n_banks)
2026-06-28 19:19:27 INFO        | Calling CACTI with cache_size=256 n_rw_ports=1 block_size=4 tech_node_um=0.045 n_banks=1 tag_size=0 associativity=1
2026-06-28 19:19:27 INFO        | Calling CACTI with input path /usr/local/share/accelergy/estimation_plug_ins/accelergy-cacti-plug-in/cacti_inputs_outputs/tmp77gyc3db
2026-06-28 19:19:27 INFO        | CACTI output will be written to /usr/local/share/accelergy/estimation_plug_ins/accelergy-cacti-plug-in/cacti_inputs_outputs/tmppkwmafak
2026-06-28 19:19:27 INFO        | CACTI executable not found at /usr/local/share/accelergy/estimation_plug_ins/accelergy-cacti-plug-in/cacti/cacti
2026-06-28 19:19:27 INFO        | Calling: cd /usr/local/share/accelergy/estimation_plug_ins/accelergy-cacti-plug-in ; ./cacti -infile /usr/local/share/accelergy/estimation_plug_ins/accelergy-cacti-plug-in/cacti_inputs_outputs/tmp77gyc3db >> /usr/local/share/accelergy/estimation_plug_ins/accelergy-cacti-plug-in/cacti_inputs_outputs/tmppkwmafak 2>&1
2026-06-28 19:19:27 INFO        | Cache bandwidth: 4.0 bytes/cycle
2026-06-28 19:19:27 INFO        | Cache bandwidth: 65421210374.168434 bits/second
2026-06-28 19:19:27 INFO        | Multiplying by n_instances 1
2026-06-28 19:19:27 INFO        
2026-06-28 19:19:27 INFO        AREA ESTIMATION for intadder(technology=45nm, width=0, global_cycle_seconds=5e-10)
2026-06-28 19:19:27 INFO        Aladdin_table estimated 0.0u^2 with accuracy 70%. Messages:
2026-06-28 19:19:27 INFO        | Multiplying by n_instances 1
2026-06-28 19:19:27 INFO        
2026-06-28 19:19:27 INFO        AREA ESTIMATION for intmac(technology=45nm, datawidth=16, global_cycle_seconds=5e-10)
2026-06-28 19:19:27 INFO        dummy estimated 1u^2 with accuracy 1%. Messages:
2026-06-28 19:19:27 INFO        | Multiplying by n_instances 1
2026-06-28 19:19:27 INFO        Plug-ins provided accuracy, but failed to estimate:
2026-06-28 19:19:27 INFO        | Aladdin_table with accuracy 70% estimating value: KeyError: 'width'
2026-06-28 19:19:27 INFO        
2026-06-28 19:19:27 INFO        AREA ESTIMATION for SRAM(technology=45nm, width=512, depth=2048, n_rdwr_ports=2, n_banks=1, global_cycle_seconds=5e-10)
2026-06-28 19:19:27 INFO        CactiSRAM estimated 3.91346e-07 with accuracy 80%. Messages:
2026-06-28 19:19:27 INFO        | Unused arguments (n_rdwr_ports, global_cycle_seconds) provided for ['SRAM', 'sram'].__init__. Arguments used: (technology, width, depth, n_banks)
2026-06-28 19:19:27 INFO        | Calling CACTI with cache_size=131072 n_rw_ports=1 block_size=64 tech_node_um=0.045 n_banks=1 tag_size=0 associativity=1
2026-06-28 19:19:27 INFO        | Calling CACTI with input path /usr/local/share/accelergy/estimation_plug_ins/accelergy-cacti-plug-in/cacti_inputs_outputs/tmp4kc3udac
2026-06-28 19:19:27 INFO        | CACTI output will be written to /usr/local/share/accelergy/estimation_plug_ins/accelergy-cacti-plug-in/cacti_inputs_outputs/tmp4qmgbunz
2026-06-28 19:19:27 INFO        | CACTI executable not found at /usr/local/share/accelergy/estimation_plug_ins/accelergy-cacti-plug-in/cacti/cacti
2026-06-28 19:19:27 INFO        | Calling: cd /usr/local/share/accelergy/estimation_plug_ins/accelergy-cacti-plug-in ; ./cacti -infile /usr/local/share/accelergy/estimation_plug_ins/accelergy-cacti-plug-in/cacti_inputs_outputs/tmp4kc3udac >> /usr/local/share/accelergy/estimation_plug_ins/accelergy-cacti-plug-in/cacti_inputs_outputs/tmp4qmgbunz 2>&1
2026-06-28 19:19:27 INFO        | Cache bandwidth: 64.0 bytes/cycle
2026-06-28 19:19:27 INFO        | Cache bandwidth: 215697921801.07767 bits/second
2026-06-28 19:19:27 INFO        | Multiplying by n_instances 1
2026-06-28 19:19:27 INFO        
2026-06-28 19:19:27 INFO        AREA ESTIMATION for intadder(technology=45nm, width=7.6246189861593985, global_cycle_seconds=5e-10)
2026-06-28 19:19:27 INFO        Aladdin_table estimated 90.30408111732538u^2 with accuracy 70%. Messages:
2026-06-28 19:19:27 INFO        | Multiplying by n_instances 1
2026-06-28 19:19:27 INFO        flattened architecture is saved to:
2026-06-28 19:19:27 INFO        ./timeloop-mapper.flattened_architecture.yaml
2026-06-28 19:19:27 INFO        energy reference table is saved to:
2026-06-28 19:19:27 INFO        ./timeloop-mapper.ERT.yaml
2026-06-28 19:19:27 INFO        energy reference table summary is saved to:
2026-06-28 19:19:27 INFO        ./timeloop-mapper.ERT_summary.yaml
2026-06-28 19:19:27 WARNING     no runtime energy estimations are generated... not generating energy_estimation.yaml
2026-06-28 19:19:27 INFO        area reference table is saved to:
2026-06-28 19:19:27 INFO        ./timeloop-mapper.ART.yaml
2026-06-28 19:19:27 INFO        area reference table summary is saved to:
2026-06-28 19:19:27 INFO        ./timeloop-mapper.ART_summary.yaml
